Mode,M,N,k,MPI_Ranks,OMP_Threads,Run,ParallelTime,SequentialTime,RelativeError,GFLOPS,SpeedUp
Serial,2000,2000,3,1,1,1,0.008817,0.011851,0.00e+00,2.7219,1.3441
Serial,2000,2000,3,1,1,2,0.008659,0.000000,0.00e+00,2.7717,0.0000
Serial,2000,2000,3,1,1,3,0.008881,0.000000,0.00e+00,2.7023,0.0000
Serial,2000,2000,3,1,1,4,0.009090,0.000000,0.00e+00,2.6403,0.0000
Serial,2000,2000,3,1,1,5,0.008861,0.000000,0.00e+00,2.7086,0.0000
Naive_SMP,2000,2000,3,1,40,1,0.011173,0.012179,0.00e+00,2.1481,1.0900
Naive_SMP,2000,2000,3,1,40,2,0.011404,0.000000,0.00e+00,2.1045,0.0000
Naive_SMP,2000,2000,3,1,40,3,0.011252,0.000000,0.00e+00,2.1330,0.0000
Naive_SMP,2000,2000,3,1,40,4,0.011163,0.000000,0.00e+00,2.1499,0.0000
Naive_SMP,2000,2000,3,1,40,5,0.010808,0.000000,0.00e+00,2.2207,0.0000
Naive_Hybrid,2000,2000,3,2,20,1,0.000726,0.011870,0.00e+00,33.0556,16.3493
Naive_Hybrid,2000,2000,3,2,20,2,0.000726,0.000000,0.00e+00,33.0737,0.0000
Naive_Hybrid,2000,2000,3,2,20,3,0.000740,0.000000,0.00e+00,32.4168,0.0000
Naive_Hybrid,2000,2000,3,2,20,4,0.000647,0.000000,0.00e+00,37.1104,0.0000
Naive_Hybrid,2000,2000,3,2,20,5,0.000660,0.000000,0.00e+00,36.3890,0.0000
Opt_SMP,2000,2000,3,1,40,1,0.008834,0.012120,0.00e+00,2.7169,1.3721
Opt_SMP,2000,2000,3,1,40,2,0.008918,0.000000,0.00e+00,2.6913,0.0000
Opt_SMP,2000,2000,3,1,40,3,0.008997,0.000000,0.00e+00,2.6675,0.0000
Opt_SMP,2000,2000,3,1,40,4,0.008756,0.000000,0.00e+00,2.7410,0.0000
Opt_SMP,2000,2000,3,1,40,5,0.008817,0.000000,0.00e+00,2.7221,0.0000
Opt_Hybrid,2000,2000,3,2,20,1,0.000499,0.012373,0.00e+00,48.0650,24.7802
Opt_Hybrid,2000,2000,3,2,20,2,0.000508,0.000000,0.00e+00,47.2529,0.0000
Opt_Hybrid,2000,2000,3,2,20,3,0.000516,0.000000,0.00e+00,46.5124,0.0000
Opt_Hybrid,2000,2000,3,2,20,4,0.000500,0.000000,0.00e+00,48.0023,0.0000
Opt_Hybrid,2000,2000,3,2,20,5,0.000505,0.000000,0.00e+00,47.5617,0.0000
Opt_Hybrid,2000,2000,3,4,10,1,0.000522,0.012647,4.14e-15,45.9491,24.2128
Opt_Hybrid,2000,2000,3,4,10,2,0.000498,0.000000,0.00e+00,48.1579,0.0000
Opt_Hybrid,2000,2000,3,4,10,3,0.000649,0.000000,0.00e+00,36.9584,0.0000
Opt_Hybrid,2000,2000,3,4,10,4,0.000515,0.000000,0.00e+00,46.6219,0.0000
Opt_Hybrid,2000,2000,3,4,10,5,0.000502,0.000000,0.00e+00,47.8499,0.0000
Opt_Hybrid,2000,2000,3,8,5,1,0.006680,0.013132,4.14e-15,3.5929,1.9658
Opt_Hybrid,2000,2000,3,8,5,2,0.004017,0.000000,0.00e+00,5.9741,0.0000
Opt_Hybrid,2000,2000,3,8,5,3,0.003597,0.000000,0.00e+00,6.6716,0.0000
Opt_Hybrid,2000,2000,3,8,5,4,0.004611,0.000000,0.00e+00,5.2053,0.0000
Opt_Hybrid,2000,2000,3,8,5,5,0.002999,0.000000,0.00e+00,8.0027,0.0000
Serial,2000,2000,6,1,1,1,0.011952,0.016005,0.00e+00,4.0159,1.3391
Serial,2000,2000,6,1,1,2,0.011890,0.000000,0.00e+00,4.0370,0.0000
Serial,2000,2000,6,1,1,3,0.011927,0.000000,0.00e+00,4.0244,0.0000
Serial,2000,2000,6,1,1,4,0.011905,0.000000,0.00e+00,4.0318,0.0000
Serial,2000,2000,6,1,1,5,0.011742,0.000000,0.00e+00,4.0878,0.0000
Naive_SMP,2000,2000,6,1,40,1,0.015069,0.015442,0.00e+00,3.1853,1.0247
Naive_SMP,2000,2000,6,1,40,2,0.014855,0.000000,0.00e+00,3.2313,0.0000
Naive_SMP,2000,2000,6,1,40,3,0.014843,0.000000,0.00e+00,3.2338,0.0000
Naive_SMP,2000,2000,6,1,40,4,0.014927,0.000000,0.00e+00,3.2156,0.0000
Naive_SMP,2000,2000,6,1,40,5,0.015193,0.000000,0.00e+00,3.1593,0.0000
Naive_Hybrid,2000,2000,6,2,20,1,0.000975,0.015550,0.00e+00,49.2484,15.9543
Naive_Hybrid,2000,2000,6,2,20,2,0.000966,0.000000,0.00e+00,49.7117,0.0000
Naive_Hybrid,2000,2000,6,2,20,3,0.000960,0.000000,0.00e+00,50.0140,0.0000
Naive_Hybrid,2000,2000,6,2,20,4,0.000973,0.000000,0.00e+00,49.3519,0.0000
Naive_Hybrid,2000,2000,6,2,20,5,0.001013,0.000000,0.00e+00,47.4068,0.0000
Opt_SMP,2000,2000,6,1,40,1,0.010990,0.015539,0.00e+00,4.3678,1.4140
Opt_SMP,2000,2000,6,1,40,2,0.010925,0.000000,0.00e+00,4.3936,0.0000
Opt_SMP,2000,2000,6,1,40,3,0.010854,0.000000,0.00e+00,4.4224,0.0000
Opt_SMP,2000,2000,6,1,40,4,0.010885,0.000000,0.00e+00,4.4096,0.0000
Opt_SMP,2000,2000,6,1,40,5,0.010973,0.000000,0.00e+00,4.3743,0.0000
Opt_Hybrid,2000,2000,6,2,20,1,0.000701,0.015871,0.00e+00,68.4839,22.6445
Opt_Hybrid,2000,2000,6,2,20,2,0.000729,0.000000,0.00e+00,65.8108,0.0000
Opt_Hybrid,2000,2000,6,2,20,3,0.000701,0.000000,0.00e+00,68.4484,0.0000
Opt_Hybrid,2000,2000,6,2,20,4,0.000717,0.000000,0.00e+00,66.9234,0.0000
Opt_Hybrid,2000,2000,6,2,20,5,0.000708,0.000000,0.00e+00,67.7573,0.0000
Opt_Hybrid,2000,2000,6,4,10,1,0.000709,0.016601,2.95e-15,67.6587,23.4004
Opt_Hybrid,2000,2000,6,4,10,2,0.000714,0.000000,0.00e+00,67.2709,0.0000
Opt_Hybrid,2000,2000,6,4,10,3,0.000716,0.000000,0.00e+00,67.0203,0.0000
Opt_Hybrid,2000,2000,6,4,10,4,0.000711,0.000000,0.00e+00,67.4946,0.0000
Opt_Hybrid,2000,2000,6,4,10,5,0.000703,0.000000,0.00e+00,68.3141,0.0000
Opt_Hybrid,2000,2000,6,8,5,1,0.005021,0.017470,2.95e-15,9.5604,3.4796
Opt_Hybrid,2000,2000,6,8,5,2,0.005073,0.000000,0.00e+00,9.4623,0.0000
Opt_Hybrid,2000,2000,6,8,5,3,0.005181,0.000000,0.00e+00,9.2655,0.0000
Opt_Hybrid,2000,2000,6,8,5,4,0.005093,0.000000,0.00e+00,9.4254,0.0000
Opt_Hybrid,2000,2000,6,8,5,5,0.004506,0.000000,0.00e+00,10.6514,0.0000
Serial,2000,2000,8,1,1,1,0.010941,0.018912,0.00e+00,5.8494,1.7285
Serial,2000,2000,8,1,1,2,0.010952,0.000000,0.00e+00,5.8435,0.0000
Serial,2000,2000,8,1,1,3,0.010892,0.000000,0.00e+00,5.8757,0.0000
Serial,2000,2000,8,1,1,4,0.010816,0.000000,0.00e+00,5.9173,0.0000
Serial,2000,2000,8,1,1,5,0.010775,0.000000,0.00e+00,5.9397,0.0000
Naive_SMP,2000,2000,8,1,40,1,0.017390,0.018939,0.00e+00,3.6804,1.0891
Naive_SMP,2000,2000,8,1,40,2,0.017256,0.000000,0.00e+00,3.7089,0.0000
Naive_SMP,2000,2000,8,1,40,3,0.017791,0.000000,0.00e+00,3.5974,0.0000
Naive_SMP,2000,2000,8,1,40,4,0.017801,0.000000,0.00e+00,3.5953,0.0000
Naive_SMP,2000,2000,8,1,40,5,0.017621,0.000000,0.00e+00,3.6321,0.0000
Naive_Hybrid,2000,2000,8,2,20,1,0.001134,0.019366,0.00e+00,56.4232,17.0730
Naive_Hybrid,2000,2000,8,2,20,2,0.001128,0.000000,0.00e+00,56.7418,0.0000
Naive_Hybrid,2000,2000,8,2,20,3,0.001128,0.000000,0.00e+00,56.7160,0.0000
Naive_Hybrid,2000,2000,8,2,20,4,0.001123,0.000000,0.00e+00,56.9971,0.0000
Naive_Hybrid,2000,2000,8,2,20,5,0.001126,0.000000,0.00e+00,56.8594,0.0000
Opt_SMP,2000,2000,8,1,40,1,0.009041,0.018672,0.00e+00,7.0786,2.0651
Opt_SMP,2000,2000,8,1,40,2,0.009092,0.000000,0.00e+00,7.0390,0.0000
Opt_SMP,2000,2000,8,1,40,3,0.009186,0.000000,0.00e+00,6.9670,0.0000
Opt_SMP,2000,2000,8,1,40,4,0.009447,0.000000,0.00e+00,6.7750,0.0000
Opt_SMP,2000,2000,8,1,40,5,0.009346,0.000000,0.00e+00,6.8477,0.0000
Opt_Hybrid,2000,2000,8,2,20,1,0.000585,0.019396,0.00e+00,109.4331,33.1656
Opt_Hybrid,2000,2000,8,2,20,2,0.000576,0.000000,0.00e+00,111.1678,0.0000
Opt_Hybrid,2000,2000,8,2,20,3,0.000582,0.000000,0.00e+00,109.9549,0.0000
Opt_Hybrid,2000,2000,8,2,20,4,0.000576,0.000000,0.00e+00,111.1854,0.0000
Opt_Hybrid,2000,2000,8,2,20,5,0.000577,0.000000,0.00e+00,110.9450,0.0000
Opt_Hybrid,2000,2000,8,4,10,1,0.000582,0.019144,3.35e-15,109.9895,32.9001
Opt_Hybrid,2000,2000,8,4,10,2,0.000589,0.000000,0.00e+00,108.6920,0.0000
Opt_Hybrid,2000,2000,8,4,10,3,0.000590,0.000000,0.00e+00,108.4523,0.0000
Opt_Hybrid,2000,2000,8,4,10,4,0.000586,0.000000,0.00e+00,109.2038,0.0000
Opt_Hybrid,2000,2000,8,4,10,5,0.000591,0.000000,0.00e+00,108.3339,0.0000
Opt_Hybrid,2000,2000,8,8,5,1,0.003847,0.020375,3.35e-15,16.6368,5.2964
Opt_Hybrid,2000,2000,8,8,5,2,0.004093,0.000000,0.00e+00,15.6373,0.0000
Opt_Hybrid,2000,2000,8,8,5,3,0.002599,0.000000,0.00e+00,24.6280,0.0000
Opt_Hybrid,2000,2000,8,8,5,4,0.003198,0.000000,0.00e+00,20.0119,0.0000
Opt_Hybrid,2000,2000,8,8,5,5,0.004275,0.000000,0.00e+00,14.9710,0.0000
Serial,2000,2000,20,1,1,1,0.019115,0.040026,0.00e+00,8.3706,2.0940
Serial,2000,2000,20,1,1,2,0.019499,0.000000,0.00e+00,8.2054,0.0000
Serial,2000,2000,20,1,1,3,0.019376,0.000000,0.00e+00,8.2578,0.0000
Serial,2000,2000,20,1,1,4,0.019537,0.000000,0.00e+00,8.1897,0.0000
Serial,2000,2000,20,1,1,5,0.019407,0.000000,0.00e+00,8.2443,0.0000
Naive_SMP,2000,2000,20,1,40,1,0.035218,0.040438,0.00e+00,4.5432,1.1482
Naive_SMP,2000,2000,20,1,40,2,0.034536,0.000000,0.00e+00,4.6328,0.0000
Naive_SMP,2000,2000,20,1,40,3,0.034187,0.000000,0.00e+00,4.6801,0.0000
Naive_SMP,2000,2000,20,1,40,4,0.033788,0.000000,0.00e+00,4.7354,0.0000
Naive_SMP,2000,2000,20,1,40,5,0.034108,0.000000,0.00e+00,4.6910,0.0000
Naive_Hybrid,2000,2000,20,2,20,1,0.002224,0.039908,0.00e+00,71.9365,17.9429
Naive_Hybrid,2000,2000,20,2,20,2,0.002232,0.000000,0.00e+00,71.6981,0.0000
Naive_Hybrid,2000,2000,20,2,20,3,0.002227,0.000000,0.00e+00,71.8528,0.0000
Naive_Hybrid,2000,2000,20,2,20,4,0.002219,0.000000,0.00e+00,72.1199,0.0000
Naive_Hybrid,2000,2000,20,2,20,5,0.002245,0.000000,0.00e+00,71.2651,0.0000
Opt_SMP,2000,2000,20,1,40,1,0.018653,0.039978,0.00e+00,8.5779,2.1433
Opt_SMP,2000,2000,20,1,40,2,0.018573,0.000000,0.00e+00,8.6148,0.0000
Opt_SMP,2000,2000,20,1,40,3,0.018624,0.000000,0.00e+00,8.5912,0.0000
Opt_SMP,2000,2000,20,1,40,4,0.018817,0.000000,0.00e+00,8.5028,0.0000
Opt_SMP,2000,2000,20,1,40,5,0.019194,0.000000,0.00e+00,8.3360,0.0000
Opt_Hybrid,2000,2000,20,2,20,1,0.001216,0.040077,0.00e+00,131.5551,32.9517
Opt_Hybrid,2000,2000,20,2,20,2,0.001217,0.000000,0.00e+00,131.5160,0.0000
Opt_Hybrid,2000,2000,20,2,20,3,0.001360,0.000000,0.00e+00,117.6532,0.0000
Opt_Hybrid,2000,2000,20,2,20,4,0.001206,0.000000,0.00e+00,132.7037,0.0000
Opt_Hybrid,2000,2000,20,2,20,5,0.001215,0.000000,0.00e+00,131.6964,0.0000
Opt_Hybrid,2000,2000,20,4,10,1,0.001214,0.041049,3.19e-15,131.7418,33.7994
Opt_Hybrid,2000,2000,20,4,10,2,0.001210,0.000000,0.00e+00,132.2234,0.0000
Opt_Hybrid,2000,2000,20,4,10,3,0.001205,0.000000,0.00e+00,132.7602,0.0000
Opt_Hybrid,2000,2000,20,4,10,4,0.001214,0.000000,0.00e+00,131.7784,0.0000
Opt_Hybrid,2000,2000,20,4,10,5,0.001206,0.000000,0.00e+00,132.7031,0.0000
Opt_Hybrid,2000,2000,20,8,5,1,0.005199,0.044904,3.19e-15,30.7723,8.6363
Opt_Hybrid,2000,2000,20,8,5,2,0.005860,0.000000,0.00e+00,27.3037,0.0000
Opt_Hybrid,2000,2000,20,8,5,3,0.004894,0.000000,0.00e+00,32.6949,0.0000
Opt_Hybrid,2000,2000,20,8,5,4,0.007318,0.000000,0.00e+00,21.8644,0.0000
Opt_Hybrid,2000,2000,20,8,5,5,0.005199,0.000000,0.00e+00,30.7771,0.0000
Serial,2000,2000,32,1,1,1,0.028505,0.059707,0.00e+00,8.9810,2.0946
Serial,2000,2000,32,1,1,2,0.028807,0.000000,0.00e+00,8.8869,0.0000
Serial,2000,2000,32,1,1,3,0.028512,0.000000,0.00e+00,8.9787,0.0000
Serial,2000,2000,32,1,1,4,0.028267,0.000000,0.00e+00,9.0565,0.0000
Serial,2000,2000,32,1,1,5,0.028543,0.000000,0.00e+00,8.9688,0.0000
Naive_SMP,2000,2000,32,1,40,1,0.051576,0.059779,0.00e+00,4.9636,1.1591
Naive_SMP,2000,2000,32,1,40,2,0.050585,0.000000,0.00e+00,5.0608,0.0000
Naive_SMP,2000,2000,32,1,40,3,0.050049,0.000000,0.00e+00,5.1150,0.0000
Naive_SMP,2000,2000,32,1,40,4,0.050228,0.000000,0.00e+00,5.0968,0.0000
Naive_SMP,2000,2000,32,1,40,5,0.050299,0.000000,0.00e+00,5.0895,0.0000
Naive_Hybrid,2000,2000,32,2,20,1,0.003355,0.060702,0.00e+00,76.2959,18.0909
Naive_Hybrid,2000,2000,32,2,20,2,0.003349,0.000000,0.00e+00,76.4401,0.0000
Naive_Hybrid,2000,2000,32,2,20,3,0.003349,0.000000,0.00e+00,76.4338,0.0000
Naive_Hybrid,2000,2000,32,2,20,4,0.003346,0.000000,0.00e+00,76.4995,0.0000
Naive_Hybrid,2000,2000,32,2,20,5,0.003351,0.000000,0.00e+00,76.4020,0.0000
Opt_SMP,2000,2000,32,1,40,1,0.028075,0.060296,0.00e+00,9.1183,2.1477
Opt_SMP,2000,2000,32,1,40,2,0.027786,0.000000,0.00e+00,9.2132,0.0000
Opt_SMP,2000,2000,32,1,40,3,0.028249,0.000000,0.00e+00,9.0623,0.0000
Opt_SMP,2000,2000,32,1,40,4,0.027785,0.000000,0.00e+00,9.2136,0.0000
Opt_SMP,2000,2000,32,1,40,5,0.027861,0.000000,0.00e+00,9.1884,0.0000
Opt_Hybrid,2000,2000,32,2,20,1,0.001921,0.061218,0.00e+00,133.2710,31.8696
Opt_Hybrid,2000,2000,32,2,20,2,0.001922,0.000000,0.00e+00,133.1629,0.0000
Opt_Hybrid,2000,2000,32,2,20,3,0.001914,0.000000,0.00e+00,133.7578,0.0000
Opt_Hybrid,2000,2000,32,2,20,4,0.001897,0.000000,0.00e+00,134.9753,0.0000
Opt_Hybrid,2000,2000,32,2,20,5,0.001917,0.000000,0.00e+00,133.5391,0.0000
Opt_Hybrid,2000,2000,32,4,10,1,0.001892,0.066581,2.49e-15,135.2849,35.1854
Opt_Hybrid,2000,2000,32,4,10,2,0.001894,0.000000,0.00e+00,135.1951,0.0000
Opt_Hybrid,2000,2000,32,4,10,3,0.001884,0.000000,0.00e+00,135.8948,0.0000
Opt_Hybrid,2000,2000,32,4,10,4,0.001889,0.000000,0.00e+00,135.4959,0.0000
Opt_Hybrid,2000,2000,32,4,10,5,0.001875,0.000000,0.00e+00,136.5217,0.0000
Opt_Hybrid,2000,2000,32,8,5,1,0.006496,0.062597,2.49e-15,39.4112,9.6368
Opt_Hybrid,2000,2000,32,8,5,2,0.006346,0.000000,0.00e+00,40.3432,0.0000
Opt_Hybrid,2000,2000,32,8,5,3,0.008990,0.000000,0.00e+00,28.4767,0.0000
Opt_Hybrid,2000,2000,32,8,5,4,0.007236,0.000000,0.00e+00,35.3774,0.0000
Opt_Hybrid,2000,2000,32,8,5,5,0.007059,0.000000,0.00e+00,36.2643,0.0000
Serial,4000,4000,3,1,1,1,0.034793,0.049093,0.00e+00,2.7591,1.4110
Serial,4000,4000,3,1,1,2,0.034964,0.000000,0.00e+00,2.7457,0.0000
Serial,4000,4000,3,1,1,3,0.034805,0.000000,0.00e+00,2.7582,0.0000
Serial,4000,4000,3,1,1,4,0.035262,0.000000,0.00e+00,2.7225,0.0000
Serial,4000,4000,3,1,1,5,0.034785,0.000000,0.00e+00,2.7598,0.0000
Naive_SMP,4000,4000,3,1,40,1,0.042833,0.047553,0.00e+00,2.2413,1.1102
Naive_SMP,4000,4000,3,1,40,2,0.044093,0.000000,0.00e+00,2.1772,0.0000
Naive_SMP,4000,4000,3,1,40,3,0.044020,0.000000,0.00e+00,2.1808,0.0000
Naive_SMP,4000,4000,3,1,40,4,0.043959,0.000000,0.00e+00,2.1839,0.0000
Naive_SMP,4000,4000,3,1,40,5,0.043969,0.000000,0.00e+00,2.1834,0.0000
Naive_Hybrid,4000,4000,3,2,20,1,0.002608,0.047559,0.00e+00,36.8070,18.2344
Naive_Hybrid,4000,4000,3,2,20,2,0.002588,0.000000,0.00e+00,37.0963,0.0000
Naive_Hybrid,4000,4000,3,2,20,3,0.002579,0.000000,0.00e+00,37.2260,0.0000
Naive_Hybrid,4000,4000,3,2,20,4,0.002592,0.000000,0.00e+00,37.0381,0.0000
Naive_Hybrid,4000,4000,3,2,20,5,0.002621,0.000000,0.00e+00,36.6320,0.0000
Opt_SMP,4000,4000,3,1,40,1,0.034610,0.047640,0.00e+00,2.7738,1.3765
Opt_SMP,4000,4000,3,1,40,2,0.034641,0.000000,0.00e+00,2.7713,0.0000
Opt_SMP,4000,4000,3,1,40,3,0.034119,0.000000,0.00e+00,2.8137,0.0000
Opt_SMP,4000,4000,3,1,40,4,0.034514,0.000000,0.00e+00,2.7815,0.0000
Opt_SMP,4000,4000,3,1,40,5,0.034157,0.000000,0.00e+00,2.8106,0.0000
Opt_Hybrid,4000,4000,3,2,20,1,0.002103,0.047912,0.00e+00,45.6589,22.7878
Opt_Hybrid,4000,4000,3,2,20,2,0.002097,0.000000,0.00e+00,45.7693,0.0000
Opt_Hybrid,4000,4000,3,2,20,3,0.002075,0.000000,0.00e+00,46.2636,0.0000
Opt_Hybrid,4000,4000,3,2,20,4,0.002074,0.000000,0.00e+00,46.2931,0.0000
Opt_Hybrid,4000,4000,3,2,20,5,0.002105,0.000000,0.00e+00,45.6072,0.0000
Opt_Hybrid,4000,4000,3,4,10,1,0.002075,0.050785,1.25e-15,46.2563,24.4703
Opt_Hybrid,4000,4000,3,4,10,2,0.002103,0.000000,0.00e+00,45.6512,0.0000
Opt_Hybrid,4000,4000,3,4,10,3,0.002115,0.000000,0.00e+00,45.3972,0.0000
Opt_Hybrid,4000,4000,3,4,10,4,0.002094,0.000000,0.00e+00,45.8520,0.0000
Opt_Hybrid,4000,4000,3,4,10,5,0.002124,0.000000,0.00e+00,45.1878,0.0000
Opt_Hybrid,4000,4000,3,8,5,1,0.007704,0.050241,1.25e-15,12.4603,6.5210
Opt_Hybrid,4000,4000,3,8,5,2,0.007783,0.000000,0.00e+00,12.3342,0.0000
Opt_Hybrid,4000,4000,3,8,5,3,0.008987,0.000000,0.00e+00,10.6821,0.0000
Opt_Hybrid,4000,4000,3,8,5,4,0.007861,0.000000,0.00e+00,12.2119,0.0000
Opt_Hybrid,4000,4000,3,8,5,5,0.006248,0.000000,0.00e+00,15.3648,0.0000
Serial,4000,4000,6,1,1,1,0.047517,0.062861,0.00e+00,4.0407,1.3229
Serial,4000,4000,6,1,1,2,0.047259,0.000000,0.00e+00,4.0627,0.0000
Serial,4000,4000,6,1,1,3,0.047118,0.000000,0.00e+00,4.0749,0.0000
Serial,4000,4000,6,1,1,4,0.046970,0.000000,0.00e+00,4.0877,0.0000
Serial,4000,4000,6,1,1,5,0.047200,0.000000,0.00e+00,4.0678,0.0000
Naive_SMP,4000,4000,6,1,40,1,0.059773,0.063002,0.00e+00,3.2121,1.0540
Naive_SMP,4000,4000,6,1,40,2,0.061126,0.000000,0.00e+00,3.1411,0.0000
Naive_SMP,4000,4000,6,1,40,3,0.061069,0.000000,0.00e+00,3.1440,0.0000
Naive_SMP,4000,4000,6,1,40,4,0.061250,0.000000,0.00e+00,3.1347,0.0000
Naive_SMP,4000,4000,6,1,40,5,0.060604,0.000000,0.00e+00,3.1681,0.0000
Naive_Hybrid,4000,4000,6,2,20,1,0.003851,0.063032,0.00e+00,49.8610,16.3690
Naive_Hybrid,4000,4000,6,2,20,2,0.003867,0.000000,0.00e+00,49.6534,0.0000
Naive_Hybrid,4000,4000,6,2,20,3,0.003858,0.000000,0.00e+00,49.7696,0.0000
Naive_Hybrid,4000,4000,6,2,20,4,0.003858,0.000000,0.00e+00,49.7647,0.0000
Naive_Hybrid,4000,4000,6,2,20,5,0.003855,0.000000,0.00e+00,49.8116,0.0000
Opt_SMP,4000,4000,6,1,40,1,0.044398,0.063285,0.00e+00,4.3245,1.4254
Opt_SMP,4000,4000,6,1,40,2,0.045081,0.000000,0.00e+00,4.2590,0.0000
Opt_SMP,4000,4000,6,1,40,3,0.044582,0.000000,0.00e+00,4.3066,0.0000
Opt_SMP,4000,4000,6,1,40,4,0.044595,0.000000,0.00e+00,4.3055,0.0000
Opt_SMP,4000,4000,6,1,40,5,0.045194,0.000000,0.00e+00,4.2483,0.0000
Opt_Hybrid,4000,4000,6,2,20,1,0.002892,0.063314,0.00e+00,66.3811,21.8900
Opt_Hybrid,4000,4000,6,2,20,2,0.002878,0.000000,0.00e+00,66.7226,0.0000
Opt_Hybrid,4000,4000,6,2,20,3,0.002880,0.000000,0.00e+00,66.6648,0.0000
Opt_Hybrid,4000,4000,6,2,20,4,0.002867,0.000000,0.00e+00,66.9591,0.0000
Opt_Hybrid,4000,4000,6,2,20,5,0.002876,0.000000,0.00e+00,66.7565,0.0000
Opt_Hybrid,4000,4000,6,4,10,1,0.002824,0.063576,7.94e-15,67.9794,22.5095
Opt_Hybrid,4000,4000,6,4,10,2,0.002883,0.000000,0.00e+00,66.6088,0.0000
Opt_Hybrid,4000,4000,6,4,10,3,0.002846,0.000000,0.00e+00,67.4689,0.0000
Opt_Hybrid,4000,4000,6,4,10,4,0.002923,0.000000,0.00e+00,65.6830,0.0000
Opt_Hybrid,4000,4000,6,4,10,5,0.002921,0.000000,0.00e+00,65.7261,0.0000
Opt_Hybrid,4000,4000,6,8,5,1,0.010898,0.066355,7.94e-15,17.6178,6.0887
Opt_Hybrid,4000,4000,6,8,5,2,0.008121,0.000000,0.00e+00,23.6421,0.0000
Opt_Hybrid,4000,4000,6,8,5,3,0.008320,0.000000,0.00e+00,23.0767,0.0000
Opt_Hybrid,4000,4000,6,8,5,4,0.010011,0.000000,0.00e+00,19.1792,0.0000
Opt_Hybrid,4000,4000,6,8,5,5,0.009407,0.000000,0.00e+00,20.4100,0.0000
Serial,4000,4000,8,1,1,1,0.043867,0.074891,0.00e+00,5.8358,1.7072
Serial,4000,4000,8,1,1,2,0.043381,0.000000,0.00e+00,5.9012,0.0000
Serial,4000,4000,8,1,1,3,0.043435,0.000000,0.00e+00,5.8939,0.0000
Serial,4000,4000,8,1,1,4,0.043493,0.000000,0.00e+00,5.8860,0.0000
Serial,4000,4000,8,1,1,5,0.043182,0.000000,0.00e+00,5.9284,0.0000
Naive_SMP,4000,4000,8,1,40,1,0.068528,0.074900,0.00e+00,3.7357,1.0930
Naive_SMP,4000,4000,8,1,40,2,0.067882,0.000000,0.00e+00,3.7712,0.0000
Naive_SMP,4000,4000,8,1,40,3,0.068348,0.000000,0.00e+00,3.7455,0.0000
Naive_SMP,4000,4000,8,1,40,4,0.068426,0.000000,0.00e+00,3.7412,0.0000
Naive_SMP,4000,4000,8,1,40,5,0.071714,0.000000,0.00e+00,3.5698,0.0000
Naive_Hybrid,4000,4000,8,2,20,1,0.004521,0.075868,0.00e+00,56.6191,16.7796
Naive_Hybrid,4000,4000,8,2,20,2,0.004572,0.000000,0.00e+00,55.9987,0.0000
Naive_Hybrid,4000,4000,8,2,20,3,0.004522,0.000000,0.00e+00,56.6133,0.0000
Naive_Hybrid,4000,4000,8,2,20,4,0.004648,0.000000,0.00e+00,55.0803,0.0000
Naive_Hybrid,4000,4000,8,2,20,5,0.004529,0.000000,0.00e+00,56.5216,0.0000
Opt_SMP,4000,4000,8,1,40,1,0.035595,0.075413,0.00e+00,7.1920,2.1186
Opt_SMP,4000,4000,8,1,40,2,0.035755,0.000000,0.00e+00,7.1598,0.0000
Opt_SMP,4000,4000,8,1,40,3,0.035675,0.000000,0.00e+00,7.1759,0.0000
Opt_SMP,4000,4000,8,1,40,4,0.036803,0.000000,0.00e+00,6.9559,0.0000
Opt_SMP,4000,4000,8,1,40,5,0.037215,0.000000,0.00e+00,6.8790,0.0000
Opt_Hybrid,4000,4000,8,2,20,1,0.002422,0.076154,0.00e+00,105.7044,31.4445
Opt_Hybrid,4000,4000,8,2,20,2,0.002455,0.000000,0.00e+00,104.2938,0.0000
Opt_Hybrid,4000,4000,8,2,20,3,0.002423,0.000000,0.00e+00,105.6359,0.0000
Opt_Hybrid,4000,4000,8,2,20,4,0.002497,0.000000,0.00e+00,102.5157,0.0000
Opt_Hybrid,4000,4000,8,2,20,5,0.002502,0.000000,0.00e+00,102.3219,0.0000
Opt_Hybrid,4000,4000,8,4,10,1,0.002447,0.080260,5.05e-15,104.6308,32.8034
Opt_Hybrid,4000,4000,8,4,10,2,0.002449,0.000000,0.00e+00,104.5391,0.0000
Opt_Hybrid,4000,4000,8,4,10,3,0.002370,0.000000,0.00e+00,108.0317,0.0000
Opt_Hybrid,4000,4000,8,4,10,4,0.002361,0.000000,0.00e+00,108.4306,0.0000
Opt_Hybrid,4000,4000,8,4,10,5,0.002377,0.000000,0.00e+00,107.6908,0.0000
Opt_Hybrid,4000,4000,8,8,5,1,0.007628,0.082468,5.05e-15,33.5603,10.8111
Opt_Hybrid,4000,4000,8,8,5,2,0.009957,0.000000,0.00e+00,25.7101,0.0000
Opt_Hybrid,4000,4000,8,8,5,3,0.009629,0.000000,0.00e+00,26.5876,0.0000
Opt_Hybrid,4000,4000,8,8,5,4,0.008920,0.000000,0.00e+00,28.7006,0.0000
Opt_Hybrid,4000,4000,8,8,5,5,0.007778,0.000000,0.00e+00,32.9137,0.0000
Serial,4000,4000,20,1,1,1,0.077900,0.163516,0.00e+00,8.2157,2.0991
Serial,4000,4000,20,1,1,2,0.078221,0.000000,0.00e+00,8.1819,0.0000
Serial,4000,4000,20,1,1,3,0.076825,0.000000,0.00e+00,8.3306,0.0000
Serial,4000,4000,20,1,1,4,0.079576,0.000000,0.00e+00,8.0427,0.0000
Serial,4000,4000,20,1,1,5,0.077728,0.000000,0.00e+00,8.2338,0.0000
Naive_SMP,4000,4000,20,1,40,1,0.140078,0.163063,0.00e+00,4.5689,1.1641
Naive_SMP,4000,4000,20,1,40,2,0.139744,0.000000,0.00e+00,4.5798,0.0000
Naive_SMP,4000,4000,20,1,40,3,0.139491,0.000000,0.00e+00,4.5881,0.0000
Naive_SMP,4000,4000,20,1,40,4,0.135888,0.000000,0.00e+00,4.7098,0.0000
Naive_SMP,4000,4000,20,1,40,5,0.135245,0.000000,0.00e+00,4.7322,0.0000
Naive_Hybrid,4000,4000,20,2,20,1,0.009043,0.161638,0.00e+00,70.7761,17.8752
Naive_Hybrid,4000,4000,20,2,20,2,0.008885,0.000000,0.00e+00,72.0289,0.0000
Naive_Hybrid,4000,4000,20,2,20,3,0.008956,0.000000,0.00e+00,71.4616,0.0000
Naive_Hybrid,4000,4000,20,2,20,4,0.009070,0.000000,0.00e+00,70.5643,0.0000
Naive_Hybrid,4000,4000,20,2,20,5,0.008934,0.000000,0.00e+00,71.6359,0.0000
Opt_SMP,4000,4000,20,1,40,1,0.072912,0.160463,0.00e+00,8.7777,2.2008
Opt_SMP,4000,4000,20,1,40,2,0.072776,0.000000,0.00e+00,8.7941,0.0000
Opt_SMP,4000,4000,20,1,40,3,0.071900,0.000000,0.00e+00,8.9013,0.0000
Opt_SMP,4000,4000,20,1,40,4,0.072154,0.000000,0.00e+00,8.8699,0.0000
Opt_SMP,4000,4000,20,1,40,5,0.073804,0.000000,0.00e+00,8.6716,0.0000
Opt_Hybrid,4000,4000,20,2,20,1,0.004937,0.164008,0.00e+00,129.6317,33.2198
Opt_Hybrid,4000,4000,20,2,20,2,0.004860,0.000000,0.00e+00,131.6821,0.0000
Opt_Hybrid,4000,4000,20,2,20,3,0.005200,0.000000,0.00e+00,123.0756,0.0000
Opt_Hybrid,4000,4000,20,2,20,4,0.004836,0.000000,0.00e+00,132.3409,0.0000
Opt_Hybrid,4000,4000,20,2,20,5,0.004895,0.000000,0.00e+00,130.7371,0.0000
Opt_Hybrid,4000,4000,20,4,10,1,0.004834,0.163326,6.83e-15,132.4090,33.7903
Opt_Hybrid,4000,4000,20,4,10,2,0.004877,0.000000,0.00e+00,131.2301,0.0000
Opt_Hybrid,4000,4000,20,4,10,3,0.004827,0.000000,0.00e+00,132.5905,0.0000
Opt_Hybrid,4000,4000,20,4,10,4,0.004916,0.000000,0.00e+00,130.1904,0.0000
Opt_Hybrid,4000,4000,20,4,10,5,0.004829,0.000000,0.00e+00,132.5390,0.0000
Opt_Hybrid,4000,4000,20,8,5,1,0.013699,0.174515,6.83e-15,46.7191,12.7393
Opt_Hybrid,4000,4000,20,8,5,2,0.011615,0.000000,0.00e+00,55.1031,0.0000
Opt_Hybrid,4000,4000,20,8,5,3,0.013300,0.000000,0.00e+00,48.1215,0.0000
Opt_Hybrid,4000,4000,20,8,5,4,0.013599,0.000000,0.00e+00,47.0612,0.0000
Opt_Hybrid,4000,4000,20,8,5,5,0.013270,0.000000,0.00e+00,48.2273,0.0000
Serial,4000,4000,32,1,1,1,0.146302,0.244797,0.00e+00,6.9992,1.6732
Serial,4000,4000,32,1,1,2,0.141260,0.000000,0.00e+00,7.2491,0.0000
Serial,4000,4000,32,1,1,3,0.139840,0.000000,0.00e+00,7.3227,0.0000
Serial,4000,4000,32,1,1,4,0.145334,0.000000,0.00e+00,7.0458,0.0000
Serial,4000,4000,32,1,1,5,0.155241,0.000000,0.00e+00,6.5962,0.0000
Naive_SMP,4000,4000,32,1,40,1,0.202769,0.246142,0.00e+00,5.0501,1.2139
Naive_SMP,4000,4000,32,1,40,2,0.201081,0.000000,0.00e+00,5.0925,0.0000
Naive_SMP,4000,4000,32,1,40,3,0.204792,0.000000,0.00e+00,5.0002,0.0000
Naive_SMP,4000,4000,32,1,40,4,0.208590,0.000000,0.00e+00,4.9092,0.0000
Naive_SMP,4000,4000,32,1,40,5,0.208528,0.000000,0.00e+00,4.9106,0.0000
Naive_Hybrid,4000,4000,32,2,20,1,0.013733,0.249619,0.00e+00,74.5673,18.1772
Naive_Hybrid,4000,4000,32,2,20,2,0.013989,0.000000,0.00e+00,73.2020,0.0000
Naive_Hybrid,4000,4000,32,2,20,3,0.013691,0.000000,0.00e+00,74.7940,0.0000
Naive_Hybrid,4000,4000,32,2,20,4,0.013945,0.000000,0.00e+00,73.4333,0.0000
Naive_Hybrid,4000,4000,32,2,20,5,0.013784,0.000000,0.00e+00,74.2892,0.0000
Opt_SMP,4000,4000,32,1,40,1,0.118319,0.241686,0.00e+00,8.6546,2.0427
Opt_SMP,4000,4000,32,1,40,2,0.120022,0.000000,0.00e+00,8.5318,0.0000
Opt_SMP,4000,4000,32,1,40,3,0.124414,0.000000,0.00e+00,8.2306,0.0000
Opt_SMP,4000,4000,32,1,40,4,0.122484,0.000000,0.00e+00,8.3603,0.0000
Opt_SMP,4000,4000,32,1,40,5,0.122695,0.000000,0.00e+00,8.3459,0.0000
Opt_Hybrid,4000,4000,32,2,20,1,0.007546,0.257672,0.00e+00,135.6930,34.1448
Opt_Hybrid,4000,4000,32,2,20,2,0.007424,0.000000,0.00e+00,137.9299,0.0000
Opt_Hybrid,4000,4000,32,2,20,3,0.007406,0.000000,0.00e+00,138.2592,0.0000
Opt_Hybrid,4000,4000,32,2,20,4,0.007651,0.000000,0.00e+00,133.8376,0.0000
Opt_Hybrid,4000,4000,32,2,20,5,0.007686,0.000000,0.00e+00,133.2327,0.0000
Opt_Hybrid,4000,4000,32,4,10,1,0.008037,0.278848,4.94e-15,127.4116,34.6958
Opt_Hybrid,4000,4000,32,4,10,2,0.008995,0.000000,0.00e+00,113.8441,0.0000
Opt_Hybrid,4000,4000,32,4,10,3,0.008290,0.000000,0.00e+00,123.5297,0.0000
Opt_Hybrid,4000,4000,32,4,10,4,0.008171,0.000000,0.00e+00,125.3274,0.0000
Opt_Hybrid,4000,4000,32,4,10,5,0.008083,0.000000,0.00e+00,126.6881,0.0000
Opt_Hybrid,4000,4000,32,8,5,1,0.021088,0.259981,4.94e-15,48.5577,12.3282
Opt_Hybrid,4000,4000,32,8,5,2,0.021679,0.000000,0.00e+00,47.2354,0.0000
Opt_Hybrid,4000,4000,32,8,5,3,0.018199,0.000000,0.00e+00,56.2659,0.0000
Opt_Hybrid,4000,4000,32,8,5,4,0.021570,0.000000,0.00e+00,47.4741,0.0000
Opt_Hybrid,4000,4000,32,8,5,5,0.021699,0.000000,0.00e+00,47.1913,0.0000
Serial,8000,8000,3,1,1,1,0.139606,0.193144,0.00e+00,2.7506,1.3835
Serial,8000,8000,3,1,1,2,0.139415,0.000000,0.00e+00,2.7544,0.0000
Serial,8000,8000,3,1,1,3,0.140088,0.000000,0.00e+00,2.7411,0.0000
Serial,8000,8000,3,1,1,4,0.141331,0.000000,0.00e+00,2.7170,0.0000
Serial,8000,8000,3,1,1,5,0.142036,0.000000,0.00e+00,2.7035,0.0000
Naive_SMP,8000,8000,3,1,40,1,0.176817,0.194866,0.00e+00,2.1717,1.1021
Naive_SMP,8000,8000,3,1,40,2,0.176237,0.000000,0.00e+00,2.1789,0.0000
Naive_SMP,8000,8000,3,1,40,3,0.177211,0.000000,0.00e+00,2.1669,0.0000
Naive_SMP,8000,8000,3,1,40,4,0.170865,0.000000,0.00e+00,2.2474,0.0000
Naive_SMP,8000,8000,3,1,40,5,0.170272,0.000000,0.00e+00,2.2552,0.0000
Naive_Hybrid,8000,8000,3,2,20,1,0.010291,0.190897,0.00e+00,37.3137,18.5497
Naive_Hybrid,8000,8000,3,2,20,2,0.010317,0.000000,0.00e+00,37.2188,0.0000
Naive_Hybrid,8000,8000,3,2,20,3,0.010407,0.000000,0.00e+00,36.8999,0.0000
Naive_Hybrid,8000,8000,3,2,20,4,0.010345,0.000000,0.00e+00,37.1178,0.0000
Naive_Hybrid,8000,8000,3,2,20,5,0.010269,0.000000,0.00e+00,37.3957,0.0000
Opt_SMP,8000,8000,3,1,40,1,0.135009,0.192241,0.00e+00,2.8443,1.4239
Opt_SMP,8000,8000,3,1,40,2,0.134457,0.000000,0.00e+00,2.8559,0.0000
Opt_SMP,8000,8000,3,1,40,3,0.136210,0.000000,0.00e+00,2.8192,0.0000
Opt_SMP,8000,8000,3,1,40,4,0.138289,0.000000,0.00e+00,2.7768,0.0000
Opt_SMP,8000,8000,3,1,40,5,0.139486,0.000000,0.00e+00,2.7530,0.0000
Opt_Hybrid,8000,8000,3,2,20,1,0.008239,0.191720,0.00e+00,46.6066,23.2693
Opt_Hybrid,8000,8000,3,2,20,2,0.008176,0.000000,0.00e+00,46.9645,0.0000
Opt_Hybrid,8000,8000,3,2,20,3,0.008178,0.000000,0.00e+00,46.9539,0.0000
Opt_Hybrid,8000,8000,3,2,20,4,0.008224,0.000000,0.00e+00,46.6910,0.0000
Opt_Hybrid,8000,8000,3,2,20,5,0.008197,0.000000,0.00e+00,46.8488,0.0000
Opt_Hybrid,8000,8000,3,4,10,1,0.008081,0.202951,9.72e-15,47.5161,25.1132
Opt_Hybrid,8000,8000,3,4,10,2,0.008169,0.000000,0.00e+00,47.0058,0.0000
Opt_Hybrid,8000,8000,3,4,10,3,0.008171,0.000000,0.00e+00,46.9972,0.0000
Opt_Hybrid,8000,8000,3,4,10,4,0.008110,0.000000,0.00e+00,47.3471,0.0000
Opt_Hybrid,8000,8000,3,4,10,5,0.008118,0.000000,0.00e+00,47.3046,0.0000
Opt_Hybrid,8000,8000,3,8,5,1,0.022672,0.203320,9.72e-15,16.9374,8.9680
Opt_Hybrid,8000,8000,3,8,5,2,0.024699,0.000000,0.00e+00,15.5474,0.0000
Opt_Hybrid,8000,8000,3,8,5,3,0.022199,0.000000,0.00e+00,17.2984,0.0000
Opt_Hybrid,8000,8000,3,8,5,4,0.021273,0.000000,0.00e+00,18.0508,0.0000
Opt_Hybrid,8000,8000,3,8,5,5,0.021708,0.000000,0.00e+00,17.6897,0.0000
Serial,8000,8000,6,1,1,1,0.189266,0.251260,0.00e+00,4.0578,1.3275
Serial,8000,8000,6,1,1,2,0.187637,0.000000,0.00e+00,4.0930,0.0000
Serial,8000,8000,6,1,1,3,0.188184,0.000000,0.00e+00,4.0811,0.0000
Serial,8000,8000,6,1,1,4,0.191788,0.000000,0.00e+00,4.0044,0.0000
Serial,8000,8000,6,1,1,5,0.191173,0.000000,0.00e+00,4.0173,0.0000
Naive_SMP,8000,8000,6,1,40,1,0.242483,0.249137,0.00e+00,3.1672,1.0274
Naive_SMP,8000,8000,6,1,40,2,0.235065,0.000000,0.00e+00,3.2672,0.0000
Naive_SMP,8000,8000,6,1,40,3,0.233286,0.000000,0.00e+00,3.2921,0.0000
Naive_SMP,8000,8000,6,1,40,4,0.235530,0.000000,0.00e+00,3.2607,0.0000
Naive_SMP,8000,8000,6,1,40,5,0.242151,0.000000,0.00e+00,3.1716,0.0000
Naive_Hybrid,8000,8000,6,2,20,1,0.015093,0.256878,0.00e+00,50.8844,17.0196
Naive_Hybrid,8000,8000,6,2,20,2,0.015069,0.000000,0.00e+00,50.9648,0.0000
Naive_Hybrid,8000,8000,6,2,20,3,0.014957,0.000000,0.00e+00,51.3471,0.0000
Naive_Hybrid,8000,8000,6,2,20,4,0.015061,0.000000,0.00e+00,50.9932,0.0000
Naive_Hybrid,8000,8000,6,2,20,5,0.014957,0.000000,0.00e+00,51.3473,0.0000
Opt_SMP,8000,8000,6,1,40,1,0.178875,0.254723,0.00e+00,4.2935,1.4240
Opt_SMP,8000,8000,6,1,40,2,0.178271,0.000000,0.00e+00,4.3081,0.0000
Opt_SMP,8000,8000,6,1,40,3,0.178862,0.000000,0.00e+00,4.2938,0.0000
Opt_SMP,8000,8000,6,1,40,4,0.173655,0.000000,0.00e+00,4.4226,0.0000
Opt_SMP,8000,8000,6,1,40,5,0.172085,0.000000,0.00e+00,4.4629,0.0000
Opt_Hybrid,8000,8000,6,2,20,1,0.011398,0.252543,0.00e+00,67.3817,22.1573
Opt_Hybrid,8000,8000,6,2,20,2,0.011454,0.000000,0.00e+00,67.0509,0.0000
Opt_Hybrid,8000,8000,6,2,20,3,0.011459,0.000000,0.00e+00,67.0241,0.0000
Opt_Hybrid,8000,8000,6,2,20,4,0.011546,0.000000,0.00e+00,66.5147,0.0000
Opt_Hybrid,8000,8000,6,2,20,5,0.011499,0.000000,0.00e+00,66.7866,0.0000
Opt_Hybrid,8000,8000,6,4,10,1,0.011315,0.268208,1.29e-14,67.8766,23.7045
Opt_Hybrid,8000,8000,6,4,10,2,0.011314,0.000000,0.00e+00,67.8789,0.0000
Opt_Hybrid,8000,8000,6,4,10,3,0.011318,0.000000,0.00e+00,67.8550,0.0000
Opt_Hybrid,8000,8000,6,4,10,4,0.011227,0.000000,0.00e+00,68.4080,0.0000
Opt_Hybrid,8000,8000,6,4,10,5,0.011362,0.000000,0.00e+00,67.5940,0.0000
Opt_Hybrid,8000,8000,6,8,5,1,0.028070,0.275400,1.29e-14,27.3599,9.8111
Opt_Hybrid,8000,8000,6,8,5,2,0.027513,0.000000,0.00e+00,27.9137,0.0000
Opt_Hybrid,8000,8000,6,8,5,3,0.028510,0.000000,0.00e+00,26.9381,0.0000
Opt_Hybrid,8000,8000,6,8,5,4,0.025609,0.000000,0.00e+00,29.9899,0.0000
Opt_Hybrid,8000,8000,6,8,5,5,0.027288,0.000000,0.00e+00,28.1444,0.0000
Serial,8000,8000,8,1,1,1,0.179459,0.305165,0.00e+00,5.7060,1.7005
Serial,8000,8000,8,1,1,2,0.176498,0.000000,0.00e+00,5.8018,0.0000
Serial,8000,8000,8,1,1,3,0.174528,0.000000,0.00e+00,5.8673,0.0000
Serial,8000,8000,8,1,1,4,0.174128,0.000000,0.00e+00,5.8807,0.0000
Serial,8000,8000,8,1,1,5,0.177676,0.000000,0.00e+00,5.7633,0.0000
Naive_SMP,8000,8000,8,1,40,1,0.284951,0.305969,0.00e+00,3.5936,1.0738
Naive_SMP,8000,8000,8,1,40,2,0.276444,0.000000,0.00e+00,3.7042,0.0000
Naive_SMP,8000,8000,8,1,40,3,0.273730,0.000000,0.00e+00,3.7409,0.0000
Naive_SMP,8000,8000,8,1,40,4,0.284313,0.000000,0.00e+00,3.6017,0.0000
Naive_SMP,8000,8000,8,1,40,5,0.284865,0.000000,0.00e+00,3.5947,0.0000
Naive_Hybrid,8000,8000,8,2,20,1,0.018077,0.308963,0.00e+00,56.6469,17.0916
Naive_Hybrid,8000,8000,8,2,20,2,0.018026,0.000000,0.00e+00,56.8070,0.0000
Naive_Hybrid,8000,8000,8,2,20,3,0.017990,0.000000,0.00e+00,56.9212,0.0000
Naive_Hybrid,8000,8000,8,2,20,4,0.018049,0.000000,0.00e+00,56.7347,0.0000
Naive_Hybrid,8000,8000,8,2,20,5,0.017886,0.000000,0.00e+00,57.2518,0.0000
Opt_SMP,8000,8000,8,1,40,1,0.141576,0.299005,0.00e+00,7.2329,2.1120
Opt_SMP,8000,8000,8,1,40,2,0.145779,0.000000,0.00e+00,7.0244,0.0000
Opt_SMP,8000,8000,8,1,40,3,0.145842,0.000000,0.00e+00,7.0213,0.0000
Opt_SMP,8000,8000,8,1,40,4,0.146274,0.000000,0.00e+00,7.0006,0.0000
Opt_SMP,8000,8000,8,1,40,5,0.142605,0.000000,0.00e+00,7.1807,0.0000
Opt_Hybrid,8000,8000,8,2,20,1,0.009603,0.299217,0.00e+00,106.6305,31.1578
Opt_Hybrid,8000,8000,8,2,20,2,0.009609,0.000000,0.00e+00,106.5701,0.0000
Opt_Hybrid,8000,8000,8,2,20,3,0.009654,0.000000,0.00e+00,106.0692,0.0000
Opt_Hybrid,8000,8000,8,2,20,4,0.009676,0.000000,0.00e+00,105.8256,0.0000
Opt_Hybrid,8000,8000,8,2,20,5,0.009663,0.000000,0.00e+00,105.9729,0.0000
Opt_Hybrid,8000,8000,8,4,10,1,0.009405,0.323174,1.29e-14,108.8742,34.3607
Opt_Hybrid,8000,8000,8,4,10,2,0.009453,0.000000,0.00e+00,108.3202,0.0000
Opt_Hybrid,8000,8000,8,4,10,3,0.009361,0.000000,0.00e+00,109.3891,0.0000
Opt_Hybrid,8000,8000,8,4,10,4,0.009356,0.000000,0.00e+00,109.4430,0.0000
Opt_Hybrid,8000,8000,8,4,10,5,0.009354,0.000000,0.00e+00,109.4740,0.0000
Opt_Hybrid,8000,8000,8,8,5,1,0.023740,0.328092,1.29e-14,43.1336,13.8201
Opt_Hybrid,8000,8000,8,8,5,2,0.024643,0.000000,0.00e+00,41.5536,0.0000
Opt_Hybrid,8000,8000,8,8,5,3,0.024575,0.000000,0.00e+00,41.6692,0.0000
Opt_Hybrid,8000,8000,8,8,5,4,0.023500,0.000000,0.00e+00,43.5751,0.0000
Opt_Hybrid,8000,8000,8,8,5,5,0.025698,0.000000,0.00e+00,39.8471,0.0000
Serial,8000,8000,20,1,1,1,0.460684,0.656901,0.00e+00,5.5570,1.4259
Serial,8000,8000,20,1,1,2,0.461252,0.000000,0.00e+00,5.5501,0.0000
Serial,8000,8000,20,1,1,3,0.458978,0.000000,0.00e+00,5.5776,0.0000
Serial,8000,8000,20,1,1,4,0.460394,0.000000,0.00e+00,5.5605,0.0000
Serial,8000,8000,20,1,1,5,0.458883,0.000000,0.00e+00,5.5788,0.0000
Naive_SMP,8000,8000,20,1,40,1,0.545082,0.654462,0.00e+00,4.6965,1.2007
Naive_SMP,8000,8000,20,1,40,2,0.557778,0.000000,0.00e+00,4.5896,0.0000
Naive_SMP,8000,8000,20,1,40,3,0.542521,0.000000,0.00e+00,4.7187,0.0000
Naive_SMP,8000,8000,20,1,40,4,0.558713,0.000000,0.00e+00,4.5820,0.0000
Naive_SMP,8000,8000,20,1,40,5,0.558822,0.000000,0.00e+00,4.5811,0.0000
Naive_Hybrid,8000,8000,20,2,20,1,0.035272,0.662028,0.00e+00,72.5779,18.7690
Naive_Hybrid,8000,8000,20,2,20,2,0.035126,0.000000,0.00e+00,72.8802,0.0000
Naive_Hybrid,8000,8000,20,2,20,3,0.034996,0.000000,0.00e+00,73.1509,0.0000
Naive_Hybrid,8000,8000,20,2,20,4,0.034988,0.000000,0.00e+00,73.1679,0.0000
Naive_Hybrid,8000,8000,20,2,20,5,0.035119,0.000000,0.00e+00,72.8958,0.0000
Opt_SMP,8000,8000,20,1,40,1,0.334593,0.662722,0.00e+00,7.6511,1.9807
Opt_SMP,8000,8000,20,1,40,2,0.330628,0.000000,0.00e+00,7.7428,0.0000
Opt_SMP,8000,8000,20,1,40,3,0.330758,0.000000,0.00e+00,7.7398,0.0000
Opt_SMP,8000,8000,20,1,40,4,0.335721,0.000000,0.00e+00,7.6254,0.0000
Opt_SMP,8000,8000,20,1,40,5,0.335681,0.000000,0.00e+00,7.6263,0.0000
Opt_Hybrid,8000,8000,20,2,20,1,0.019960,0.672352,0.00e+00,128.2578,33.6853
Opt_Hybrid,8000,8000,20,2,20,2,0.019822,0.000000,0.00e+00,129.1510,0.0000
Opt_Hybrid,8000,8000,20,2,20,3,0.020058,0.000000,0.00e+00,127.6288,0.0000
Opt_Hybrid,8000,8000,20,2,20,4,0.019893,0.000000,0.00e+00,128.6869,0.0000
Opt_Hybrid,8000,8000,20,2,20,5,0.019870,0.000000,0.00e+00,128.8383,0.0000
Opt_Hybrid,8000,8000,20,4,10,1,0.024215,0.701484,1.07e-14,105.7179,28.9685
Opt_Hybrid,8000,8000,20,4,10,2,0.023774,0.000000,0.00e+00,107.6817,0.0000
Opt_Hybrid,8000,8000,20,4,10,3,0.024706,0.000000,0.00e+00,103.6173,0.0000
Opt_Hybrid,8000,8000,20,4,10,4,0.024430,0.000000,0.00e+00,104.7896,0.0000
Opt_Hybrid,8000,8000,20,4,10,5,0.024070,0.000000,0.00e+00,106.3569,0.0000
Opt_Hybrid,8000,8000,20,8,5,1,0.049111,0.707293,1.07e-14,52.1267,14.4019
Opt_Hybrid,8000,8000,20,8,5,2,0.050245,0.000000,0.00e+00,50.9501,0.0000
Opt_Hybrid,8000,8000,20,8,5,3,0.049111,0.000000,0.00e+00,52.1267,0.0000
Opt_Hybrid,8000,8000,20,8,5,4,0.050174,0.000000,0.00e+00,51.0221,0.0000
Opt_Hybrid,8000,8000,20,8,5,5,0.049499,0.000000,0.00e+00,51.7185,0.0000
Serial,8000,8000,32,1,1,1,0.819288,0.996989,0.00e+00,4.9995,1.2169
Serial,8000,8000,32,1,1,2,0.818940,0.000000,0.00e+00,5.0016,0.0000
Serial,8000,8000,32,1,1,3,0.815435,0.000000,0.00e+00,5.0231,0.0000
Serial,8000,8000,32,1,1,4,0.816060,0.000000,0.00e+00,5.0192,0.0000
Serial,8000,8000,32,1,1,5,0.816062,0.000000,0.00e+00,5.0192,0.0000
Naive_SMP,8000,8000,32,1,40,1,0.843266,1.011261,0.00e+00,4.8573,1.1992
Naive_SMP,8000,8000,32,1,40,2,0.821412,0.000000,0.00e+00,4.9865,0.0000
Naive_SMP,8000,8000,32,1,40,3,0.847180,0.000000,0.00e+00,4.8349,0.0000
Naive_SMP,8000,8000,32,1,40,4,0.845856,0.000000,0.00e+00,4.8424,0.0000
Naive_SMP,8000,8000,32,1,40,5,0.827194,0.000000,0.00e+00,4.9517,0.0000
Naive_Hybrid,8000,8000,32,2,20,1,0.056610,0.991802,0.00e+00,72.3547,17.5199
Naive_Hybrid,8000,8000,32,2,20,2,0.056476,0.000000,0.00e+00,72.5262,0.0000
Naive_Hybrid,8000,8000,32,2,20,3,0.055811,0.000000,0.00e+00,73.3906,0.0000
Naive_Hybrid,8000,8000,32,2,20,4,0.056829,0.000000,0.00e+00,72.0756,0.0000
Naive_Hybrid,8000,8000,32,2,20,5,0.056558,0.000000,0.00e+00,72.4214,0.0000
Opt_SMP,8000,8000,32,1,40,1,0.624070,1.016740,0.00e+00,6.5634,1.6292
Opt_SMP,8000,8000,32,1,40,2,0.594132,0.000000,0.00e+00,6.8941,0.0000
Opt_SMP,8000,8000,32,1,40,3,0.577008,0.000000,0.00e+00,7.0987,0.0000
Opt_SMP,8000,8000,32,1,40,4,0.589811,0.000000,0.00e+00,6.9446,0.0000
Opt_SMP,8000,8000,32,1,40,5,0.586204,0.000000,0.00e+00,6.9873,0.0000
Opt_Hybrid,8000,8000,32,2,20,1,0.032001,0.983615,0.00e+00,127.9966,30.7372
Opt_Hybrid,8000,8000,32,2,20,2,0.033625,0.000000,0.00e+00,121.8134,0.0000
Opt_Hybrid,8000,8000,32,2,20,3,0.034115,0.000000,0.00e+00,120.0647,0.0000
Opt_Hybrid,8000,8000,32,2,20,4,0.032608,0.000000,0.00e+00,125.6118,0.0000
Opt_Hybrid,8000,8000,32,2,20,5,0.034124,0.000000,0.00e+00,120.0331,0.0000
Opt_Hybrid,8000,8000,32,4,10,1,0.042849,1.042956,1.34e-14,95.5916,24.3403
Opt_Hybrid,8000,8000,32,4,10,2,0.041695,0.000000,0.00e+00,98.2382,0.0000
Opt_Hybrid,8000,8000,32,4,10,3,0.042214,0.000000,0.00e+00,97.0297,0.0000
Opt_Hybrid,8000,8000,32,4,10,4,0.042593,0.000000,0.00e+00,96.1659,0.0000
Opt_Hybrid,8000,8000,32,4,10,5,0.041853,0.000000,0.00e+00,97.8657,0.0000
Opt_Hybrid,8000,8000,32,8,5,1,0.084398,1.075638,1.34e-14,48.5321,12.7449
Opt_Hybrid,8000,8000,32,8,5,2,0.083899,0.000000,0.00e+00,48.8205,0.0000
Opt_Hybrid,8000,8000,32,8,5,3,0.083885,0.000000,0.00e+00,48.8287,0.0000
Opt_Hybrid,8000,8000,32,8,5,4,0.084086,0.000000,0.00e+00,48.7123,0.0000
Opt_Hybrid,8000,8000,32,8,5,5,0.082725,0.000000,0.00e+00,49.5137,0.0000
Serial,8000,2000,3,1,1,1,0.035508,0.048032,0.00e+00,2.7037,1.3527
Serial,8000,2000,3,1,1,2,0.035391,0.000000,0.00e+00,2.7125,0.0000
Serial,8000,2000,3,1,1,3,0.035953,0.000000,0.00e+00,2.6701,0.0000
Serial,8000,2000,3,1,1,4,0.035228,0.000000,0.00e+00,2.7251,0.0000
Serial,8000,2000,3,1,1,5,0.035360,0.000000,0.00e+00,2.7149,0.0000
Naive_SMP,8000,2000,3,1,40,1,0.042767,0.047489,0.00e+00,2.2447,1.1104
Naive_SMP,8000,2000,3,1,40,2,0.042795,0.000000,0.00e+00,2.2433,0.0000
Naive_SMP,8000,2000,3,1,40,3,0.043798,0.000000,0.00e+00,2.1919,0.0000
Naive_SMP,8000,2000,3,1,40,4,0.044450,0.000000,0.00e+00,2.1597,0.0000
Naive_SMP,8000,2000,3,1,40,5,0.044149,0.000000,0.00e+00,2.1745,0.0000
Naive_Hybrid,8000,2000,3,2,20,1,0.002672,0.047762,0.00e+00,35.9227,17.8722
Naive_Hybrid,8000,2000,3,2,20,2,0.002706,0.000000,0.00e+00,35.4725,0.0000
Naive_Hybrid,8000,2000,3,2,20,3,0.002657,0.000000,0.00e+00,36.1363,0.0000
Naive_Hybrid,8000,2000,3,2,20,4,0.002644,0.000000,0.00e+00,36.3146,0.0000
Naive_Hybrid,8000,2000,3,2,20,5,0.002670,0.000000,0.00e+00,35.9518,0.0000
Opt_SMP,8000,2000,3,1,40,1,0.033594,0.047809,0.00e+00,2.8576,1.4231
Opt_SMP,8000,2000,3,1,40,2,0.034761,0.000000,0.00e+00,2.7617,0.0000
Opt_SMP,8000,2000,3,1,40,3,0.034745,0.000000,0.00e+00,2.7630,0.0000
Opt_SMP,8000,2000,3,1,40,4,0.034915,0.000000,0.00e+00,2.7496,0.0000
Opt_SMP,8000,2000,3,1,40,5,0.034590,0.000000,0.00e+00,2.7753,0.0000
Opt_Hybrid,8000,2000,3,2,20,1,0.002037,0.048033,0.00e+00,47.1271,23.5798
Opt_Hybrid,8000,2000,3,2,20,2,0.002033,0.000000,0.00e+00,47.2127,0.0000
Opt_Hybrid,8000,2000,3,2,20,3,0.002040,0.000000,0.00e+00,47.0537,0.0000
Opt_Hybrid,8000,2000,3,2,20,4,0.002022,0.000000,0.00e+00,47.4712,0.0000
Opt_Hybrid,8000,2000,3,2,20,5,0.002048,0.000000,0.00e+00,46.8802,0.0000
Opt_Hybrid,8000,2000,3,4,10,1,0.002165,0.049458,4.14e-15,44.3481,22.8475
Opt_Hybrid,8000,2000,3,4,10,2,0.002030,0.000000,0.00e+00,47.3009,0.0000
Opt_Hybrid,8000,2000,3,4,10,3,0.002033,0.000000,0.00e+00,47.2250,0.0000
Opt_Hybrid,8000,2000,3,4,10,4,0.002030,0.000000,0.00e+00,47.2992,0.0000
Opt_Hybrid,8000,2000,3,4,10,5,0.002032,0.000000,0.00e+00,47.2513,0.0000
Opt_Hybrid,8000,2000,3,8,5,1,0.011469,0.053130,4.14e-15,8.3706,4.6326
Opt_Hybrid,8000,2000,3,8,5,2,0.008490,0.000000,0.00e+00,11.3070,0.0000
Opt_Hybrid,8000,2000,3,8,5,3,0.007999,0.000000,0.00e+00,12.0010,0.0000
Opt_Hybrid,8000,2000,3,8,5,4,0.008511,0.000000,0.00e+00,11.2791,0.0000
Opt_Hybrid,8000,2000,3,8,5,5,0.009042,0.000000,0.00e+00,10.6169,0.0000
Serial,8000,2000,6,1,1,1,0.048157,0.063315,0.00e+00,3.9869,1.3147
Serial,8000,2000,6,1,1,2,0.047892,0.000000,0.00e+00,4.0090,0.0000
Serial,8000,2000,6,1,1,3,0.047085,0.000000,0.00e+00,4.0778,0.0000
Serial,8000,2000,6,1,1,4,0.047230,0.000000,0.00e+00,4.0652,0.0000
Serial,8000,2000,6,1,1,5,0.047282,0.000000,0.00e+00,4.0607,0.0000
Naive_SMP,8000,2000,6,1,40,1,0.060502,0.062670,0.00e+00,3.1735,1.0358
Naive_SMP,8000,2000,6,1,40,2,0.061016,0.000000,0.00e+00,3.1467,0.0000
Naive_SMP,8000,2000,6,1,40,3,0.060967,0.000000,0.00e+00,3.1492,0.0000
Naive_SMP,8000,2000,6,1,40,4,0.060490,0.000000,0.00e+00,3.1741,0.0000
Naive_SMP,8000,2000,6,1,40,5,0.060543,0.000000,0.00e+00,3.1713,0.0000
Naive_Hybrid,8000,2000,6,2,20,1,0.003842,0.065042,0.00e+00,49.9690,16.9275
Naive_Hybrid,8000,2000,6,2,20,2,0.003844,0.000000,0.00e+00,49.9496,0.0000
Naive_Hybrid,8000,2000,6,2,20,3,0.003870,0.000000,0.00e+00,49.6099,0.0000
Naive_Hybrid,8000,2000,6,2,20,4,0.003843,0.000000,0.00e+00,49.9621,0.0000
Naive_Hybrid,8000,2000,6,2,20,5,0.003824,0.000000,0.00e+00,50.2073,0.0000
Opt_SMP,8000,2000,6,1,40,1,0.043011,0.062570,0.00e+00,4.4640,1.4547
Opt_SMP,8000,2000,6,1,40,2,0.044816,0.000000,0.00e+00,4.2842,0.0000
Opt_SMP,8000,2000,6,1,40,3,0.044122,0.000000,0.00e+00,4.3516,0.0000
Opt_SMP,8000,2000,6,1,40,4,0.044301,0.000000,0.00e+00,4.3340,0.0000
Opt_SMP,8000,2000,6,1,40,5,0.044388,0.000000,0.00e+00,4.3255,0.0000
Opt_Hybrid,8000,2000,6,2,20,1,0.002836,0.062497,0.00e+00,67.7009,22.0371
Opt_Hybrid,8000,2000,6,2,20,2,0.002854,0.000000,0.00e+00,67.2729,0.0000
Opt_Hybrid,8000,2000,6,2,20,3,0.002859,0.000000,0.00e+00,67.1667,0.0000
Opt_Hybrid,8000,2000,6,2,20,4,0.002837,0.000000,0.00e+00,67.6851,0.0000
Opt_Hybrid,8000,2000,6,2,20,5,0.002834,0.000000,0.00e+00,67.7587,0.0000
Opt_Hybrid,8000,2000,6,4,10,1,0.002833,0.064735,2.95e-15,67.7683,22.8488
Opt_Hybrid,8000,2000,6,4,10,2,0.002827,0.000000,0.00e+00,67.9131,0.0000
Opt_Hybrid,8000,2000,6,4,10,3,0.002852,0.000000,0.00e+00,67.3118,0.0000
Opt_Hybrid,8000,2000,6,4,10,4,0.002919,0.000000,0.00e+00,65.7835,0.0000
Opt_Hybrid,8000,2000,6,4,10,5,0.002874,0.000000,0.00e+00,66.7948,0.0000
Opt_Hybrid,8000,2000,6,8,5,1,0.009799,0.068410,2.95e-15,19.5943,6.9815
Opt_Hybrid,8000,2000,6,8,5,2,0.011132,0.000000,0.00e+00,17.2472,0.0000
Opt_Hybrid,8000,2000,6,8,5,3,0.009899,0.000000,0.00e+00,19.3960,0.0000
Opt_Hybrid,8000,2000,6,8,5,4,0.009525,0.000000,0.00e+00,20.1580,0.0000
Opt_Hybrid,8000,2000,6,8,5,5,0.007426,0.000000,0.00e+00,25.8542,0.0000
Serial,8000,2000,8,1,1,1,0.044585,0.075981,0.00e+00,5.7419,1.7042
Serial,8000,2000,8,1,1,2,0.043982,0.000000,0.00e+00,5.8205,0.0000
Serial,8000,2000,8,1,1,3,0.043976,0.000000,0.00e+00,5.8214,0.0000
Serial,8000,2000,8,1,1,4,0.043412,0.000000,0.00e+00,5.8970,0.0000
Serial,8000,2000,8,1,1,5,0.043693,0.000000,0.00e+00,5.8591,0.0000
Naive_SMP,8000,2000,8,1,40,1,0.068337,0.074815,0.00e+00,3.7461,1.0948
Naive_SMP,8000,2000,8,1,40,2,0.068284,0.000000,0.00e+00,3.7491,0.0000
Naive_SMP,8000,2000,8,1,40,3,0.071458,0.000000,0.00e+00,3.5825,0.0000
Naive_SMP,8000,2000,8,1,40,4,0.070688,0.000000,0.00e+00,3.6215,0.0000
Naive_SMP,8000,2000,8,1,40,5,0.070168,0.000000,0.00e+00,3.6484,0.0000
Naive_Hybrid,8000,2000,8,2,20,1,0.004482,0.075301,0.00e+00,57.1190,16.8013
Naive_Hybrid,8000,2000,8,2,20,2,0.004487,0.000000,0.00e+00,57.0594,0.0000
Naive_Hybrid,8000,2000,8,2,20,3,0.004471,0.000000,0.00e+00,57.2550,0.0000
Naive_Hybrid,8000,2000,8,2,20,4,0.004477,0.000000,0.00e+00,57.1787,0.0000
Naive_Hybrid,8000,2000,8,2,20,5,0.004490,0.000000,0.00e+00,57.0215,0.0000
Opt_SMP,8000,2000,8,1,40,1,0.035457,0.074848,0.00e+00,7.2200,2.1109
Opt_SMP,8000,2000,8,1,40,2,0.036893,0.000000,0.00e+00,6.9390,0.0000
Opt_SMP,8000,2000,8,1,40,3,0.037046,0.000000,0.00e+00,6.9104,0.0000
Opt_SMP,8000,2000,8,1,40,4,0.036548,0.000000,0.00e+00,7.0046,0.0000
Opt_SMP,8000,2000,8,1,40,5,0.036734,0.000000,0.00e+00,6.9690,0.0000
Opt_Hybrid,8000,2000,8,2,20,1,0.002348,0.076944,0.00e+00,109.0352,32.7721
Opt_Hybrid,8000,2000,8,2,20,2,0.002365,0.000000,0.00e+00,108.2302,0.0000
Opt_Hybrid,8000,2000,8,2,20,3,0.002526,0.000000,0.00e+00,101.3328,0.0000
Opt_Hybrid,8000,2000,8,2,20,4,0.002344,0.000000,0.00e+00,109.2356,0.0000
Opt_Hybrid,8000,2000,8,2,20,5,0.002347,0.000000,0.00e+00,109.0536,0.0000
Opt_Hybrid,8000,2000,8,4,10,1,0.002352,0.076958,3.35e-15,108.8502,32.7221
Opt_Hybrid,8000,2000,8,4,10,2,0.002364,0.000000,0.00e+00,108.3076,0.0000
Opt_Hybrid,8000,2000,8,4,10,3,0.002397,0.000000,0.00e+00,106.7915,0.0000
Opt_Hybrid,8000,2000,8,4,10,4,0.002374,0.000000,0.00e+00,107.8218,0.0000
Opt_Hybrid,8000,2000,8,4,10,5,0.002356,0.000000,0.00e+00,108.6475,0.0000
Opt_Hybrid,8000,2000,8,8,5,1,0.011199,0.083531,3.35e-15,22.8597,7.4590
Opt_Hybrid,8000,2000,8,8,5,2,0.008229,0.000000,0.00e+00,31.1098,0.0000
Opt_Hybrid,8000,2000,8,8,5,3,0.007938,0.000000,0.00e+00,32.2481,0.0000
Opt_Hybrid,8000,2000,8,8,5,4,0.012608,0.000000,0.00e+00,20.3044,0.0000
Opt_Hybrid,8000,2000,8,8,5,5,0.008248,0.000000,0.00e+00,31.0383,0.0000
Serial,8000,2000,20,1,1,1,0.076598,0.159636,0.00e+00,8.3553,2.0841
Serial,8000,2000,20,1,1,2,0.077436,0.000000,0.00e+00,8.2649,0.0000
Serial,8000,2000,20,1,1,3,0.078269,0.000000,0.00e+00,8.1770,0.0000
Serial,8000,2000,20,1,1,4,0.076835,0.000000,0.00e+00,8.3295,0.0000
Serial,8000,2000,20,1,1,5,0.077498,0.000000,0.00e+00,8.2583,0.0000
Naive_SMP,8000,2000,20,1,40,1,0.135724,0.159780,0.00e+00,4.7155,1.1772
Naive_SMP,8000,2000,20,1,40,2,0.134759,0.000000,0.00e+00,4.7492,0.0000
Naive_SMP,8000,2000,20,1,40,3,0.135836,0.000000,0.00e+00,4.7116,0.0000
Naive_SMP,8000,2000,20,1,40,4,0.140412,0.000000,0.00e+00,4.5580,0.0000
Naive_SMP,8000,2000,20,1,40,5,0.139458,0.000000,0.00e+00,4.5892,0.0000
Naive_Hybrid,8000,2000,20,2,20,1,0.008877,0.162370,0.00e+00,72.0967,18.2912
Naive_Hybrid,8000,2000,20,2,20,2,0.008864,0.000000,0.00e+00,72.1987,0.0000
Naive_Hybrid,8000,2000,20,2,20,3,0.008823,0.000000,0.00e+00,72.5341,0.0000
Naive_Hybrid,8000,2000,20,2,20,4,0.008829,0.000000,0.00e+00,72.4888,0.0000
Naive_Hybrid,8000,2000,20,2,20,5,0.010367,0.000000,0.00e+00,61.7370,0.0000
Opt_SMP,8000,2000,20,1,40,1,0.071791,0.162646,0.00e+00,8.9148,2.2655
Opt_SMP,8000,2000,20,1,40,2,0.074635,0.000000,0.00e+00,8.5751,0.0000
Opt_SMP,8000,2000,20,1,40,3,0.074822,0.000000,0.00e+00,8.5537,0.0000
Opt_SMP,8000,2000,20,1,40,4,0.074590,0.000000,0.00e+00,8.5802,0.0000
Opt_SMP,8000,2000,20,1,40,5,0.075188,0.000000,0.00e+00,8.5120,0.0000
Opt_Hybrid,8000,2000,20,2,20,1,0.004784,0.165241,0.00e+00,133.7916,34.5436
Opt_Hybrid,8000,2000,20,2,20,2,0.004789,0.000000,0.00e+00,133.6328,0.0000
Opt_Hybrid,8000,2000,20,2,20,3,0.004824,0.000000,0.00e+00,132.6730,0.0000
Opt_Hybrid,8000,2000,20,2,20,4,0.004780,0.000000,0.00e+00,133.8998,0.0000
Opt_Hybrid,8000,2000,20,2,20,5,0.004783,0.000000,0.00e+00,133.7978,0.0000
Opt_Hybrid,8000,2000,20,4,10,1,0.004768,0.163195,3.19e-15,134.2304,34.2277
Opt_Hybrid,8000,2000,20,4,10,2,0.004791,0.000000,0.00e+00,133.5818,0.0000
Opt_Hybrid,8000,2000,20,4,10,3,0.004794,0.000000,0.00e+00,133.5054,0.0000
Opt_Hybrid,8000,2000,20,4,10,4,0.004783,0.000000,0.00e+00,133.7951,0.0000
Opt_Hybrid,8000,2000,20,4,10,5,0.004852,0.000000,0.00e+00,131.8979,0.0000
Opt_Hybrid,8000,2000,20,8,5,1,0.014498,0.174957,3.19e-15,44.1429,12.0674
Opt_Hybrid,8000,2000,20,8,5,2,0.017077,0.000000,0.00e+00,37.4770,0.0000
Opt_Hybrid,8000,2000,20,8,5,3,0.014699,0.000000,0.00e+00,43.5412,0.0000
Opt_Hybrid,8000,2000,20,8,5,4,0.017899,0.000000,0.00e+00,35.7567,0.0000
Opt_Hybrid,8000,2000,20,8,5,5,0.015210,0.000000,0.00e+00,42.0764,0.0000
Serial,8000,2000,32,1,1,1,0.113752,0.241852,0.00e+00,9.0020,2.1261
Serial,8000,2000,32,1,1,2,0.114731,0.000000,0.00e+00,8.9253,0.0000
Serial,8000,2000,32,1,1,3,0.113579,0.000000,0.00e+00,9.0157,0.0000
Serial,8000,2000,32,1,1,4,0.116189,0.000000,0.00e+00,8.8132,0.0000
Serial,8000,2000,32,1,1,5,0.113537,0.000000,0.00e+00,9.0191,0.0000
Naive_SMP,8000,2000,32,1,40,1,0.201892,0.238793,0.00e+00,5.0720,1.1828
Naive_SMP,8000,2000,32,1,40,2,0.201501,0.000000,0.00e+00,5.0819,0.0000
Naive_SMP,8000,2000,32,1,40,3,0.202221,0.000000,0.00e+00,5.0638,0.0000
Naive_SMP,8000,2000,32,1,40,4,0.205899,0.000000,0.00e+00,4.9733,0.0000
Naive_SMP,8000,2000,32,1,40,5,0.207445,0.000000,0.00e+00,4.9363,0.0000
Naive_Hybrid,8000,2000,32,2,20,1,0.013402,0.240391,0.00e+00,76.4041,17.9364
Naive_Hybrid,8000,2000,32,2,20,2,0.013941,0.000000,0.00e+00,73.4545,0.0000
Naive_Hybrid,8000,2000,32,2,20,3,0.013567,0.000000,0.00e+00,75.4757,0.0000
Naive_Hybrid,8000,2000,32,2,20,4,0.013737,0.000000,0.00e+00,74.5437,0.0000
Naive_Hybrid,8000,2000,32,2,20,5,0.013603,0.000000,0.00e+00,75.2755,0.0000
Opt_SMP,8000,2000,32,1,40,1,0.114649,0.243333,0.00e+00,8.9316,2.1224
Opt_SMP,8000,2000,32,1,40,2,0.116571,0.000000,0.00e+00,8.7843,0.0000
Opt_SMP,8000,2000,32,1,40,3,0.116731,0.000000,0.00e+00,8.7723,0.0000
Opt_SMP,8000,2000,32,1,40,4,0.115436,0.000000,0.00e+00,8.8707,0.0000
Opt_SMP,8000,2000,32,1,40,5,0.115653,0.000000,0.00e+00,8.8540,0.0000
Opt_Hybrid,8000,2000,32,2,20,1,0.007333,0.244358,0.00e+00,139.6392,33.3222
Opt_Hybrid,8000,2000,32,2,20,2,0.007334,0.000000,0.00e+00,139.6306,0.0000
Opt_Hybrid,8000,2000,32,2,20,3,0.007370,0.000000,0.00e+00,138.9366,0.0000
Opt_Hybrid,8000,2000,32,2,20,4,0.007380,0.000000,0.00e+00,138.7590,0.0000
Opt_Hybrid,8000,2000,32,2,20,5,0.007397,0.000000,0.00e+00,138.4359,0.0000
Opt_Hybrid,8000,2000,32,4,10,1,0.007354,0.244030,2.49e-15,139.2478,33.1842
Opt_Hybrid,8000,2000,32,4,10,2,0.007373,0.000000,0.00e+00,138.8795,0.0000
Opt_Hybrid,8000,2000,32,4,10,3,0.007435,0.000000,0.00e+00,137.7333,0.0000
Opt_Hybrid,8000,2000,32,4,10,4,0.007391,0.000000,0.00e+00,138.5531,0.0000
Opt_Hybrid,8000,2000,32,4,10,5,0.007416,0.000000,0.00e+00,138.0778,0.0000
Opt_Hybrid,8000,2000,32,8,5,1,0.019168,0.260216,2.49e-15,53.4221,13.5755
Opt_Hybrid,8000,2000,32,8,5,2,0.020736,0.000000,0.00e+00,49.3821,0.0000
Opt_Hybrid,8000,2000,32,8,5,3,0.018598,0.000000,0.00e+00,55.0597,0.0000
Opt_Hybrid,8000,2000,32,8,5,4,0.018199,0.000000,0.00e+00,56.2654,0.0000
Opt_Hybrid,8000,2000,32,8,5,5,0.022640,0.000000,0.00e+00,45.2291,0.0000
Serial,2000,8000,3,1,1,1,0.035203,0.048972,0.00e+00,2.7270,1.3911
Serial,2000,8000,3,1,1,2,0.035111,0.000000,0.00e+00,2.7342,0.0000
Serial,2000,8000,3,1,1,3,0.035151,0.000000,0.00e+00,2.7311,0.0000
Serial,2000,8000,3,1,1,4,0.035310,0.000000,0.00e+00,2.7188,0.0000
Serial,2000,8000,3,1,1,5,0.035204,0.000000,0.00e+00,2.7270,0.0000
Naive_SMP,2000,8000,3,1,40,1,0.042959,0.047686,0.00e+00,2.2347,1.1100
Naive_SMP,2000,8000,3,1,40,2,0.042807,0.000000,0.00e+00,2.2426,0.0000
Naive_SMP,2000,8000,3,1,40,3,0.042760,0.000000,0.00e+00,2.2451,0.0000
Naive_SMP,2000,8000,3,1,40,4,0.042607,0.000000,0.00e+00,2.2531,0.0000
Naive_SMP,2000,8000,3,1,40,5,0.043073,0.000000,0.00e+00,2.2288,0.0000
Naive_Hybrid,2000,8000,3,2,20,1,0.002669,0.047540,0.00e+00,35.9695,17.8123
Naive_Hybrid,2000,8000,3,2,20,2,0.002651,0.000000,0.00e+00,36.2092,0.0000
Naive_Hybrid,2000,8000,3,2,20,3,0.002685,0.000000,0.00e+00,35.7593,0.0000
Naive_Hybrid,2000,8000,3,2,20,4,0.002721,0.000000,0.00e+00,35.2806,0.0000
Naive_Hybrid,2000,8000,3,2,20,5,0.002681,0.000000,0.00e+00,35.8116,0.0000
Opt_SMP,2000,8000,3,1,40,1,0.033800,0.049260,0.00e+00,2.8403,1.4574
Opt_SMP,2000,8000,3,1,40,2,0.033957,0.000000,0.00e+00,2.8271,0.0000
Opt_SMP,2000,8000,3,1,40,3,0.033708,0.000000,0.00e+00,2.8480,0.0000
Opt_SMP,2000,8000,3,1,40,4,0.033718,0.000000,0.00e+00,2.8471,0.0000
Opt_SMP,2000,8000,3,1,40,5,0.035049,0.000000,0.00e+00,2.7390,0.0000
Opt_Hybrid,2000,8000,3,2,20,1,0.002171,0.049911,0.00e+00,44.2280,22.9943
Opt_Hybrid,2000,8000,3,2,20,2,0.002159,0.000000,0.00e+00,44.4682,0.0000
Opt_Hybrid,2000,8000,3,2,20,3,0.002160,0.000000,0.00e+00,44.4382,0.0000
Opt_Hybrid,2000,8000,3,2,20,4,0.002181,0.000000,0.00e+00,44.0082,0.0000
Opt_Hybrid,2000,8000,3,2,20,5,0.002175,0.000000,0.00e+00,44.1463,0.0000
Opt_Hybrid,2000,8000,3,4,10,1,0.002042,0.048504,9.72e-15,47.0242,23.7591
Opt_Hybrid,2000,8000,3,4,10,2,0.002031,0.000000,0.00e+00,47.2778,0.0000
Opt_Hybrid,2000,8000,3,4,10,3,0.002028,0.000000,0.00e+00,47.3382,0.0000
Opt_Hybrid,2000,8000,3,4,10,4,0.002039,0.000000,0.00e+00,47.0876,0.0000
Opt_Hybrid,2000,8000,3,4,10,5,0.002078,0.000000,0.00e+00,46.1998,0.0000
Opt_Hybrid,2000,8000,3,8,5,1,0.010693,0.052863,9.72e-15,8.9779,4.9437
Opt_Hybrid,2000,8000,3,8,5,2,0.008961,0.000000,0.00e+00,10.7130,0.0000
Opt_Hybrid,2000,8000,3,8,5,3,0.007198,0.000000,0.00e+00,13.3370,0.0000
Opt_Hybrid,2000,8000,3,8,5,4,0.006797,0.000000,0.00e+00,14.1245,0.0000
Opt_Hybrid,2000,8000,3,8,5,5,0.008246,0.000000,0.00e+00,11.6419,0.0000
Serial,2000,8000,6,1,1,1,0.046685,0.062605,0.00e+00,4.1127,1.3410
Serial,2000,8000,6,1,1,2,0.046621,0.000000,0.00e+00,4.1183,0.0000
Serial,2000,8000,6,1,1,3,0.046630,0.000000,0.00e+00,4.1175,0.0000
Serial,2000,8000,6,1,1,4,0.047021,0.000000,0.00e+00,4.0833,0.0000
Serial,2000,8000,6,1,1,5,0.047254,0.000000,0.00e+00,4.0631,0.0000
Naive_SMP,2000,8000,6,1,40,1,0.058429,0.063396,0.00e+00,3.2860,1.0850
Naive_SMP,2000,8000,6,1,40,2,0.058567,0.000000,0.00e+00,3.2783,0.0000
Naive_SMP,2000,8000,6,1,40,3,0.058546,0.000000,0.00e+00,3.2795,0.0000
Naive_SMP,2000,8000,6,1,40,4,0.060978,0.000000,0.00e+00,3.1487,0.0000
Naive_SMP,2000,8000,6,1,40,5,0.060500,0.000000,0.00e+00,3.1736,0.0000
Naive_Hybrid,2000,8000,6,2,20,1,0.003909,0.061946,0.00e+00,49.1181,15.8473
Naive_Hybrid,2000,8000,6,2,20,2,0.003905,0.000000,0.00e+00,49.1703,0.0000
Naive_Hybrid,2000,8000,6,2,20,3,0.003938,0.000000,0.00e+00,48.7543,0.0000
Naive_Hybrid,2000,8000,6,2,20,4,0.003917,0.000000,0.00e+00,49.0118,0.0000
Naive_Hybrid,2000,8000,6,2,20,5,0.003897,0.000000,0.00e+00,49.2634,0.0000
Opt_SMP,2000,8000,6,1,40,1,0.043120,0.062099,0.00e+00,4.4527,1.4401
Opt_SMP,2000,8000,6,1,40,2,0.043183,0.000000,0.00e+00,4.4462,0.0000
Opt_SMP,2000,8000,6,1,40,3,0.044396,0.000000,0.00e+00,4.3247,0.0000
Opt_SMP,2000,8000,6,1,40,4,0.044734,0.000000,0.00e+00,4.2920,0.0000
Opt_SMP,2000,8000,6,1,40,5,0.045365,0.000000,0.00e+00,4.2324,0.0000
Opt_Hybrid,2000,8000,6,2,20,1,0.003012,0.062840,0.00e+00,63.7486,20.8643
Opt_Hybrid,2000,8000,6,2,20,2,0.002997,0.000000,0.00e+00,64.0678,0.0000
Opt_Hybrid,2000,8000,6,2,20,3,0.002947,0.000000,0.00e+00,65.1568,0.0000
Opt_Hybrid,2000,8000,6,2,20,4,0.002949,0.000000,0.00e+00,65.1043,0.0000
Opt_Hybrid,2000,8000,6,2,20,5,0.002963,0.000000,0.00e+00,64.7924,0.0000
Opt_Hybrid,2000,8000,6,4,10,1,0.002864,0.067583,1.29e-14,67.0413,23.5980
Opt_Hybrid,2000,8000,6,4,10,2,0.002927,0.000000,0.00e+00,65.5859,0.0000
Opt_Hybrid,2000,8000,6,4,10,3,0.002962,0.000000,0.00e+00,64.8153,0.0000
Opt_Hybrid,2000,8000,6,4,10,4,0.002943,0.000000,0.00e+00,65.2480,0.0000
Opt_Hybrid,2000,8000,6,4,10,5,0.002954,0.000000,0.00e+00,65.0042,0.0000
Opt_Hybrid,2000,8000,6,8,5,1,0.010996,0.070223,1.29e-14,17.4608,6.3862
Opt_Hybrid,2000,8000,6,8,5,2,0.007721,0.000000,0.00e+00,24.8676,0.0000
Opt_Hybrid,2000,8000,6,8,5,3,0.012844,0.000000,0.00e+00,14.9489,0.0000
Opt_Hybrid,2000,8000,6,8,5,4,0.009954,0.000000,0.00e+00,19.2882,0.0000
Opt_Hybrid,2000,8000,6,8,5,5,0.010346,0.000000,0.00e+00,18.5583,0.0000
Serial,2000,8000,8,1,1,1,0.043293,0.075732,0.00e+00,5.9132,1.7493
Serial,2000,8000,8,1,1,2,0.044104,0.000000,0.00e+00,5.8045,0.0000
Serial,2000,8000,8,1,1,3,0.044348,0.000000,0.00e+00,5.7726,0.0000
Serial,2000,8000,8,1,1,4,0.043680,0.000000,0.00e+00,5.8608,0.0000
Serial,2000,8000,8,1,1,5,0.043869,0.000000,0.00e+00,5.8356,0.0000
Naive_SMP,2000,8000,8,1,40,1,0.070765,0.075227,0.00e+00,3.6176,1.0630
Naive_SMP,2000,8000,8,1,40,2,0.069799,0.000000,0.00e+00,3.6677,0.0000
Naive_SMP,2000,8000,8,1,40,3,0.068809,0.000000,0.00e+00,3.7205,0.0000
Naive_SMP,2000,8000,8,1,40,4,0.068085,0.000000,0.00e+00,3.7600,0.0000
Naive_SMP,2000,8000,8,1,40,5,0.068844,0.000000,0.00e+00,3.7185,0.0000
Naive_Hybrid,2000,8000,8,2,20,1,0.004557,0.075445,0.00e+00,56.1766,16.5556
Naive_Hybrid,2000,8000,8,2,20,2,0.004621,0.000000,0.00e+00,55.3940,0.0000
Naive_Hybrid,2000,8000,8,2,20,3,0.004581,0.000000,0.00e+00,55.8859,0.0000
Naive_Hybrid,2000,8000,8,2,20,4,0.004573,0.000000,0.00e+00,55.9780,0.0000
Naive_Hybrid,2000,8000,8,2,20,5,0.004604,0.000000,0.00e+00,55.6022,0.0000
Opt_SMP,2000,8000,8,1,40,1,0.035969,0.075342,0.00e+00,7.1172,2.0946
Opt_SMP,2000,8000,8,1,40,2,0.035863,0.000000,0.00e+00,7.1383,0.0000
Opt_SMP,2000,8000,8,1,40,3,0.035622,0.000000,0.00e+00,7.1867,0.0000
Opt_SMP,2000,8000,8,1,40,4,0.035471,0.000000,0.00e+00,7.2171,0.0000
Opt_SMP,2000,8000,8,1,40,5,0.035723,0.000000,0.00e+00,7.1663,0.0000
Opt_Hybrid,2000,8000,8,2,20,1,0.002511,0.078246,0.00e+00,101.9319,31.1554
Opt_Hybrid,2000,8000,8,2,20,2,0.002588,0.000000,0.00e+00,98.9158,0.0000
Opt_Hybrid,2000,8000,8,2,20,3,0.002584,0.000000,0.00e+00,99.0718,0.0000
Opt_Hybrid,2000,8000,8,2,20,4,0.002519,0.000000,0.00e+00,101.6449,0.0000
Opt_Hybrid,2000,8000,8,2,20,5,0.002495,0.000000,0.00e+00,102.6056,0.0000
Opt_Hybrid,2000,8000,8,4,10,1,0.002506,0.079321,1.29e-14,102.1582,31.6534
Opt_Hybrid,2000,8000,8,4,10,2,0.002423,0.000000,0.00e+00,105.6529,0.0000
Opt_Hybrid,2000,8000,8,4,10,3,0.002432,0.000000,0.00e+00,105.2700,0.0000
Opt_Hybrid,2000,8000,8,4,10,4,0.002427,0.000000,0.00e+00,105.4883,0.0000
Opt_Hybrid,2000,8000,8,4,10,5,0.002441,0.000000,0.00e+00,104.8931,0.0000
Opt_Hybrid,2000,8000,8,8,5,1,0.008442,0.084194,1.29e-14,30.3244,9.9731
Opt_Hybrid,2000,8000,8,8,5,2,0.008298,0.000000,0.00e+00,30.8524,0.0000
Opt_Hybrid,2000,8000,8,8,5,3,0.008399,0.000000,0.00e+00,30.4790,0.0000
Opt_Hybrid,2000,8000,8,8,5,4,0.008759,0.000000,0.00e+00,29.2265,0.0000
Opt_Hybrid,2000,8000,8,8,5,5,0.009605,0.000000,0.00e+00,26.6521,0.0000
Serial,2000,8000,20,1,1,1,0.114251,0.164216,0.00e+00,5.6017,1.4373
Serial,2000,8000,20,1,1,2,0.116829,0.000000,0.00e+00,5.4781,0.0000
Serial,2000,8000,20,1,1,3,0.115813,0.000000,0.00e+00,5.5261,0.0000
Serial,2000,8000,20,1,1,4,0.116029,0.000000,0.00e+00,5.5159,0.0000
Serial,2000,8000,20,1,1,5,0.115129,0.000000,0.00e+00,5.5590,0.0000
Naive_SMP,2000,8000,20,1,40,1,0.140520,0.163410,0.00e+00,4.5545,1.1629
Naive_SMP,2000,8000,20,1,40,2,0.140938,0.000000,0.00e+00,4.5410,0.0000
Naive_SMP,2000,8000,20,1,40,3,0.136926,0.000000,0.00e+00,4.6741,0.0000
Naive_SMP,2000,8000,20,1,40,4,0.135636,0.000000,0.00e+00,4.7185,0.0000
Naive_SMP,2000,8000,20,1,40,5,0.134845,0.000000,0.00e+00,4.7462,0.0000
Naive_Hybrid,2000,8000,20,2,20,1,0.008805,0.165664,0.00e+00,72.6873,18.8151
Naive_Hybrid,2000,8000,20,2,20,2,0.008858,0.000000,0.00e+00,72.2546,0.0000
Naive_Hybrid,2000,8000,20,2,20,3,0.008850,0.000000,0.00e+00,72.3154,0.0000
Naive_Hybrid,2000,8000,20,2,20,4,0.008861,0.000000,0.00e+00,72.2305,0.0000
Naive_Hybrid,2000,8000,20,2,20,5,0.008791,0.000000,0.00e+00,72.8050,0.0000
Opt_SMP,2000,8000,20,1,40,1,0.083816,0.165537,0.00e+00,7.6358,1.9750
Opt_SMP,2000,8000,20,1,40,2,0.083398,0.000000,0.00e+00,7.6740,0.0000
Opt_SMP,2000,8000,20,1,40,3,0.082720,0.000000,0.00e+00,7.7370,0.0000
Opt_SMP,2000,8000,20,1,40,4,0.080969,0.000000,0.00e+00,7.9042,0.0000
Opt_SMP,2000,8000,20,1,40,5,0.081165,0.000000,0.00e+00,7.8852,0.0000
Opt_Hybrid,2000,8000,20,2,20,1,0.004997,0.163866,0.00e+00,128.0644,32.7897
Opt_Hybrid,2000,8000,20,2,20,2,0.005029,0.000000,0.00e+00,127.2635,0.0000
Opt_Hybrid,2000,8000,20,2,20,3,0.004954,0.000000,0.00e+00,129.1920,0.0000
Opt_Hybrid,2000,8000,20,2,20,4,0.005066,0.000000,0.00e+00,126.3386,0.0000
Opt_Hybrid,2000,8000,20,2,20,5,0.004922,0.000000,0.00e+00,130.0324,0.0000
Opt_Hybrid,2000,8000,20,4,10,1,0.006048,0.180460,1.07e-14,105.8152,29.8366
Opt_Hybrid,2000,8000,20,4,10,2,0.005991,0.000000,0.00e+00,106.8326,0.0000
Opt_Hybrid,2000,8000,20,4,10,3,0.006046,0.000000,0.00e+00,105.8605,0.0000
Opt_Hybrid,2000,8000,20,4,10,4,0.006014,0.000000,0.00e+00,106.4104,0.0000
Opt_Hybrid,2000,8000,20,4,10,5,0.005953,0.000000,0.00e+00,107.5119,0.0000
Opt_Hybrid,2000,8000,20,8,5,1,0.014281,0.178621,1.07e-14,44.8159,12.5079
Opt_Hybrid,2000,8000,20,8,5,2,0.014599,0.000000,0.00e+00,43.8394,0.0000
Opt_Hybrid,2000,8000,20,8,5,3,0.016272,0.000000,0.00e+00,39.3321,0.0000
Opt_Hybrid,2000,8000,20,8,5,4,0.015790,0.000000,0.00e+00,40.5309,0.0000
Opt_Hybrid,2000,8000,20,8,5,5,0.016499,0.000000,0.00e+00,38.7913,0.0000
Serial,2000,8000,32,1,1,1,0.204368,0.250078,0.00e+00,5.0106,1.2237
Serial,2000,8000,32,1,1,2,0.205566,0.000000,0.00e+00,4.9814,0.0000
Serial,2000,8000,32,1,1,3,0.205100,0.000000,0.00e+00,4.9927,0.0000
Serial,2000,8000,32,1,1,4,0.201670,0.000000,0.00e+00,5.0776,0.0000
Serial,2000,8000,32,1,1,5,0.204317,0.000000,0.00e+00,5.0118,0.0000
Naive_SMP,2000,8000,32,1,40,1,0.211082,0.250160,0.00e+00,4.8512,1.1851
Naive_SMP,2000,8000,32,1,40,2,0.210517,0.000000,0.00e+00,4.8642,0.0000
Naive_SMP,2000,8000,32,1,40,3,0.212053,0.000000,0.00e+00,4.8290,0.0000
Naive_SMP,2000,8000,32,1,40,4,0.206178,0.000000,0.00e+00,4.9666,0.0000
Naive_SMP,2000,8000,32,1,40,5,0.206576,0.000000,0.00e+00,4.9570,0.0000
Naive_Hybrid,2000,8000,32,2,20,1,0.013744,0.248335,0.00e+00,74.5070,18.0690
Naive_Hybrid,2000,8000,32,2,20,2,0.013665,0.000000,0.00e+00,74.9344,0.0000
Naive_Hybrid,2000,8000,32,2,20,3,0.014151,0.000000,0.00e+00,72.3649,0.0000
Naive_Hybrid,2000,8000,32,2,20,4,0.013958,0.000000,0.00e+00,73.3614,0.0000
Naive_Hybrid,2000,8000,32,2,20,5,0.013767,0.000000,0.00e+00,74.3783,0.0000
Opt_SMP,2000,8000,32,1,40,1,0.143350,0.248716,0.00e+00,7.1434,1.7350
Opt_SMP,2000,8000,32,1,40,2,0.142327,0.000000,0.00e+00,7.1947,0.0000
Opt_SMP,2000,8000,32,1,40,3,0.140542,0.000000,0.00e+00,7.2861,0.0000
Opt_SMP,2000,8000,32,1,40,4,0.143662,0.000000,0.00e+00,7.1278,0.0000
Opt_SMP,2000,8000,32,1,40,5,0.144134,0.000000,0.00e+00,7.1045,0.0000
Opt_Hybrid,2000,8000,32,2,20,1,0.008608,0.251476,0.00e+00,118.9566,29.2136
Opt_Hybrid,2000,8000,32,2,20,2,0.008372,0.000000,0.00e+00,122.3176,0.0000
Opt_Hybrid,2000,8000,32,2,20,3,0.008554,0.000000,0.00e+00,119.7111,0.0000
Opt_Hybrid,2000,8000,32,2,20,4,0.008440,0.000000,0.00e+00,121.3286,0.0000
Opt_Hybrid,2000,8000,32,2,20,5,0.008146,0.000000,0.00e+00,125.7019,0.0000
Opt_Hybrid,2000,8000,32,4,10,1,0.010532,0.258174,1.34e-14,97.2306,24.5140
Opt_Hybrid,2000,8000,32,4,10,2,0.010517,0.000000,0.00e+00,97.3682,0.0000
Opt_Hybrid,2000,8000,32,4,10,3,0.010328,0.000000,0.00e+00,99.1505,0.0000
Opt_Hybrid,2000,8000,32,4,10,4,0.010512,0.000000,0.00e+00,97.4163,0.0000
Opt_Hybrid,2000,8000,32,4,10,5,0.010470,0.000000,0.00e+00,97.8052,0.0000
Opt_Hybrid,2000,8000,32,8,5,1,0.025697,0.271381,1.34e-14,39.8482,10.5606
Opt_Hybrid,2000,8000,32,8,5,2,0.023625,0.000000,0.00e+00,43.3445,0.0000
Opt_Hybrid,2000,8000,32,8,5,3,0.024649,0.000000,0.00e+00,41.5427,0.0000
Opt_Hybrid,2000,8000,32,8,5,4,0.023999,0.000000,0.00e+00,42.6686,0.0000
Opt_Hybrid,2000,8000,32,8,5,5,0.025799,0.000000,0.00e+00,39.6915,0.0000
Serial,4000,1000,3,1,1,1,0.008708,0.011777,0.00e+00,2.7562,1.3525
Serial,4000,1000,3,1,1,2,0.008731,0.000000,0.00e+00,2.7487,0.0000
Serial,4000,1000,3,1,1,3,0.008668,0.000000,0.00e+00,2.7689,0.0000
Serial,4000,1000,3,1,1,4,0.008732,0.000000,0.00e+00,2.7485,0.0000
Serial,4000,1000,3,1,1,5,0.008979,0.000000,0.00e+00,2.6728,0.0000
Naive_SMP,4000,1000,3,1,40,1,0.011054,0.011961,0.00e+00,2.1712,1.0821
Naive_SMP,4000,1000,3,1,40,2,0.011349,0.000000,0.00e+00,2.1148,0.0000
Naive_SMP,4000,1000,3,1,40,3,0.011402,0.000000,0.00e+00,2.1049,0.0000
Naive_SMP,4000,1000,3,1,40,4,0.010870,0.000000,0.00e+00,2.2078,0.0000
Naive_SMP,4000,1000,3,1,40,5,0.010820,0.000000,0.00e+00,2.2181,0.0000
Naive_Hybrid,4000,1000,3,2,20,1,0.000717,0.011792,0.00e+00,33.4713,16.4457
Naive_Hybrid,4000,1000,3,2,20,2,0.000713,0.000000,0.00e+00,33.6746,0.0000
Naive_Hybrid,4000,1000,3,2,20,3,0.000656,0.000000,0.00e+00,36.5874,0.0000
Naive_Hybrid,4000,1000,3,2,20,4,0.000683,0.000000,0.00e+00,35.1265,0.0000
Naive_Hybrid,4000,1000,3,2,20,5,0.000732,0.000000,0.00e+00,32.7714,0.0000
Opt_SMP,4000,1000,3,1,40,1,0.008888,0.011755,0.00e+00,2.7002,1.3226
Opt_SMP,4000,1000,3,1,40,2,0.008741,0.000000,0.00e+00,2.7456,0.0000
Opt_SMP,4000,1000,3,1,40,3,0.008940,0.000000,0.00e+00,2.6845,0.0000
Opt_SMP,4000,1000,3,1,40,4,0.008789,0.000000,0.00e+00,2.7306,0.0000
Opt_SMP,4000,1000,3,1,40,5,0.008796,0.000000,0.00e+00,2.7287,0.0000
Opt_Hybrid,4000,1000,3,2,20,1,0.000506,0.011865,0.00e+00,47.3848,23.4256
Opt_Hybrid,4000,1000,3,2,20,2,0.000506,0.000000,0.00e+00,47.4346,0.0000
Opt_Hybrid,4000,1000,3,2,20,3,0.000501,0.000000,0.00e+00,47.8755,0.0000
Opt_Hybrid,4000,1000,3,2,20,4,0.000509,0.000000,0.00e+00,47.1650,0.0000
Opt_Hybrid,4000,1000,3,2,20,5,0.000505,0.000000,0.00e+00,47.5347,0.0000
Opt_Hybrid,4000,1000,3,4,10,1,0.000505,0.012465,2.19e-15,47.5256,24.6843
Opt_Hybrid,4000,1000,3,4,10,2,0.000525,0.000000,0.00e+00,45.6961,0.0000
Opt_Hybrid,4000,1000,3,4,10,3,0.000504,0.000000,0.00e+00,47.6602,0.0000
Opt_Hybrid,4000,1000,3,4,10,4,0.000508,0.000000,0.00e+00,47.2661,0.0000
Opt_Hybrid,4000,1000,3,4,10,5,0.000535,0.000000,0.00e+00,44.8578,0.0000
Opt_Hybrid,4000,1000,3,8,5,1,0.003708,0.012367,2.19e-15,6.4720,3.3349
Opt_Hybrid,4000,1000,3,8,5,2,0.005499,0.000000,0.00e+00,4.3647,0.0000
Opt_Hybrid,4000,1000,3,8,5,3,0.004299,0.000000,0.00e+00,5.5825,0.0000
Opt_Hybrid,4000,1000,3,8,5,4,0.002248,0.000000,0.00e+00,10.6773,0.0000
Opt_Hybrid,4000,1000,3,8,5,5,0.004499,0.000000,0.00e+00,5.3346,0.0000
Serial,4000,1000,6,1,1,1,0.011958,0.015552,0.00e+00,4.0141,1.3006
Serial,4000,1000,6,1,1,2,0.012208,0.000000,0.00e+00,3.9318,0.0000
Serial,4000,1000,6,1,1,3,0.011812,0.000000,0.00e+00,4.0638,0.0000
Serial,4000,1000,6,1,1,4,0.011778,0.000000,0.00e+00,4.0753,0.0000
Serial,4000,1000,6,1,1,5,0.011859,0.000000,0.00e+00,4.0474,0.0000
Naive_SMP,4000,1000,6,1,40,1,0.014740,0.015779,0.00e+00,3.2564,1.0705
Naive_SMP,4000,1000,6,1,40,2,0.014839,0.000000,0.00e+00,3.2347,0.0000
Naive_SMP,4000,1000,6,1,40,3,0.015240,0.000000,0.00e+00,3.1496,0.0000
Naive_SMP,4000,1000,6,1,40,4,0.015407,0.000000,0.00e+00,3.1156,0.0000
Naive_SMP,4000,1000,6,1,40,5,0.015392,0.000000,0.00e+00,3.1185,0.0000
Naive_Hybrid,4000,1000,6,2,20,1,0.000973,0.016653,0.00e+00,49.3513,17.1220
Naive_Hybrid,4000,1000,6,2,20,2,0.000974,0.000000,0.00e+00,49.2645,0.0000
Naive_Hybrid,4000,1000,6,2,20,3,0.000949,0.000000,0.00e+00,50.5929,0.0000
Naive_Hybrid,4000,1000,6,2,20,4,0.000955,0.000000,0.00e+00,50.2613,0.0000
Naive_Hybrid,4000,1000,6,2,20,5,0.000957,0.000000,0.00e+00,50.1594,0.0000
Opt_SMP,4000,1000,6,1,40,1,0.011139,0.015765,0.00e+00,4.3093,1.4153
Opt_SMP,4000,1000,6,1,40,2,0.011012,0.000000,0.00e+00,4.3588,0.0000
Opt_SMP,4000,1000,6,1,40,3,0.011272,0.000000,0.00e+00,4.2583,0.0000
Opt_SMP,4000,1000,6,1,40,4,0.011300,0.000000,0.00e+00,4.2476,0.0000
Opt_SMP,4000,1000,6,1,40,5,0.011303,0.000000,0.00e+00,4.2466,0.0000
Opt_Hybrid,4000,1000,6,2,20,1,0.000701,0.015958,0.00e+00,68.4976,22.7728
Opt_Hybrid,4000,1000,6,2,20,2,0.000709,0.000000,0.00e+00,67.6965,0.0000
Opt_Hybrid,4000,1000,6,2,20,3,0.000703,0.000000,0.00e+00,68.2436,0.0000
Opt_Hybrid,4000,1000,6,2,20,4,0.000702,0.000000,0.00e+00,68.3923,0.0000
Opt_Hybrid,4000,1000,6,2,20,5,0.000702,0.000000,0.00e+00,68.3875,0.0000
Opt_Hybrid,4000,1000,6,4,10,1,0.000725,0.015994,1.86e-15,66.1962,22.0567
Opt_Hybrid,4000,1000,6,4,10,2,0.000710,0.000000,0.00e+00,67.5849,0.0000
Opt_Hybrid,4000,1000,6,4,10,3,0.000718,0.000000,0.00e+00,66.8925,0.0000
Opt_Hybrid,4000,1000,6,4,10,4,0.000714,0.000000,0.00e+00,67.1998,0.0000
Opt_Hybrid,4000,1000,6,4,10,5,0.000814,0.000000,0.00e+00,58.9467,0.0000
Opt_Hybrid,4000,1000,6,8,5,1,0.003628,0.017648,1.86e-15,13.2290,4.8640
Opt_Hybrid,4000,1000,6,8,5,2,0.003591,0.000000,0.00e+00,13.3672,0.0000
Opt_Hybrid,4000,1000,6,8,5,3,0.003599,0.000000,0.00e+00,13.3365,0.0000
Opt_Hybrid,4000,1000,6,8,5,4,0.007488,0.000000,0.00e+00,6.4101,0.0000
Opt_Hybrid,4000,1000,6,8,5,5,0.005498,0.000000,0.00e+00,8.7308,0.0000
Serial,4000,1000,8,1,1,1,0.011057,0.018702,0.00e+00,5.7884,1.6915
Serial,4000,1000,8,1,1,2,0.011018,0.000000,0.00e+00,5.8088,0.0000
Serial,4000,1000,8,1,1,3,0.011017,0.000000,0.00e+00,5.8091,0.0000
Serial,4000,1000,8,1,1,4,0.011128,0.000000,0.00e+00,5.7514,0.0000
Serial,4000,1000,8,1,1,5,0.010940,0.000000,0.00e+00,5.8499,0.0000
Naive_SMP,4000,1000,8,1,40,1,0.017236,0.018791,0.00e+00,3.7131,1.0902
Naive_SMP,4000,1000,8,1,40,2,0.017334,0.000000,0.00e+00,3.6921,0.0000
Naive_SMP,4000,1000,8,1,40,3,0.017132,0.000000,0.00e+00,3.7358,0.0000
Naive_SMP,4000,1000,8,1,40,4,0.017260,0.000000,0.00e+00,3.7081,0.0000
Naive_SMP,4000,1000,8,1,40,5,0.017936,0.000000,0.00e+00,3.5683,0.0000
Naive_Hybrid,4000,1000,8,2,20,1,0.001192,0.019972,0.00e+00,53.6693,16.7483
Naive_Hybrid,4000,1000,8,2,20,2,0.001126,0.000000,0.00e+00,56.8350,0.0000
Naive_Hybrid,4000,1000,8,2,20,3,0.001190,0.000000,0.00e+00,53.7654,0.0000
Naive_Hybrid,4000,1000,8,2,20,4,0.001129,0.000000,0.00e+00,56.6710,0.0000
Naive_Hybrid,4000,1000,8,2,20,5,0.001123,0.000000,0.00e+00,56.9858,0.0000
Opt_SMP,4000,1000,8,1,40,1,0.009251,0.018870,0.00e+00,6.9185,2.0399
Opt_SMP,4000,1000,8,1,40,2,0.009286,0.000000,0.00e+00,6.8918,0.0000
Opt_SMP,4000,1000,8,1,40,3,0.009048,0.000000,0.00e+00,7.0730,0.0000
Opt_SMP,4000,1000,8,1,40,4,0.009096,0.000000,0.00e+00,7.0359,0.0000
Opt_SMP,4000,1000,8,1,40,5,0.009000,0.000000,0.00e+00,7.1112,0.0000
Opt_Hybrid,4000,1000,8,2,20,1,0.000574,0.019038,0.00e+00,111.5880,33.1936
Opt_Hybrid,4000,1000,8,2,20,2,0.000582,0.000000,0.00e+00,109.9086,0.0000
Opt_Hybrid,4000,1000,8,2,20,3,0.000574,0.000000,0.00e+00,111.5172,0.0000
Opt_Hybrid,4000,1000,8,2,20,4,0.000577,0.000000,0.00e+00,110.9263,0.0000
Opt_Hybrid,4000,1000,8,2,20,5,0.000577,0.000000,0.00e+00,110.8812,0.0000
Opt_Hybrid,4000,1000,8,4,10,1,0.000596,0.020361,8.24e-16,107.3578,34.1553
Opt_Hybrid,4000,1000,8,4,10,2,0.000589,0.000000,0.00e+00,108.7437,0.0000
Opt_Hybrid,4000,1000,8,4,10,3,0.000588,0.000000,0.00e+00,108.7514,0.0000
Opt_Hybrid,4000,1000,8,4,10,4,0.000589,0.000000,0.00e+00,108.7256,0.0000
Opt_Hybrid,4000,1000,8,4,10,5,0.000596,0.000000,0.00e+00,107.4036,0.0000
Opt_Hybrid,4000,1000,8,8,5,1,0.004385,0.019996,8.24e-16,14.5968,4.5605
Opt_Hybrid,4000,1000,8,8,5,2,0.006397,0.000000,0.00e+00,10.0055,0.0000
Opt_Hybrid,4000,1000,8,8,5,3,0.004427,0.000000,0.00e+00,14.4556,0.0000
Opt_Hybrid,4000,1000,8,8,5,4,0.003258,0.000000,0.00e+00,19.6440,0.0000
Opt_Hybrid,4000,1000,8,8,5,5,0.004841,0.000000,0.00e+00,13.2205,0.0000
Serial,4000,1000,20,1,1,1,0.019460,0.040544,0.00e+00,8.2221,2.0835
Serial,4000,1000,20,1,1,2,0.019404,0.000000,0.00e+00,8.2458,0.0000
Serial,4000,1000,20,1,1,3,0.019815,0.000000,0.00e+00,8.0746,0.0000
Serial,4000,1000,20,1,1,4,0.019156,0.000000,0.00e+00,8.3526,0.0000
Serial,4000,1000,20,1,1,5,0.019257,0.000000,0.00e+00,8.3089,0.0000
Naive_SMP,4000,1000,20,1,40,1,0.034421,0.040297,0.00e+00,4.6483,1.1707
Naive_SMP,4000,1000,20,1,40,2,0.034780,0.000000,0.00e+00,4.6003,0.0000
Naive_SMP,4000,1000,20,1,40,3,0.034866,0.000000,0.00e+00,4.5890,0.0000
Naive_SMP,4000,1000,20,1,40,4,0.034806,0.000000,0.00e+00,4.5969,0.0000
Naive_SMP,4000,1000,20,1,40,5,0.034854,0.000000,0.00e+00,4.5906,0.0000
Naive_Hybrid,4000,1000,20,2,20,1,0.002198,0.040938,0.00e+00,72.7850,18.6227
Naive_Hybrid,4000,1000,20,2,20,2,0.002210,0.000000,0.00e+00,72.3947,0.0000
Naive_Hybrid,4000,1000,20,2,20,3,0.002198,0.000000,0.00e+00,72.7850,0.0000
Naive_Hybrid,4000,1000,20,2,20,4,0.002199,0.000000,0.00e+00,72.7668,0.0000
Naive_Hybrid,4000,1000,20,2,20,5,0.002202,0.000000,0.00e+00,72.6726,0.0000
Opt_SMP,4000,1000,20,1,40,1,0.018939,0.040936,0.00e+00,8.4483,2.1615
Opt_SMP,4000,1000,20,1,40,2,0.018805,0.000000,0.00e+00,8.5083,0.0000
Opt_SMP,4000,1000,20,1,40,3,0.019102,0.000000,0.00e+00,8.3762,0.0000
Opt_SMP,4000,1000,20,1,40,4,0.018760,0.000000,0.00e+00,8.5289,0.0000
Opt_SMP,4000,1000,20,1,40,5,0.018856,0.000000,0.00e+00,8.4856,0.0000
Opt_Hybrid,4000,1000,20,2,20,1,0.001183,0.040061,0.00e+00,135.3013,33.8773
Opt_Hybrid,4000,1000,20,2,20,2,0.001183,0.000000,0.00e+00,135.2175,0.0000
Opt_Hybrid,4000,1000,20,2,20,3,0.001176,0.000000,0.00e+00,136.0035,0.0000
Opt_Hybrid,4000,1000,20,2,20,4,0.001185,0.000000,0.00e+00,135.0018,0.0000
Opt_Hybrid,4000,1000,20,2,20,5,0.001198,0.000000,0.00e+00,133.5591,0.0000
Opt_Hybrid,4000,1000,20,4,10,1,0.001208,0.042669,1.24e-15,132.4696,35.3269
Opt_Hybrid,4000,1000,20,4,10,2,0.001202,0.000000,0.00e+00,133.1443,0.0000
Opt_Hybrid,4000,1000,20,4,10,3,0.001278,0.000000,0.00e+00,125.1480,0.0000
Opt_Hybrid,4000,1000,20,4,10,4,0.001202,0.000000,0.00e+00,133.0870,0.0000
Opt_Hybrid,4000,1000,20,4,10,5,0.001196,0.000000,0.00e+00,133.7267,0.0000
Opt_Hybrid,4000,1000,20,8,5,1,0.004969,0.042025,1.24e-15,32.2013,8.4579
Opt_Hybrid,4000,1000,20,8,5,2,0.006300,0.000000,0.00e+00,25.3988,0.0000
Opt_Hybrid,4000,1000,20,8,5,3,0.005799,0.000000,0.00e+00,27.5914,0.0000
Opt_Hybrid,4000,1000,20,8,5,4,0.005199,0.000000,0.00e+00,30.7730,0.0000
Opt_Hybrid,4000,1000,20,8,5,5,0.005863,0.000000,0.00e+00,27.2886,0.0000
Serial,4000,1000,32,1,1,1,0.028405,0.061805,0.00e+00,9.0125,2.1759
Serial,4000,1000,32,1,1,2,0.028797,0.000000,0.00e+00,8.8897,0.0000
Serial,4000,1000,32,1,1,3,0.028435,0.000000,0.00e+00,9.0029,0.0000
Serial,4000,1000,32,1,1,4,0.028707,0.000000,0.00e+00,8.9178,0.0000
Serial,4000,1000,32,1,1,5,0.028601,0.000000,0.00e+00,8.9508,0.0000
Naive_SMP,4000,1000,32,1,40,1,0.050388,0.063840,0.00e+00,5.0806,1.2670
Naive_SMP,4000,1000,32,1,40,2,0.050243,0.000000,0.00e+00,5.0953,0.0000
Naive_SMP,4000,1000,32,1,40,3,0.052247,0.000000,0.00e+00,4.8998,0.0000
Naive_SMP,4000,1000,32,1,40,4,0.051887,0.000000,0.00e+00,4.9338,0.0000
Naive_SMP,4000,1000,32,1,40,5,0.052396,0.000000,0.00e+00,4.8859,0.0000
Naive_Hybrid,4000,1000,32,2,20,1,0.003321,0.062479,0.00e+00,77.0899,18.8145
Naive_Hybrid,4000,1000,32,2,20,2,0.003264,0.000000,0.00e+00,78.4300,0.0000
Naive_Hybrid,4000,1000,32,2,20,3,0.003257,0.000000,0.00e+00,78.6101,0.0000
Naive_Hybrid,4000,1000,32,2,20,4,0.003269,0.000000,0.00e+00,78.3073,0.0000
Naive_Hybrid,4000,1000,32,2,20,5,0.003275,0.000000,0.00e+00,78.1627,0.0000
Opt_SMP,4000,1000,32,1,40,1,0.027926,0.061756,0.00e+00,9.1672,2.2115
Opt_SMP,4000,1000,32,1,40,2,0.029460,0.000000,0.00e+00,8.6896,0.0000
Opt_SMP,4000,1000,32,1,40,3,0.028798,0.000000,0.00e+00,8.8894,0.0000
Opt_SMP,4000,1000,32,1,40,4,0.028984,0.000000,0.00e+00,8.8326,0.0000
Opt_SMP,4000,1000,32,1,40,5,0.029091,0.000000,0.00e+00,8.7999,0.0000
Opt_Hybrid,4000,1000,32,2,20,1,0.001807,0.063490,0.00e+00,141.6713,35.1354
Opt_Hybrid,4000,1000,32,2,20,2,0.001844,0.000000,0.00e+00,138.8150,0.0000
Opt_Hybrid,4000,1000,32,2,20,3,0.001829,0.000000,0.00e+00,139.9357,0.0000
Opt_Hybrid,4000,1000,32,2,20,4,0.001813,0.000000,0.00e+00,141.1976,0.0000
Opt_Hybrid,4000,1000,32,2,20,5,0.001840,0.000000,0.00e+00,139.1234,0.0000
Opt_Hybrid,4000,1000,32,4,10,1,0.001852,0.061338,1.50e-15,138.2302,33.1201
Opt_Hybrid,4000,1000,32,4,10,2,0.001845,0.000000,0.00e+00,138.7754,0.0000
Opt_Hybrid,4000,1000,32,4,10,3,0.001861,0.000000,0.00e+00,137.5372,0.0000
Opt_Hybrid,4000,1000,32,4,10,4,0.001840,0.000000,0.00e+00,139.1150,0.0000
Opt_Hybrid,4000,1000,32,4,10,5,0.001838,0.000000,0.00e+00,139.2892,0.0000
Opt_Hybrid,4000,1000,32,8,5,1,0.006287,0.070564,1.50e-15,40.7206,11.2243
Opt_Hybrid,4000,1000,32,8,5,2,0.008334,0.000000,0.00e+00,30.7172,0.0000
Opt_Hybrid,4000,1000,32,8,5,3,0.007498,0.000000,0.00e+00,34.1402,0.0000
Opt_Hybrid,4000,1000,32,8,5,4,0.007463,0.000000,0.00e+00,34.3013,0.0000
Opt_Hybrid,4000,1000,32,8,5,5,0.006957,0.000000,0.00e+00,36.7985,0.0000
Serial,1000,250,3,1,1,1,0.000577,0.000767,0.00e+00,2.6019,1.3296
Serial,1000,250,3,1,1,2,0.000567,0.000000,0.00e+00,2.6478,0.0000
Serial,1000,250,3,1,1,3,0.000581,0.000000,0.00e+00,2.5806,0.0000
Serial,1000,250,3,1,1,4,0.000560,0.000000,0.00e+00,2.6808,0.0000
Serial,1000,250,3,1,1,5,0.000574,0.000000,0.00e+00,2.6141,0.0000
Naive_SMP,1000,250,3,1,40,1,0.000871,0.000740,0.00e+00,1.7212,0.8495
Naive_SMP,1000,250,3,1,40,2,0.000852,0.000000,0.00e+00,1.7614,0.0000
Naive_SMP,1000,250,3,1,40,3,0.000860,0.000000,0.00e+00,1.7435,0.0000
Naive_SMP,1000,250,3,1,40,4,0.000873,0.000000,0.00e+00,1.7174,0.0000
Naive_SMP,1000,250,3,1,40,5,0.000856,0.000000,0.00e+00,1.7515,0.0000
Naive_Hybrid,1000,250,3,2,20,1,0.000110,0.001079,0.00e+00,13.6899,9.8519
Naive_Hybrid,1000,250,3,2,20,2,0.000123,0.000000,0.00e+00,12.1474,0.0000
Naive_Hybrid,1000,250,3,2,20,3,0.000057,0.000000,0.00e+00,26.4564,0.0000
Naive_Hybrid,1000,250,3,2,20,4,0.000084,0.000000,0.00e+00,17.8887,0.0000
Naive_Hybrid,1000,250,3,2,20,5,0.000098,0.000000,0.00e+00,15.2369,0.0000
Opt_SMP,1000,250,3,1,40,1,0.000706,0.000788,0.00e+00,2.1251,1.1160
Opt_SMP,1000,250,3,1,40,2,0.000720,0.000000,0.00e+00,2.0828,0.0000
Opt_SMP,1000,250,3,1,40,3,0.000721,0.000000,0.00e+00,2.0802,0.0000
Opt_SMP,1000,250,3,1,40,4,0.000719,0.000000,0.00e+00,2.0857,0.0000
Opt_SMP,1000,250,3,1,40,5,0.000712,0.000000,0.00e+00,2.1060,0.0000
Opt_Hybrid,1000,250,3,2,20,1,0.000105,0.001078,0.00e+00,14.2549,10.2420
Opt_Hybrid,1000,250,3,2,20,2,0.000110,0.000000,0.00e+00,13.5984,0.0000
Opt_Hybrid,1000,250,3,2,20,3,0.000115,0.000000,0.00e+00,13.0353,0.0000
Opt_Hybrid,1000,250,3,2,20,4,0.000138,0.000000,0.00e+00,10.9041,0.0000
Opt_Hybrid,1000,250,3,2,20,5,0.000036,0.000000,0.00e+00,41.3528,0.0000
Opt_Hybrid,1000,250,3,4,10,1,0.000112,0.000896,3.73e-16,13.4025,8.0034
Opt_Hybrid,1000,250,3,4,10,2,0.000127,0.000000,0.00e+00,11.8577,0.0000
Opt_Hybrid,1000,250,3,4,10,3,0.000094,0.000000,0.00e+00,16.0398,0.0000
Opt_Hybrid,1000,250,3,4,10,4,0.000142,0.000000,0.00e+00,10.5652,0.0000
Opt_Hybrid,1000,250,3,4,10,5,0.000145,0.000000,0.00e+00,10.3797,0.0000
Opt_Hybrid,1000,250,3,8,5,1,0.001941,0.000841,3.73e-16,0.7730,0.4336
Opt_Hybrid,1000,250,3,8,5,2,0.003651,0.000000,0.00e+00,0.4109,0.0000
Opt_Hybrid,1000,250,3,8,5,3,0.004142,0.000000,0.00e+00,0.3622,0.0000
Opt_Hybrid,1000,250,3,8,5,4,0.005156,0.000000,0.00e+00,0.2909,0.0000
Opt_Hybrid,1000,250,3,8,5,5,0.001899,0.000000,0.00e+00,0.7899,0.0000
Serial,1000,250,6,1,1,1,0.000723,0.000961,0.00e+00,4.1517,1.3292
Serial,1000,250,6,1,1,2,0.000735,0.000000,0.00e+00,4.0799,0.0000
Serial,1000,250,6,1,1,3,0.000731,0.000000,0.00e+00,4.1020,0.0000
Serial,1000,250,6,1,1,4,0.000727,0.000000,0.00e+00,4.1283,0.0000
Serial,1000,250,6,1,1,5,0.000758,0.000000,0.00e+00,3.9570,0.0000
Naive_SMP,1000,250,6,1,40,1,0.001147,0.000998,0.00e+00,2.6153,0.8698
Naive_SMP,1000,250,6,1,40,2,0.001157,0.000000,0.00e+00,2.5918,0.0000
Naive_SMP,1000,250,6,1,40,3,0.001136,0.000000,0.00e+00,2.6414,0.0000
Naive_SMP,1000,250,6,1,40,4,0.001146,0.000000,0.00e+00,2.6188,0.0000
Naive_SMP,1000,250,6,1,40,5,0.001115,0.000000,0.00e+00,2.6914,0.0000
Naive_Hybrid,1000,250,6,2,20,1,0.000068,0.001607,0.00e+00,44.2637,23.7126
Naive_Hybrid,1000,250,6,2,20,2,0.000067,0.000000,0.00e+00,44.6496,0.0000
Naive_Hybrid,1000,250,6,2,20,3,0.000065,0.000000,0.00e+00,45.8599,0.0000
Naive_Hybrid,1000,250,6,2,20,4,0.000067,0.000000,0.00e+00,45.0994,0.0000
Naive_Hybrid,1000,250,6,2,20,5,0.000069,0.000000,0.00e+00,43.4762,0.0000
Opt_SMP,1000,250,6,1,40,1,0.000881,0.001066,0.00e+00,3.4064,1.2104
Opt_SMP,1000,250,6,1,40,2,0.000885,0.000000,0.00e+00,3.3892,0.0000
Opt_SMP,1000,250,6,1,40,3,0.000935,0.000000,0.00e+00,3.2085,0.0000
Opt_SMP,1000,250,6,1,40,4,0.000921,0.000000,0.00e+00,3.2560,0.0000
Opt_SMP,1000,250,6,1,40,5,0.000917,0.000000,0.00e+00,3.2713,0.0000
Opt_Hybrid,1000,250,6,2,20,1,0.000053,0.001614,0.00e+00,56.4604,30.3716
Opt_Hybrid,1000,250,6,2,20,2,0.000080,0.000000,0.00e+00,37.7281,0.0000
Opt_Hybrid,1000,250,6,2,20,3,0.000048,0.000000,0.00e+00,62.0145,0.0000
Opt_Hybrid,1000,250,6,2,20,4,0.000049,0.000000,0.00e+00,61.3304,0.0000
Opt_Hybrid,1000,250,6,2,20,5,0.000056,0.000000,0.00e+00,53.9676,0.0000
Opt_Hybrid,1000,250,6,4,10,1,0.000147,0.001220,3.15e-16,20.4601,8.3188
Opt_Hybrid,1000,250,6,4,10,2,0.000117,0.000000,0.00e+00,25.6978,0.0000
Opt_Hybrid,1000,250,6,4,10,3,0.000052,0.000000,0.00e+00,57.5766,0.0000
Opt_Hybrid,1000,250,6,4,10,4,0.000051,0.000000,0.00e+00,59.2939,0.0000
Opt_Hybrid,1000,250,6,4,10,5,0.000118,0.000000,0.00e+00,25.5249,0.0000
Opt_Hybrid,1000,250,6,8,5,1,0.004639,0.001053,3.15e-16,0.6466,0.2269
Opt_Hybrid,1000,250,6,8,5,2,0.002600,0.000000,0.00e+00,1.1537,0.0000
Opt_Hybrid,1000,250,6,8,5,3,0.002599,0.000000,0.00e+00,1.1543,0.0000
Opt_Hybrid,1000,250,6,8,5,4,0.002599,0.000000,0.00e+00,1.1543,0.0000
Opt_Hybrid,1000,250,6,8,5,5,0.002530,0.000000,0.00e+00,1.1858,0.0000
Serial,1000,250,8,1,1,1,0.000610,0.001189,0.00e+00,6.5573,1.9488
Serial,1000,250,8,1,1,2,0.000600,0.000000,0.00e+00,6.6620,0.0000
Serial,1000,250,8,1,1,3,0.000626,0.000000,0.00e+00,6.3889,0.0000
Serial,1000,250,8,1,1,4,0.000602,0.000000,0.00e+00,6.6480,0.0000
Serial,1000,250,8,1,1,5,0.000602,0.000000,0.00e+00,6.6482,0.0000
Naive_SMP,1000,250,8,1,40,1,0.001246,0.001191,0.00e+00,3.2105,0.9562
Naive_SMP,1000,250,8,1,40,2,0.001239,0.000000,0.00e+00,3.2271,0.0000
Naive_SMP,1000,250,8,1,40,3,0.001250,0.000000,0.00e+00,3.1990,0.0000
Naive_SMP,1000,250,8,1,40,4,0.001269,0.000000,0.00e+00,3.1523,0.0000
Naive_SMP,1000,250,8,1,40,5,0.001287,0.000000,0.00e+00,3.1085,0.0000
Naive_Hybrid,1000,250,8,2,20,1,0.000075,0.001858,0.00e+00,53.2120,24.7119
Naive_Hybrid,1000,250,8,2,20,2,0.000074,0.000000,0.00e+00,54.2452,0.0000
Naive_Hybrid,1000,250,8,2,20,3,0.000083,0.000000,0.00e+00,48.3200,0.0000
Naive_Hybrid,1000,250,8,2,20,4,0.000078,0.000000,0.00e+00,51.2963,0.0000
Naive_Hybrid,1000,250,8,2,20,5,0.000075,0.000000,0.00e+00,53.1634,0.0000
Opt_SMP,1000,250,8,1,40,1,0.000752,0.001198,0.00e+00,5.3222,1.5935
Opt_SMP,1000,250,8,1,40,2,0.000741,0.000000,0.00e+00,5.4006,0.0000
Opt_SMP,1000,250,8,1,40,3,0.000765,0.000000,0.00e+00,5.2303,0.0000
Opt_SMP,1000,250,8,1,40,4,0.000793,0.000000,0.00e+00,5.0420,0.0000
Opt_SMP,1000,250,8,1,40,5,0.000770,0.000000,0.00e+00,5.1959,0.0000
Opt_Hybrid,1000,250,8,2,20,1,0.000041,0.003275,0.00e+00,96.9018,79.3477
Opt_Hybrid,1000,250,8,2,20,2,0.000064,0.000000,0.00e+00,62.7441,0.0000
Opt_Hybrid,1000,250,8,2,20,3,0.000041,0.000000,0.00e+00,97.6358,0.0000
Opt_Hybrid,1000,250,8,2,20,4,0.000041,0.000000,0.00e+00,98.0061,0.0000
Opt_Hybrid,1000,250,8,2,20,5,0.000041,0.000000,0.00e+00,97.9571,0.0000
Opt_Hybrid,1000,250,8,4,10,1,0.000041,0.001441,3.58e-16,97.9777,35.3052
Opt_Hybrid,1000,250,8,4,10,2,0.000118,0.000000,0.00e+00,33.8303,0.0000
Opt_Hybrid,1000,250,8,4,10,3,0.000067,0.000000,0.00e+00,59.4706,0.0000
Opt_Hybrid,1000,250,8,4,10,4,0.000043,0.000000,0.00e+00,92.3969,0.0000
Opt_Hybrid,1000,250,8,4,10,5,0.000171,0.000000,0.00e+00,23.4471,0.0000
Opt_Hybrid,1000,250,8,8,5,1,0.003970,0.001243,3.58e-16,1.0076,0.3132
Opt_Hybrid,1000,250,8,8,5,2,0.004565,0.000000,0.00e+00,0.8763,0.0000
Opt_Hybrid,1000,250,8,8,5,3,0.003241,0.000000,0.00e+00,1.2340,0.0000
Opt_Hybrid,1000,250,8,8,5,4,0.002749,0.000000,0.00e+00,1.4551,0.0000
Opt_Hybrid,1000,250,8,8,5,5,0.003200,0.000000,0.00e+00,1.2501,0.0000
Serial,1000,250,20,1,1,1,0.001229,0.002561,0.00e+00,8.1336,2.0834
Serial,1000,250,20,1,1,2,0.001229,0.000000,0.00e+00,8.1341,0.0000
Serial,1000,250,20,1,1,3,0.001228,0.000000,0.00e+00,8.1434,0.0000
Serial,1000,250,20,1,1,4,0.001230,0.000000,0.00e+00,8.1316,0.0000
Serial,1000,250,20,1,1,5,0.001232,0.000000,0.00e+00,8.1193,0.0000
Naive_SMP,1000,250,20,1,40,1,0.002398,0.002669,0.00e+00,4.1704,1.1130
Naive_SMP,1000,250,20,1,40,2,0.002333,0.000000,0.00e+00,4.2857,0.0000
Naive_SMP,1000,250,20,1,40,3,0.002380,0.000000,0.00e+00,4.2008,0.0000
Naive_SMP,1000,250,20,1,40,4,0.002392,0.000000,0.00e+00,4.1807,0.0000
Naive_SMP,1000,250,20,1,40,5,0.002399,0.000000,0.00e+00,4.1677,0.0000
Naive_Hybrid,1000,250,20,2,20,1,0.000162,0.003948,0.00e+00,61.6742,24.3499
Naive_Hybrid,1000,250,20,2,20,2,0.000157,0.000000,0.00e+00,63.8876,0.0000
Naive_Hybrid,1000,250,20,2,20,3,0.000141,0.000000,0.00e+00,70.6734,0.0000
Naive_Hybrid,1000,250,20,2,20,4,0.000145,0.000000,0.00e+00,69.1186,0.0000
Naive_Hybrid,1000,250,20,2,20,5,0.000146,0.000000,0.00e+00,68.4408,0.0000
Opt_SMP,1000,250,20,1,40,1,0.001323,0.002563,0.00e+00,7.5599,1.9374
Opt_SMP,1000,250,20,1,40,2,0.001319,0.000000,0.00e+00,7.5829,0.0000
Opt_SMP,1000,250,20,1,40,3,0.001369,0.000000,0.00e+00,7.3020,0.0000
Opt_SMP,1000,250,20,1,40,4,0.001338,0.000000,0.00e+00,7.4740,0.0000
Opt_SMP,1000,250,20,1,40,5,0.001343,0.000000,0.00e+00,7.4462,0.0000
Opt_Hybrid,1000,250,20,2,20,1,0.000079,0.003922,0.00e+00,126.9643,49.8013
Opt_Hybrid,1000,250,20,2,20,2,0.000080,0.000000,0.00e+00,124.2804,0.0000
Opt_Hybrid,1000,250,20,2,20,3,0.000091,0.000000,0.00e+00,109.4824,0.0000
Opt_Hybrid,1000,250,20,2,20,4,0.000079,0.000000,0.00e+00,126.6599,0.0000
Opt_Hybrid,1000,250,20,2,20,5,0.000091,0.000000,0.00e+00,109.7261,0.0000
Opt_Hybrid,1000,250,20,4,10,1,0.000216,0.003109,2.85e-16,46.2545,14.3807
Opt_Hybrid,1000,250,20,4,10,2,0.000212,0.000000,0.00e+00,47.1565,0.0000
Opt_Hybrid,1000,250,20,4,10,3,0.000186,0.000000,0.00e+00,53.6598,0.0000
Opt_Hybrid,1000,250,20,4,10,4,0.000098,0.000000,0.00e+00,101.9067,0.0000
Opt_Hybrid,1000,250,20,4,10,5,0.000197,0.000000,0.00e+00,50.7816,0.0000
Opt_Hybrid,1000,250,20,8,5,1,0.002600,0.002784,2.85e-16,3.8462,1.0709
Opt_Hybrid,1000,250,20,8,5,2,0.003737,0.000000,0.00e+00,2.6759,0.0000
Opt_Hybrid,1000,250,20,8,5,3,0.002343,0.000000,0.00e+00,4.2689,0.0000
Opt_Hybrid,1000,250,20,8,5,4,0.002533,0.000000,0.00e+00,3.9481,0.0000
Opt_Hybrid,1000,250,20,8,5,5,0.004199,0.000000,0.00e+00,2.3817,0.0000
Serial,1000,250,32,1,1,1,0.001880,0.003827,0.00e+00,8.5124,2.0362
Serial,1000,250,32,1,1,2,0.001859,0.000000,0.00e+00,8.6073,0.0000
Serial,1000,250,32,1,1,3,0.001845,0.000000,0.00e+00,8.6702,0.0000
Serial,1000,250,32,1,1,4,0.001873,0.000000,0.00e+00,8.5433,0.0000
Serial,1000,250,32,1,1,5,0.001861,0.000000,0.00e+00,8.5991,0.0000
Naive_SMP,1000,250,32,1,40,1,0.003392,0.003824,0.00e+00,4.7176,1.1276
Naive_SMP,1000,250,32,1,40,2,0.003322,0.000000,0.00e+00,4.8166,0.0000
Naive_SMP,1000,250,32,1,40,3,0.003358,0.000000,0.00e+00,4.7647,0.0000
Naive_SMP,1000,250,32,1,40,4,0.003453,0.000000,0.00e+00,4.6335,0.0000
Naive_SMP,1000,250,32,1,40,5,0.003463,0.000000,0.00e+00,4.6201,0.0000
Naive_Hybrid,1000,250,32,2,20,1,0.000209,0.005452,0.00e+00,76.3952,26.0306
Naive_Hybrid,1000,250,32,2,20,2,0.000216,0.000000,0.00e+00,74.0884,0.0000
Naive_Hybrid,1000,250,32,2,20,3,0.000218,0.000000,0.00e+00,73.5274,0.0000
Naive_Hybrid,1000,250,32,2,20,4,0.000218,0.000000,0.00e+00,73.2759,0.0000
Naive_Hybrid,1000,250,32,2,20,5,0.000208,0.000000,0.00e+00,76.8966,0.0000
Opt_SMP,1000,250,32,1,40,1,0.001893,0.003977,0.00e+00,8.4542,2.1015
Opt_SMP,1000,250,32,1,40,2,0.001978,0.000000,0.00e+00,8.0909,0.0000
Opt_SMP,1000,250,32,1,40,3,0.001962,0.000000,0.00e+00,8.1540,0.0000
Opt_SMP,1000,250,32,1,40,4,0.001920,0.000000,0.00e+00,8.3327,0.0000
Opt_SMP,1000,250,32,1,40,5,0.001897,0.000000,0.00e+00,8.4350,0.0000
Opt_Hybrid,1000,250,32,2,20,1,0.000118,0.005432,0.00e+00,135.7572,46.0906
Opt_Hybrid,1000,250,32,2,20,2,0.000119,0.000000,0.00e+00,134.8670,0.0000
Opt_Hybrid,1000,250,32,2,20,3,0.000120,0.000000,0.00e+00,133.7695,0.0000
Opt_Hybrid,1000,250,32,2,20,4,0.000130,0.000000,0.00e+00,123.4968,0.0000
Opt_Hybrid,1000,250,32,2,20,5,0.000122,0.000000,0.00e+00,131.6170,0.0000
Opt_Hybrid,1000,250,32,4,10,1,0.000153,0.004704,3.51e-16,104.8383,30.8257
Opt_Hybrid,1000,250,32,4,10,2,0.000156,0.000000,0.00e+00,102.8165,0.0000
Opt_Hybrid,1000,250,32,4,10,3,0.000193,0.000000,0.00e+00,83.0585,0.0000
Opt_Hybrid,1000,250,32,4,10,4,0.000129,0.000000,0.00e+00,123.9249,0.0000
Opt_Hybrid,1000,250,32,4,10,5,0.000233,0.000000,0.00e+00,68.8094,0.0000
Opt_Hybrid,1000,250,32,8,5,1,0.002755,0.004124,3.51e-16,5.8074,1.4969
Opt_Hybrid,1000,250,32,8,5,2,0.002439,0.000000,0.00e+00,6.5588,0.0000
Opt_Hybrid,1000,250,32,8,5,3,0.004434,0.000000,0.00e+00,3.6087,0.0000
Opt_Hybrid,1000,250,32,8,5,4,0.002527,0.000000,0.00e+00,6.3312,0.0000
Opt_Hybrid,1000,250,32,8,5,5,0.003789,0.000000,0.00e+00,4.2231,0.0000
Serial,1000,4000,3,1,1,1,0.008722,0.012039,0.00e+00,2.7518,1.3803
Serial,1000,4000,3,1,1,2,0.008787,0.000000,0.00e+00,2.7313,0.0000
Serial,1000,4000,3,1,1,3,0.008712,0.000000,0.00e+00,2.7547,0.0000
Serial,1000,4000,3,1,1,4,0.008638,0.000000,0.00e+00,2.7785,0.0000
Serial,1000,4000,3,1,1,5,0.008608,0.000000,0.00e+00,2.7880,0.0000
Naive_SMP,1000,4000,3,1,40,1,0.011140,0.012272,0.00e+00,2.1544,1.1016
Naive_SMP,1000,4000,3,1,40,2,0.011402,0.000000,0.00e+00,2.1049,0.0000
Naive_SMP,1000,4000,3,1,40,3,0.011546,0.000000,0.00e+00,2.0787,0.0000
Naive_SMP,1000,4000,3,1,40,4,0.011279,0.000000,0.00e+00,2.1278,0.0000
Naive_SMP,1000,4000,3,1,40,5,0.011215,0.000000,0.00e+00,2.1400,0.0000
Naive_Hybrid,1000,4000,3,2,20,1,0.000728,0.012400,0.00e+00,32.9602,17.0288
Naive_Hybrid,1000,4000,3,2,20,2,0.000709,0.000000,0.00e+00,33.8447,0.0000
Naive_Hybrid,1000,4000,3,2,20,3,0.000674,0.000000,0.00e+00,35.6317,0.0000
Naive_Hybrid,1000,4000,3,2,20,4,0.000721,0.000000,0.00e+00,33.3058,0.0000
Naive_Hybrid,1000,4000,3,2,20,5,0.000697,0.000000,0.00e+00,34.4314,0.0000
Opt_SMP,1000,4000,3,1,40,1,0.008524,0.011875,0.00e+00,2.8155,1.3931
Opt_SMP,1000,4000,3,1,40,2,0.008597,0.000000,0.00e+00,2.7916,0.0000
Opt_SMP,1000,4000,3,1,40,3,0.008996,0.000000,0.00e+00,2.6678,0.0000
Opt_SMP,1000,4000,3,1,40,4,0.008901,0.000000,0.00e+00,2.6962,0.0000
Opt_SMP,1000,4000,3,1,40,5,0.008885,0.000000,0.00e+00,2.7011,0.0000
Opt_Hybrid,1000,4000,3,2,20,1,0.000537,0.012290,0.00e+00,44.6863,22.8830
Opt_Hybrid,1000,4000,3,2,20,2,0.000534,0.000000,0.00e+00,44.9355,0.0000
Opt_Hybrid,1000,4000,3,2,20,3,0.000557,0.000000,0.00e+00,43.1033,0.0000
Opt_Hybrid,1000,4000,3,2,20,4,0.000536,0.000000,0.00e+00,44.7637,0.0000
Opt_Hybrid,1000,4000,3,2,20,5,0.000516,0.000000,0.00e+00,46.5370,0.0000
Opt_Hybrid,1000,4000,3,4,10,1,0.000500,0.012218,1.25e-15,47.9792,24.4246
Opt_Hybrid,1000,4000,3,4,10,2,0.000507,0.000000,0.00e+00,47.3212,0.0000
Opt_Hybrid,1000,4000,3,4,10,3,0.000500,0.000000,0.00e+00,47.9741,0.0000
Opt_Hybrid,1000,4000,3,4,10,4,0.000503,0.000000,0.00e+00,47.7308,0.0000
Opt_Hybrid,1000,4000,3,4,10,5,0.000500,0.000000,0.00e+00,47.9890,0.0000
Opt_Hybrid,1000,4000,3,8,5,1,0.003000,0.013455,1.25e-15,8.0011,4.4855
Opt_Hybrid,1000,4000,3,8,5,2,0.003600,0.000000,0.00e+00,6.6673,0.0000
Opt_Hybrid,1000,4000,3,8,5,3,0.003155,0.000000,0.00e+00,7.6069,0.0000
Opt_Hybrid,1000,4000,3,8,5,4,0.002800,0.000000,0.00e+00,8.5726,0.0000
Opt_Hybrid,1000,4000,3,8,5,5,0.005299,0.000000,0.00e+00,4.5287,0.0000
Serial,1000,4000,6,1,1,1,0.012107,0.015592,0.00e+00,3.9646,1.2878
Serial,1000,4000,6,1,1,2,0.011893,0.000000,0.00e+00,4.0359,0.0000
Serial,1000,4000,6,1,1,3,0.011974,0.000000,0.00e+00,4.0086,0.0000
Serial,1000,4000,6,1,1,4,0.012032,0.000000,0.00e+00,3.9894,0.0000
Serial,1000,4000,6,1,1,5,0.012113,0.000000,0.00e+00,3.9628,0.0000
Naive_SMP,1000,4000,6,1,40,1,0.014895,0.015427,0.00e+00,3.2225,1.0357
Naive_SMP,1000,4000,6,1,40,2,0.014832,0.000000,0.00e+00,3.2362,0.0000
Naive_SMP,1000,4000,6,1,40,3,0.014802,0.000000,0.00e+00,3.2428,0.0000
Naive_SMP,1000,4000,6,1,40,4,0.014702,0.000000,0.00e+00,3.2648,0.0000
Naive_SMP,1000,4000,6,1,40,5,0.015127,0.000000,0.00e+00,3.1732,0.0000
Naive_Hybrid,1000,4000,6,2,20,1,0.000973,0.015906,0.00e+00,49.3071,16.3388
Naive_Hybrid,1000,4000,6,2,20,2,0.000971,0.000000,0.00e+00,49.4402,0.0000
Naive_Hybrid,1000,4000,6,2,20,3,0.000973,0.000000,0.00e+00,49.3439,0.0000
Naive_Hybrid,1000,4000,6,2,20,4,0.000977,0.000000,0.00e+00,49.1399,0.0000
Naive_Hybrid,1000,4000,6,2,20,5,0.000969,0.000000,0.00e+00,49.5329,0.0000
Opt_SMP,1000,4000,6,1,40,1,0.011152,0.015412,0.00e+00,4.3042,1.3821
Opt_SMP,1000,4000,6,1,40,2,0.010972,0.000000,0.00e+00,4.3748,0.0000
Opt_SMP,1000,4000,6,1,40,3,0.011039,0.000000,0.00e+00,4.3482,0.0000
Opt_SMP,1000,4000,6,1,40,4,0.011122,0.000000,0.00e+00,4.3159,0.0000
Opt_SMP,1000,4000,6,1,40,5,0.010879,0.000000,0.00e+00,4.4123,0.0000
Opt_Hybrid,1000,4000,6,2,20,1,0.000721,0.015505,0.00e+00,66.6035,21.5144
Opt_Hybrid,1000,4000,6,2,20,2,0.000714,0.000000,0.00e+00,67.2392,0.0000
Opt_Hybrid,1000,4000,6,2,20,3,0.000806,0.000000,0.00e+00,59.5715,0.0000
Opt_Hybrid,1000,4000,6,2,20,4,0.000719,0.000000,0.00e+00,66.7654,0.0000
Opt_Hybrid,1000,4000,6,2,20,5,0.000712,0.000000,0.00e+00,67.3954,0.0000
Opt_Hybrid,1000,4000,6,4,10,1,0.000706,0.016270,7.94e-15,68.0248,23.0575
Opt_Hybrid,1000,4000,6,4,10,2,0.000711,0.000000,0.00e+00,67.4634,0.0000
Opt_Hybrid,1000,4000,6,4,10,3,0.000706,0.000000,0.00e+00,67.9773,0.0000
Opt_Hybrid,1000,4000,6,4,10,4,0.000708,0.000000,0.00e+00,67.7727,0.0000
Opt_Hybrid,1000,4000,6,4,10,5,0.000711,0.000000,0.00e+00,67.4939,0.0000
Opt_Hybrid,1000,4000,6,8,5,1,0.004300,0.018727,7.94e-15,11.1633,4.3554
Opt_Hybrid,1000,4000,6,8,5,2,0.007135,0.000000,0.00e+00,6.7278,0.0000
Opt_Hybrid,1000,4000,6,8,5,3,0.004862,0.000000,0.00e+00,9.8728,0.0000
Opt_Hybrid,1000,4000,6,8,5,4,0.004270,0.000000,0.00e+00,11.2404,0.0000
Opt_Hybrid,1000,4000,6,8,5,5,0.004835,0.000000,0.00e+00,9.9277,0.0000
Serial,1000,4000,8,1,1,1,0.010833,0.018886,0.00e+00,5.9078,1.7433
Serial,1000,4000,8,1,1,2,0.011111,0.000000,0.00e+00,5.7600,0.0000
Serial,1000,4000,8,1,1,3,0.010963,0.000000,0.00e+00,5.8380,0.0000
Serial,1000,4000,8,1,1,4,0.011150,0.000000,0.00e+00,5.7401,0.0000
Serial,1000,4000,8,1,1,5,0.011029,0.000000,0.00e+00,5.8030,0.0000
Naive_SMP,1000,4000,8,1,40,1,0.017916,0.020989,0.00e+00,3.5721,1.1715
Naive_SMP,1000,4000,8,1,40,2,0.017355,0.000000,0.00e+00,3.6877,0.0000
Naive_SMP,1000,4000,8,1,40,3,0.017212,0.000000,0.00e+00,3.7184,0.0000
Naive_SMP,1000,4000,8,1,40,4,0.017186,0.000000,0.00e+00,3.7240,0.0000
Naive_SMP,1000,4000,8,1,40,5,0.017328,0.000000,0.00e+00,3.6934,0.0000
Naive_Hybrid,1000,4000,8,2,20,1,0.001135,0.018678,0.00e+00,56.3884,16.4562
Naive_Hybrid,1000,4000,8,2,20,2,0.001135,0.000000,0.00e+00,56.3898,0.0000
Naive_Hybrid,1000,4000,8,2,20,3,0.001142,0.000000,0.00e+00,56.0266,0.0000
Naive_Hybrid,1000,4000,8,2,20,4,0.001138,0.000000,0.00e+00,56.2210,0.0000
Naive_Hybrid,1000,4000,8,2,20,5,0.001140,0.000000,0.00e+00,56.1281,0.0000
Opt_SMP,1000,4000,8,1,40,1,0.009465,0.019531,0.00e+00,6.7617,2.0635
Opt_SMP,1000,4000,8,1,40,2,0.009388,0.000000,0.00e+00,6.8175,0.0000
Opt_SMP,1000,4000,8,1,40,3,0.009181,0.000000,0.00e+00,6.9711,0.0000
Opt_SMP,1000,4000,8,1,40,4,0.009171,0.000000,0.00e+00,6.9786,0.0000
Opt_SMP,1000,4000,8,1,40,5,0.009209,0.000000,0.00e+00,6.9499,0.0000
Opt_Hybrid,1000,4000,8,2,20,1,0.000605,0.018762,0.00e+00,105.7969,31.0143
Opt_Hybrid,1000,4000,8,2,20,2,0.000598,0.000000,0.00e+00,106.9606,0.0000
Opt_Hybrid,1000,4000,8,2,20,3,0.000594,0.000000,0.00e+00,107.6940,0.0000
Opt_Hybrid,1000,4000,8,2,20,4,0.000604,0.000000,0.00e+00,105.8813,0.0000
Opt_Hybrid,1000,4000,8,2,20,5,0.000601,0.000000,0.00e+00,106.4924,0.0000
Opt_Hybrid,1000,4000,8,4,10,1,0.000599,0.019896,5.05e-15,106.9020,33.2325
Opt_Hybrid,1000,4000,8,4,10,2,0.000611,0.000000,0.00e+00,104.6687,0.0000
Opt_Hybrid,1000,4000,8,4,10,3,0.000593,0.000000,0.00e+00,107.9966,0.0000
Opt_Hybrid,1000,4000,8,4,10,4,0.000595,0.000000,0.00e+00,107.5855,0.0000
Opt_Hybrid,1000,4000,8,4,10,5,0.000596,0.000000,0.00e+00,107.3552,0.0000
Opt_Hybrid,1000,4000,8,8,5,1,0.002612,0.020083,5.05e-15,24.5060,7.6900
Opt_Hybrid,1000,4000,8,8,5,2,0.004499,0.000000,0.00e+00,14.2267,0.0000
Opt_Hybrid,1000,4000,8,8,5,3,0.003452,0.000000,0.00e+00,18.5416,0.0000
Opt_Hybrid,1000,4000,8,8,5,4,0.003998,0.000000,0.00e+00,16.0086,0.0000
Opt_Hybrid,1000,4000,8,8,5,5,0.004523,0.000000,0.00e+00,14.1495,0.0000
Serial,1000,4000,20,1,1,1,0.021132,0.040731,0.00e+00,7.5715,1.9274
Serial,1000,4000,20,1,1,2,0.019611,0.000000,0.00e+00,8.1587,0.0000
Serial,1000,4000,20,1,1,3,0.019329,0.000000,0.00e+00,8.2775,0.0000
Serial,1000,4000,20,1,1,4,0.019337,0.000000,0.00e+00,8.2745,0.0000
Serial,1000,4000,20,1,1,5,0.019388,0.000000,0.00e+00,8.2527,0.0000
Naive_SMP,1000,4000,20,1,40,1,0.033729,0.039802,0.00e+00,4.7437,1.1801
Naive_SMP,1000,4000,20,1,40,2,0.035281,0.000000,0.00e+00,4.5350,0.0000
Naive_SMP,1000,4000,20,1,40,3,0.035513,0.000000,0.00e+00,4.5054,0.0000
Naive_SMP,1000,4000,20,1,40,4,0.035389,0.000000,0.00e+00,4.5211,0.0000
Naive_SMP,1000,4000,20,1,40,5,0.035250,0.000000,0.00e+00,4.5390,0.0000
Naive_Hybrid,1000,4000,20,2,20,1,0.002281,0.040601,0.00e+00,70.1298,17.7959
Naive_Hybrid,1000,4000,20,2,20,2,0.002271,0.000000,0.00e+00,70.4459,0.0000
Naive_Hybrid,1000,4000,20,2,20,3,0.002294,0.000000,0.00e+00,69.7525,0.0000
Naive_Hybrid,1000,4000,20,2,20,4,0.002293,0.000000,0.00e+00,69.7764,0.0000
Naive_Hybrid,1000,4000,20,2,20,5,0.002301,0.000000,0.00e+00,69.5413,0.0000
Opt_SMP,1000,4000,20,1,40,1,0.019111,0.040688,0.00e+00,8.3721,2.1290
Opt_SMP,1000,4000,20,1,40,2,0.018738,0.000000,0.00e+00,8.5386,0.0000
Opt_SMP,1000,4000,20,1,40,3,0.018825,0.000000,0.00e+00,8.4991,0.0000
Opt_SMP,1000,4000,20,1,40,4,0.018648,0.000000,0.00e+00,8.5798,0.0000
Opt_SMP,1000,4000,20,1,40,5,0.018855,0.000000,0.00e+00,8.4860,0.0000
Opt_Hybrid,1000,4000,20,2,20,1,0.001291,0.041420,0.00e+00,123.8924,32.0730
Opt_Hybrid,1000,4000,20,2,20,2,0.001288,0.000000,0.00e+00,124.1944,0.0000
Opt_Hybrid,1000,4000,20,2,20,3,0.001308,0.000000,0.00e+00,122.3022,0.0000
Opt_Hybrid,1000,4000,20,2,20,4,0.001263,0.000000,0.00e+00,126.6432,0.0000
Opt_Hybrid,1000,4000,20,2,20,5,0.001282,0.000000,0.00e+00,124.8175,0.0000
Opt_Hybrid,1000,4000,20,4,10,1,0.001258,0.041144,6.83e-15,127.1456,32.6957
Opt_Hybrid,1000,4000,20,4,10,2,0.001254,0.000000,0.00e+00,127.5423,0.0000
Opt_Hybrid,1000,4000,20,4,10,3,0.001259,0.000000,0.00e+00,127.1045,0.0000
Opt_Hybrid,1000,4000,20,4,10,4,0.001266,0.000000,0.00e+00,126.3400,0.0000
Opt_Hybrid,1000,4000,20,4,10,5,0.001344,0.000000,0.00e+00,119.0118,0.0000
Opt_Hybrid,1000,4000,20,8,5,1,0.005544,0.042940,6.83e-15,28.8599,7.7453
Opt_Hybrid,1000,4000,20,8,5,2,0.005338,0.000000,0.00e+00,29.9754,0.0000
Opt_Hybrid,1000,4000,20,8,5,3,0.004997,0.000000,0.00e+00,32.0163,0.0000
Opt_Hybrid,1000,4000,20,8,5,4,0.005022,0.000000,0.00e+00,31.8594,0.0000
Opt_Hybrid,1000,4000,20,8,5,5,0.007097,0.000000,0.00e+00,22.5448,0.0000
Serial,1000,4000,32,1,1,1,0.038489,0.061967,0.00e+00,6.6512,1.6100
Serial,1000,4000,32,1,1,2,0.037569,0.000000,0.00e+00,6.8142,0.0000
Serial,1000,4000,32,1,1,3,0.037353,0.000000,0.00e+00,6.8536,0.0000
Serial,1000,4000,32,1,1,4,0.037576,0.000000,0.00e+00,6.8128,0.0000
Serial,1000,4000,32,1,1,5,0.034891,0.000000,0.00e+00,7.3372,0.0000
Naive_SMP,1000,4000,32,1,40,1,0.050737,0.060851,0.00e+00,5.0456,1.1993
Naive_SMP,1000,4000,32,1,40,2,0.050388,0.000000,0.00e+00,5.0805,0.0000
Naive_SMP,1000,4000,32,1,40,3,0.050258,0.000000,0.00e+00,5.0938,0.0000
Naive_SMP,1000,4000,32,1,40,4,0.051965,0.000000,0.00e+00,4.9264,0.0000
Naive_SMP,1000,4000,32,1,40,5,0.052270,0.000000,0.00e+00,4.8976,0.0000
Naive_Hybrid,1000,4000,32,2,20,1,0.003397,0.062152,0.00e+00,75.3655,18.2973
Naive_Hybrid,1000,4000,32,2,20,2,0.003449,0.000000,0.00e+00,74.2277,0.0000
Naive_Hybrid,1000,4000,32,2,20,3,0.003591,0.000000,0.00e+00,71.2874,0.0000
Naive_Hybrid,1000,4000,32,2,20,4,0.003299,0.000000,0.00e+00,77.5978,0.0000
Naive_Hybrid,1000,4000,32,2,20,5,0.003280,0.000000,0.00e+00,78.0454,0.0000
Opt_SMP,1000,4000,32,1,40,1,0.029532,0.060902,0.00e+00,8.6685,2.0622
Opt_SMP,1000,4000,32,1,40,2,0.029662,0.000000,0.00e+00,8.6306,0.0000
Opt_SMP,1000,4000,32,1,40,3,0.030641,0.000000,0.00e+00,8.3548,0.0000
Opt_SMP,1000,4000,32,1,40,4,0.030678,0.000000,0.00e+00,8.3448,0.0000
Opt_SMP,1000,4000,32,1,40,5,0.030743,0.000000,0.00e+00,8.3272,0.0000
Opt_Hybrid,1000,4000,32,2,20,1,0.001918,0.062442,0.00e+00,133.4704,32.5552
Opt_Hybrid,1000,4000,32,2,20,2,0.001913,0.000000,0.00e+00,133.7907,0.0000
Opt_Hybrid,1000,4000,32,2,20,3,0.001941,0.000000,0.00e+00,131.8620,0.0000
Opt_Hybrid,1000,4000,32,2,20,4,0.001869,0.000000,0.00e+00,136.9605,0.0000
Opt_Hybrid,1000,4000,32,2,20,5,0.001889,0.000000,0.00e+00,135.5507,0.0000
Opt_Hybrid,1000,4000,32,4,10,1,0.002054,0.062505,4.94e-15,124.6473,30.4337
Opt_Hybrid,1000,4000,32,4,10,2,0.001984,0.000000,0.00e+00,129.0209,0.0000
Opt_Hybrid,1000,4000,32,4,10,3,0.002112,0.000000,0.00e+00,121.2406,0.0000
Opt_Hybrid,1000,4000,32,4,10,4,0.002138,0.000000,0.00e+00,119.7576,0.0000
Opt_Hybrid,1000,4000,32,4,10,5,0.002038,0.000000,0.00e+00,125.5888,0.0000
Opt_Hybrid,1000,4000,32,8,5,1,0.006945,0.067138,4.94e-15,36.8608,9.6670
Opt_Hybrid,1000,4000,32,8,5,2,0.007997,0.000000,0.00e+00,32.0121,0.0000
Opt_Hybrid,1000,4000,32,8,5,3,0.006633,0.000000,0.00e+00,38.5938,0.0000
Opt_Hybrid,1000,4000,32,8,5,4,0.007817,0.000000,0.00e+00,32.7482,0.0000
Opt_Hybrid,1000,4000,32,8,5,5,0.007434,0.000000,0.00e+00,34.4377,0.0000
Serial,250,1000,3,1,1,1,0.000548,0.000738,0.00e+00,2.7390,1.3471
Serial,250,1000,3,1,1,2,0.000568,0.000000,0.00e+00,2.6411,0.0000
Serial,250,1000,3,1,1,3,0.000546,0.000000,0.00e+00,2.7476,0.0000
Serial,250,1000,3,1,1,4,0.000556,0.000000,0.00e+00,2.7000,0.0000
Serial,250,1000,3,1,1,5,0.000555,0.000000,0.00e+00,2.7007,0.0000
Naive_SMP,250,1000,3,1,40,1,0.000873,0.000858,0.00e+00,1.7178,0.9829
Naive_SMP,250,1000,3,1,40,2,0.000895,0.000000,0.00e+00,1.6751,0.0000
Naive_SMP,250,1000,3,1,40,3,0.000853,0.000000,0.00e+00,1.7581,0.0000
Naive_SMP,250,1000,3,1,40,4,0.001062,0.000000,0.00e+00,1.4118,0.0000
Naive_SMP,250,1000,3,1,40,5,0.000853,0.000000,0.00e+00,1.7589,0.0000
Naive_Hybrid,250,1000,3,2,20,1,0.000064,0.001047,0.00e+00,23.3083,16.2744
Naive_Hybrid,250,1000,3,2,20,2,0.000066,0.000000,0.00e+00,22.8356,0.0000
Naive_Hybrid,250,1000,3,2,20,3,0.000063,0.000000,0.00e+00,23.8880,0.0000
Naive_Hybrid,250,1000,3,2,20,4,0.000061,0.000000,0.00e+00,24.7401,0.0000
Naive_Hybrid,250,1000,3,2,20,5,0.000063,0.000000,0.00e+00,23.8701,0.0000
Opt_SMP,250,1000,3,1,40,1,0.000733,0.000781,0.00e+00,2.0461,1.0649
Opt_SMP,250,1000,3,1,40,2,0.000731,0.000000,0.00e+00,2.0531,0.0000
Opt_SMP,250,1000,3,1,40,3,0.000714,0.000000,0.00e+00,2.1013,0.0000
Opt_SMP,250,1000,3,1,40,4,0.000686,0.000000,0.00e+00,2.1851,0.0000
Opt_SMP,250,1000,3,1,40,5,0.000686,0.000000,0.00e+00,2.1870,0.0000
Opt_Hybrid,250,1000,3,2,20,1,0.000041,0.001046,0.00e+00,36.4408,25.4220
Opt_Hybrid,250,1000,3,2,20,2,0.000043,0.000000,0.00e+00,34.7535,0.0000
Opt_Hybrid,250,1000,3,2,20,3,0.000042,0.000000,0.00e+00,35.7876,0.0000
Opt_Hybrid,250,1000,3,2,20,4,0.000043,0.000000,0.00e+00,35.2681,0.0000
Opt_Hybrid,250,1000,3,2,20,5,0.000041,0.000000,0.00e+00,37.0269,0.0000
Opt_Hybrid,250,1000,3,4,10,1,0.000045,0.000891,2.19e-15,33.4757,19.8916
Opt_Hybrid,250,1000,3,4,10,2,0.000043,0.000000,0.00e+00,34.7389,0.0000
Opt_Hybrid,250,1000,3,4,10,3,0.000038,0.000000,0.00e+00,39.9259,0.0000
Opt_Hybrid,250,1000,3,4,10,4,0.000043,0.000000,0.00e+00,34.4862,0.0000
Opt_Hybrid,250,1000,3,4,10,5,0.000070,0.000000,0.00e+00,21.4949,0.0000
Opt_Hybrid,250,1000,3,8,5,1,0.003842,0.000773,2.19e-15,0.3905,0.2011
Opt_Hybrid,250,1000,3,8,5,2,0.002541,0.000000,0.00e+00,0.5903,0.0000
Opt_Hybrid,250,1000,3,8,5,3,0.002220,0.000000,0.00e+00,0.6758,0.0000
Opt_Hybrid,250,1000,3,8,5,4,0.003546,0.000000,0.00e+00,0.4230,0.0000
Opt_Hybrid,250,1000,3,8,5,5,0.004200,0.000000,0.00e+00,0.3572,0.0000
Serial,250,1000,6,1,1,1,0.000769,0.001014,0.00e+00,3.8988,1.3180
Serial,250,1000,6,1,1,2,0.000754,0.000000,0.00e+00,3.9766,0.0000
Serial,250,1000,6,1,1,3,0.000735,0.000000,0.00e+00,4.0825,0.0000
Serial,250,1000,6,1,1,4,0.000742,0.000000,0.00e+00,4.0448,0.0000
Serial,250,1000,6,1,1,5,0.000741,0.000000,0.00e+00,4.0473,0.0000
Naive_SMP,250,1000,6,1,40,1,0.001096,0.001027,0.00e+00,2.7367,0.9366
Naive_SMP,250,1000,6,1,40,2,0.001108,0.000000,0.00e+00,2.7077,0.0000
Naive_SMP,250,1000,6,1,40,3,0.001128,0.000000,0.00e+00,2.6586,0.0000
Naive_SMP,250,1000,6,1,40,4,0.001149,0.000000,0.00e+00,2.6100,0.0000
Naive_SMP,250,1000,6,1,40,5,0.001134,0.000000,0.00e+00,2.6444,0.0000
Naive_Hybrid,250,1000,6,2,20,1,0.000087,0.001599,0.00e+00,34.3588,18.3108
Naive_Hybrid,250,1000,6,2,20,2,0.000084,0.000000,0.00e+00,35.8419,0.0000
Naive_Hybrid,250,1000,6,2,20,3,0.000078,0.000000,0.00e+00,38.2181,0.0000
Naive_Hybrid,250,1000,6,2,20,4,0.000078,0.000000,0.00e+00,38.4607,0.0000
Naive_Hybrid,250,1000,6,2,20,5,0.000076,0.000000,0.00e+00,39.3535,0.0000
Opt_SMP,250,1000,6,1,40,1,0.000855,0.000994,0.00e+00,3.5079,1.1622
Opt_SMP,250,1000,6,1,40,2,0.000855,0.000000,0.00e+00,3.5074,0.0000
Opt_SMP,250,1000,6,1,40,3,0.000853,0.000000,0.00e+00,3.5151,0.0000
Opt_SMP,250,1000,6,1,40,4,0.000899,0.000000,0.00e+00,3.3376,0.0000
Opt_SMP,250,1000,6,1,40,5,0.000894,0.000000,0.00e+00,3.3557,0.0000
Opt_Hybrid,250,1000,6,2,20,1,0.000074,0.001597,0.00e+00,40.5394,21.5821
Opt_Hybrid,250,1000,6,2,20,2,0.000061,0.000000,0.00e+00,49.5867,0.0000
Opt_Hybrid,250,1000,6,2,20,3,0.000101,0.000000,0.00e+00,29.5724,0.0000
Opt_Hybrid,250,1000,6,2,20,4,0.000059,0.000000,0.00e+00,50.8114,0.0000
Opt_Hybrid,250,1000,6,2,20,5,0.000070,0.000000,0.00e+00,42.6127,0.0000
Opt_Hybrid,250,1000,6,4,10,1,0.000051,0.001181,1.86e-15,59.2696,23.3250
Opt_Hybrid,250,1000,6,4,10,2,0.000072,0.000000,0.00e+00,41.7878,0.0000
Opt_Hybrid,250,1000,6,4,10,3,0.000053,0.000000,0.00e+00,56.7673,0.0000
Opt_Hybrid,250,1000,6,4,10,4,0.000054,0.000000,0.00e+00,55.1907,0.0000
Opt_Hybrid,250,1000,6,4,10,5,0.000051,0.000000,0.00e+00,59.0763,0.0000
Opt_Hybrid,250,1000,6,8,5,1,0.004564,0.001095,1.86e-15,0.6573,0.2400
Opt_Hybrid,250,1000,6,8,5,2,0.004301,0.000000,0.00e+00,0.6975,0.0000
Opt_Hybrid,250,1000,6,8,5,3,0.004947,0.000000,0.00e+00,0.6064,0.0000
Opt_Hybrid,250,1000,6,8,5,4,0.005193,0.000000,0.00e+00,0.5777,0.0000
Opt_Hybrid,250,1000,6,8,5,5,0.002861,0.000000,0.00e+00,1.0487,0.0000
Serial,250,1000,8,1,1,1,0.000682,0.001165,0.00e+00,5.8664,1.7091
Serial,250,1000,8,1,1,2,0.000681,0.000000,0.00e+00,5.8698,0.0000
Serial,250,1000,8,1,1,3,0.000729,0.000000,0.00e+00,5.4834,0.0000
Serial,250,1000,8,1,1,4,0.000685,0.000000,0.00e+00,5.8388,0.0000
Serial,250,1000,8,1,1,5,0.000684,0.000000,0.00e+00,5.8470,0.0000
Naive_SMP,250,1000,8,1,40,1,0.001316,0.001194,0.00e+00,3.0404,0.9074
Naive_SMP,250,1000,8,1,40,2,0.001445,0.000000,0.00e+00,2.7685,0.0000
Naive_SMP,250,1000,8,1,40,3,0.001255,0.000000,0.00e+00,3.1884,0.0000
Naive_SMP,250,1000,8,1,40,4,0.001300,0.000000,0.00e+00,3.0766,0.0000
Naive_SMP,250,1000,8,1,40,5,0.001266,0.000000,0.00e+00,3.1600,0.0000
Naive_Hybrid,250,1000,8,2,20,1,0.000087,0.001836,0.00e+00,46.1646,21.1950
Naive_Hybrid,250,1000,8,2,20,2,0.000084,0.000000,0.00e+00,47.5299,0.0000
Naive_Hybrid,250,1000,8,2,20,3,0.000084,0.000000,0.00e+00,47.8082,0.0000
Naive_Hybrid,250,1000,8,2,20,4,0.000083,0.000000,0.00e+00,48.0883,0.0000
Naive_Hybrid,250,1000,8,2,20,5,0.000089,0.000000,0.00e+00,45.0380,0.0000
Opt_SMP,250,1000,8,1,40,1,0.000813,0.001339,0.00e+00,4.9197,1.6468
Opt_SMP,250,1000,8,1,40,2,0.000785,0.000000,0.00e+00,5.0978,0.0000
Opt_SMP,250,1000,8,1,40,3,0.000746,0.000000,0.00e+00,5.3649,0.0000
Opt_SMP,250,1000,8,1,40,4,0.000727,0.000000,0.00e+00,5.4986,0.0000
Opt_SMP,250,1000,8,1,40,5,0.000726,0.000000,0.00e+00,5.5102,0.0000
Opt_Hybrid,250,1000,8,2,20,1,0.000044,0.001864,0.00e+00,91.8040,42.7740
Opt_Hybrid,250,1000,8,2,20,2,0.000049,0.000000,0.00e+00,81.8899,0.0000
Opt_Hybrid,250,1000,8,2,20,3,0.000048,0.000000,0.00e+00,84.1393,0.0000
Opt_Hybrid,250,1000,8,2,20,4,0.000047,0.000000,0.00e+00,84.6444,0.0000
Opt_Hybrid,250,1000,8,2,20,5,0.000047,0.000000,0.00e+00,84.5777,0.0000
Opt_Hybrid,250,1000,8,4,10,1,0.000067,0.001436,8.24e-16,59.4631,21.3505
Opt_Hybrid,250,1000,8,4,10,2,0.000052,0.000000,0.00e+00,76.9593,0.0000
Opt_Hybrid,250,1000,8,4,10,3,0.000043,0.000000,0.00e+00,94.0152,0.0000
Opt_Hybrid,250,1000,8,4,10,4,0.000062,0.000000,0.00e+00,64.8558,0.0000
Opt_Hybrid,250,1000,8,4,10,5,0.000054,0.000000,0.00e+00,74.3429,0.0000
Opt_Hybrid,250,1000,8,8,5,1,0.003212,0.001250,8.24e-16,1.2452,0.3891
Opt_Hybrid,250,1000,8,8,5,2,0.004498,0.000000,0.00e+00,0.8892,0.0000
Opt_Hybrid,250,1000,8,8,5,3,0.002546,0.000000,0.00e+00,1.5714,0.0000
Opt_Hybrid,250,1000,8,8,5,4,0.005066,0.000000,0.00e+00,0.7896,0.0000
Opt_Hybrid,250,1000,8,8,5,5,0.004147,0.000000,0.00e+00,0.9646,0.0000
Serial,250,1000,20,1,1,1,0.001207,0.002551,0.00e+00,8.2828,2.1132
Serial,250,1000,20,1,1,2,0.001227,0.000000,0.00e+00,8.1521,0.0000
Serial,250,1000,20,1,1,3,0.001208,0.000000,0.00e+00,8.2804,0.0000
Serial,250,1000,20,1,1,4,0.001208,0.000000,0.00e+00,8.2780,0.0000
Serial,250,1000,20,1,1,5,0.001209,0.000000,0.00e+00,8.2679,0.0000
Naive_SMP,250,1000,20,1,40,1,0.002256,0.002558,0.00e+00,4.4323,1.1337
Naive_SMP,250,1000,20,1,40,2,0.002388,0.000000,0.00e+00,4.1881,0.0000
Naive_SMP,250,1000,20,1,40,3,0.002408,0.000000,0.00e+00,4.1528,0.0000
Naive_SMP,250,1000,20,1,40,4,0.002343,0.000000,0.00e+00,4.2681,0.0000
Naive_SMP,250,1000,20,1,40,5,0.002361,0.000000,0.00e+00,4.2355,0.0000
Naive_Hybrid,250,1000,20,2,20,1,0.000157,0.003859,0.00e+00,63.5032,24.5040
Naive_Hybrid,250,1000,20,2,20,2,0.000158,0.000000,0.00e+00,63.2065,0.0000
Naive_Hybrid,250,1000,20,2,20,3,0.000159,0.000000,0.00e+00,63.0275,0.0000
Naive_Hybrid,250,1000,20,2,20,4,0.000187,0.000000,0.00e+00,53.5733,0.0000
Naive_Hybrid,250,1000,20,2,20,5,0.000159,0.000000,0.00e+00,62.7752,0.0000
Opt_SMP,250,1000,20,1,40,1,0.001296,0.002520,0.00e+00,7.7131,1.9439
Opt_SMP,250,1000,20,1,40,2,0.001318,0.000000,0.00e+00,7.5846,0.0000
Opt_SMP,250,1000,20,1,40,3,0.001365,0.000000,0.00e+00,7.3277,0.0000
Opt_SMP,250,1000,20,1,40,4,0.001355,0.000000,0.00e+00,7.3777,0.0000
Opt_SMP,250,1000,20,1,40,5,0.001376,0.000000,0.00e+00,7.2698,0.0000
Opt_Hybrid,250,1000,20,2,20,1,0.000112,0.003795,0.00e+00,89.4419,33.9418
Opt_Hybrid,250,1000,20,2,20,2,0.000091,0.000000,0.00e+00,110.4177,0.0000
Opt_Hybrid,250,1000,20,2,20,3,0.000086,0.000000,0.00e+00,116.1033,0.0000
Opt_Hybrid,250,1000,20,2,20,4,0.000115,0.000000,0.00e+00,87.0230,0.0000
Opt_Hybrid,250,1000,20,2,20,5,0.000086,0.000000,0.00e+00,115.9892,0.0000
Opt_Hybrid,250,1000,20,4,10,1,0.000081,0.003174,1.24e-15,123.5932,39.2258
Opt_Hybrid,250,1000,20,4,10,2,0.000086,0.000000,0.00e+00,116.7741,0.0000
Opt_Hybrid,250,1000,20,4,10,3,0.000107,0.000000,0.00e+00,93.3646,0.0000
Opt_Hybrid,250,1000,20,4,10,4,0.000083,0.000000,0.00e+00,120.0940,0.0000
Opt_Hybrid,250,1000,20,4,10,5,0.000101,0.000000,0.00e+00,98.5830,0.0000
Opt_Hybrid,250,1000,20,8,5,1,0.002534,0.002705,1.24e-15,3.9462,1.0676
Opt_Hybrid,250,1000,20,8,5,2,0.002799,0.000000,0.00e+00,3.5723,0.0000
Opt_Hybrid,250,1000,20,8,5,3,0.004167,0.000000,0.00e+00,2.3999,0.0000
Opt_Hybrid,250,1000,20,8,5,4,0.003540,0.000000,0.00e+00,2.8248,0.0000
Opt_Hybrid,250,1000,20,8,5,5,0.002343,0.000000,0.00e+00,4.2689,0.0000
Serial,250,1000,32,1,1,1,0.001776,0.003710,0.00e+00,9.0084,2.0886
Serial,250,1000,32,1,1,2,0.002047,0.000000,0.00e+00,7.8148,0.0000
Serial,250,1000,32,1,1,3,0.001815,0.000000,0.00e+00,8.8140,0.0000
Serial,250,1000,32,1,1,4,0.001905,0.000000,0.00e+00,8.3975,0.0000
Serial,250,1000,32,1,1,5,0.001796,0.000000,0.00e+00,8.9063,0.0000
Naive_SMP,250,1000,32,1,40,1,0.003362,0.003719,0.00e+00,4.7596,1.1064
Naive_SMP,250,1000,32,1,40,2,0.003323,0.000000,0.00e+00,4.8151,0.0000
Naive_SMP,250,1000,32,1,40,3,0.003279,0.000000,0.00e+00,4.8799,0.0000
Naive_SMP,250,1000,32,1,40,4,0.003282,0.000000,0.00e+00,4.8745,0.0000
Naive_SMP,250,1000,32,1,40,5,0.003300,0.000000,0.00e+00,4.8478,0.0000
Naive_Hybrid,250,1000,32,2,20,1,0.000234,0.005382,0.00e+00,68.4304,23.0182
Naive_Hybrid,250,1000,32,2,20,2,0.000232,0.000000,0.00e+00,69.0333,0.0000
Naive_Hybrid,250,1000,32,2,20,3,0.000232,0.000000,0.00e+00,68.8984,0.0000
Naive_Hybrid,250,1000,32,2,20,4,0.000233,0.000000,0.00e+00,68.7766,0.0000
Naive_Hybrid,250,1000,32,2,20,5,0.000234,0.000000,0.00e+00,68.5122,0.0000
Opt_SMP,250,1000,32,1,40,1,0.001934,0.003784,0.00e+00,8.2731,1.9568
Opt_SMP,250,1000,32,1,40,2,0.001919,0.000000,0.00e+00,8.3377,0.0000
Opt_SMP,250,1000,32,1,40,3,0.001935,0.000000,0.00e+00,8.2694,0.0000
Opt_SMP,250,1000,32,1,40,4,0.001945,0.000000,0.00e+00,8.2246,0.0000
Opt_SMP,250,1000,32,1,40,5,0.001909,0.000000,0.00e+00,8.3819,0.0000
Opt_Hybrid,250,1000,32,2,20,1,0.000129,0.005382,0.00e+00,124.4378,41.8603
Opt_Hybrid,250,1000,32,2,20,2,0.000129,0.000000,0.00e+00,124.4448,0.0000
Opt_Hybrid,250,1000,32,2,20,3,0.000129,0.000000,0.00e+00,124.2006,0.0000
Opt_Hybrid,250,1000,32,2,20,4,0.000146,0.000000,0.00e+00,109.7249,0.0000
Opt_Hybrid,250,1000,32,2,20,5,0.000129,0.000000,0.00e+00,124.0504,0.0000
Opt_Hybrid,250,1000,32,4,10,1,0.000139,0.004524,1.50e-15,114.8470,32.4720
Opt_Hybrid,250,1000,32,4,10,2,0.000121,0.000000,0.00e+00,131.8706,0.0000
Opt_Hybrid,250,1000,32,4,10,3,0.000121,0.000000,0.00e+00,132.0267,0.0000
Opt_Hybrid,250,1000,32,4,10,4,0.000123,0.000000,0.00e+00,129.6944,0.0000
Opt_Hybrid,250,1000,32,4,10,5,0.000132,0.000000,0.00e+00,121.6661,0.0000
Opt_Hybrid,250,1000,32,8,5,1,0.002698,0.004140,1.50e-15,5.9298,1.5342
Opt_Hybrid,250,1000,32,8,5,2,0.002558,0.000000,0.00e+00,6.2546,0.0000
Opt_Hybrid,250,1000,32,8,5,3,0.002523,0.000000,0.00e+00,6.3428,0.0000
Opt_Hybrid,250,1000,32,8,5,4,0.002835,0.000000,0.00e+00,5.6435,0.0000
Opt_Hybrid,250,1000,32,8,5,5,0.002599,0.000000,0.00e+00,6.1553,0.0000
