Mode,Backend,M,N,k,MPI_Ranks,GridRows,GridCols,OMP_Threads,CUDA_Arch,Run,ParallelTime,SequentialTime,RelativeError,GFLOPS,SpeedUp
Serial,OMP,2000,2000,3,1,0,0,1,,1,0.008945,0.013120,0.00e+00,2.6830,1.4667
Serial,OMP,2000,2000,3,1,0,0,1,,2,0.008964,0.000000,0.00e+00,2.6773,0.0000
Serial,OMP,2000,2000,3,1,0,0,1,,3,0.009316,0.000000,0.00e+00,2.5763,0.0000
Naive_SMP,OMP,2000,2000,3,1,0,0,40,,1,0.013589,0.013386,0.00e+00,1.7661,0.9850
Naive_SMP,OMP,2000,2000,3,1,0,0,40,,2,0.013414,0.000000,0.00e+00,1.7892,0.0000
Naive_SMP,OMP,2000,2000,3,1,0,0,40,,3,0.013532,0.000000,0.00e+00,1.7736,0.0000
Naive_Hybrid,OMP,2000,2000,3,2,0,0,20,,1,0.002050,0.013898,0.00e+00,11.7052,6.7785
Naive_Hybrid,OMP,2000,2000,3,2,0,0,20,,2,0.002030,0.000000,0.00e+00,11.8249,0.0000
Naive_Hybrid,OMP,2000,2000,3,2,0,0,20,,3,0.013829,0.000000,0.00e+00,1.7355,0.0000
Opt_SMP,OMP,2000,2000,3,1,0,0,40,,1,0.009106,0.013119,0.00e+00,2.6356,1.4407
Opt_SMP,OMP,2000,2000,3,1,0,0,40,,2,0.009142,0.000000,0.00e+00,2.6252,0.0000
Opt_SMP,OMP,2000,2000,3,1,0,0,40,,3,0.009106,0.000000,0.00e+00,2.6357,0.0000
Opt_Hybrid,OMP,2000,2000,3,2,0,0,20,,1,0.009323,0.013505,0.00e+00,2.5744,1.4486
Opt_Hybrid,OMP,2000,2000,3,2,0,0,20,,2,0.010773,0.000000,0.00e+00,2.2279,0.0000
Opt_Hybrid,OMP,2000,2000,3,2,0,0,20,,3,0.000654,0.000000,0.00e+00,36.7085,0.0000
Opt_Hybrid,OMP,2000,2000,3,4,0,0,10,,1,0.000602,0.013603,2.36e-06,39.8544,22.5893
Opt_Hybrid,OMP,2000,2000,3,4,0,0,10,,2,0.000596,0.000000,0.00e+00,40.2748,0.0000
Opt_Hybrid,OMP,2000,2000,3,4,0,0,10,,3,0.000579,0.000000,0.00e+00,41.4432,0.0000
Opt_Hybrid,OMP,2000,2000,3,8,0,0,5,,1,0.002424,0.014587,2.36e-06,9.8998,6.0170
Opt_Hybrid,OMP,2000,2000,3,8,0,0,5,,2,0.001612,0.000000,0.00e+00,14.8929,0.0000
Opt_Hybrid,OMP,2000,2000,3,8,0,0,5,,3,0.002598,0.000000,0.00e+00,9.2390,0.0000
Opt_Grid1x8,OMP,2000,2000,3,8,1,8,1,,1,0.006279,0.014276,2.72e-06,3.8221,2.2734
Opt_Grid1x8,OMP,2000,2000,3,8,1,8,1,,2,0.004977,0.000000,0.00e+00,4.8223,0.0000
Opt_Grid1x8,OMP,2000,2000,3,8,1,8,1,,3,0.006408,0.000000,0.00e+00,3.7452,0.0000
Opt_Grid8x1,OMP,2000,2000,3,8,8,1,1,,1,0.004801,0.014230,0.00e+00,4.9992,2.9641
Opt_Grid8x1,OMP,2000,2000,3,8,8,1,1,,2,0.004716,0.000000,0.00e+00,5.0889,0.0000
Opt_Grid8x1,OMP,2000,2000,3,8,8,1,1,,3,0.004881,0.000000,0.00e+00,4.9171,0.0000
Opt_Grid2x4,OMP,2000,2000,3,8,2,4,1,,1,0.005180,0.014078,3.11e-06,4.6335,2.7180
Opt_Grid2x4,OMP,2000,2000,3,8,2,4,1,,2,0.004978,0.000000,0.00e+00,4.8217,0.0000
Opt_Grid2x4,OMP,2000,2000,3,8,2,4,1,,3,0.004753,0.000000,0.00e+00,5.0496,0.0000
Serial,OMP,2000,2000,6,1,0,0,1,,1,0.009960,0.018105,0.00e+00,4.8193,1.8178
Serial,OMP,2000,2000,6,1,0,0,1,,2,0.009998,0.000000,0.00e+00,4.8012,0.0000
Serial,OMP,2000,2000,6,1,0,0,1,,3,0.009977,0.000000,0.00e+00,4.8109,0.0000
Naive_SMP,OMP,2000,2000,6,1,0,0,40,,1,0.018281,0.018157,0.00e+00,2.6257,0.9932
Naive_SMP,OMP,2000,2000,6,1,0,0,40,,2,0.018192,0.000000,0.00e+00,2.6385,0.0000
Naive_SMP,OMP,2000,2000,6,1,0,0,40,,3,0.018189,0.000000,0.00e+00,2.6390,0.0000
Naive_Hybrid,OMP,2000,2000,6,2,0,0,20,,1,0.013882,0.018550,0.00e+00,3.4578,1.3363
Naive_Hybrid,OMP,2000,2000,6,2,0,0,20,,2,0.013565,0.000000,0.00e+00,3.5386,0.0000
Naive_Hybrid,OMP,2000,2000,6,2,0,0,20,,3,0.016386,0.000000,0.00e+00,2.9294,0.0000
Opt_SMP,OMP,2000,2000,6,1,0,0,40,,1,0.010080,0.017802,0.00e+00,4.7619,1.7660
Opt_SMP,OMP,2000,2000,6,1,0,0,40,,2,0.009897,0.000000,0.00e+00,4.8502,0.0000
Opt_SMP,OMP,2000,2000,6,1,0,0,40,,3,0.009880,0.000000,0.00e+00,4.8584,0.0000
Opt_Hybrid,OMP,2000,2000,6,2,0,0,20,,1,0.000579,0.018165,0.00e+00,82.8817,31.3660
Opt_Hybrid,OMP,2000,2000,6,2,0,0,20,,2,0.006461,0.000000,0.00e+00,7.4293,0.0000
Opt_Hybrid,OMP,2000,2000,6,2,0,0,20,,3,0.000813,0.000000,0.00e+00,59.0468,0.0000
Opt_Hybrid,OMP,2000,2000,6,4,0,0,10,,1,0.000583,0.018293,2.37e-06,82.3692,31.3905
Opt_Hybrid,OMP,2000,2000,6,4,0,0,10,,2,0.000591,0.000000,0.00e+00,81.2164,0.0000
Opt_Hybrid,OMP,2000,2000,6,4,0,0,10,,3,0.000586,0.000000,0.00e+00,81.9155,0.0000
Opt_Hybrid,OMP,2000,2000,6,8,0,0,5,,1,0.002843,0.019031,2.37e-06,16.8857,6.6947
Opt_Hybrid,OMP,2000,2000,6,8,0,0,5,,2,0.001086,0.000000,0.00e+00,44.2092,0.0000
Opt_Hybrid,OMP,2000,2000,6,8,0,0,5,,3,0.001049,0.000000,0.00e+00,45.7672,0.0000
Opt_Grid1x8,OMP,2000,2000,6,8,1,8,1,,1,0.005017,0.018714,1.55e-06,9.5683,3.7304
Opt_Grid1x8,OMP,2000,2000,6,8,1,8,1,,2,0.004819,0.000000,0.00e+00,9.9612,0.0000
Opt_Grid1x8,OMP,2000,2000,6,8,1,8,1,,3,0.005390,0.000000,0.00e+00,8.9050,0.0000
Opt_Grid8x1,OMP,2000,2000,6,8,8,1,1,,1,0.005111,0.018870,0.00e+00,9.3924,3.6923
Opt_Grid8x1,OMP,2000,2000,6,8,8,1,1,,2,0.005121,0.000000,0.00e+00,9.3724,0.0000
Opt_Grid8x1,OMP,2000,2000,6,8,8,1,1,,3,0.005013,0.000000,0.00e+00,9.5752,0.0000
Opt_Grid2x4,OMP,2000,2000,6,8,2,4,1,,1,0.006317,0.018746,1.59e-06,7.5986,2.9676
Opt_Grid2x4,OMP,2000,2000,6,8,2,4,1,,2,0.005044,0.000000,0.00e+00,9.5168,0.0000
Opt_Grid2x4,OMP,2000,2000,6,8,2,4,1,,3,0.003848,0.000000,0.00e+00,12.4747,0.0000
Serial,OMP,2000,2000,8,1,0,0,1,,1,0.008839,0.013479,0.00e+00,7.2407,1.5250
Serial,OMP,2000,2000,8,1,0,0,1,,2,0.008857,0.000000,0.00e+00,7.2261,0.0000
Serial,OMP,2000,2000,8,1,0,0,1,,3,0.008857,0.000000,0.00e+00,7.2260,0.0000
Naive_SMP,OMP,2000,2000,8,1,0,0,40,,1,0.011586,0.013359,0.00e+00,5.5237,1.1530
Naive_SMP,OMP,2000,2000,8,1,0,0,40,,2,0.011641,0.000000,0.00e+00,5.4980,0.0000
Naive_SMP,OMP,2000,2000,8,1,0,0,40,,3,0.011556,0.000000,0.00e+00,5.5383,0.0000
Naive_Hybrid,OMP,2000,2000,8,2,0,0,20,,1,0.001786,0.013402,0.00e+00,35.8402,7.5051
Naive_Hybrid,OMP,2000,2000,8,2,0,0,20,,2,0.000710,0.000000,0.00e+00,90.1105,0.0000
Naive_Hybrid,OMP,2000,2000,8,2,0,0,20,,3,0.000912,0.000000,0.00e+00,70.2133,0.0000
Opt_SMP,OMP,2000,2000,8,1,0,0,40,,1,0.007624,0.013175,0.00e+00,8.3944,1.7280
Opt_SMP,OMP,2000,2000,8,1,0,0,40,,2,0.007631,0.000000,0.00e+00,8.3869,0.0000
Opt_SMP,OMP,2000,2000,8,1,0,0,40,,3,0.007811,0.000000,0.00e+00,8.1931,0.0000
Opt_Hybrid,OMP,2000,2000,8,2,0,0,20,,1,0.010909,0.013619,0.00e+00,5.8668,1.2485
Opt_Hybrid,OMP,2000,2000,8,2,0,0,20,,2,0.002185,0.000000,0.00e+00,29.2889,0.0000
Opt_Hybrid,OMP,2000,2000,8,2,0,0,20,,3,0.002185,0.000000,0.00e+00,29.2907,0.0000
Opt_Hybrid,OMP,2000,2000,8,4,0,0,10,,1,0.000501,0.013798,1.15e-06,127.8492,27.5629
Opt_Hybrid,OMP,2000,2000,8,4,0,0,10,,2,0.000488,0.000000,0.00e+00,131.1014,0.0000
Opt_Hybrid,OMP,2000,2000,8,4,0,0,10,,3,0.000487,0.000000,0.00e+00,131.4045,0.0000
Opt_Hybrid,OMP,2000,2000,8,8,0,0,5,,1,0.001991,0.014080,1.15e-06,32.1489,7.0727
Opt_Hybrid,OMP,2000,2000,8,8,0,0,5,,2,0.001285,0.000000,0.00e+00,49.7914,0.0000
Opt_Hybrid,OMP,2000,2000,8,8,0,0,5,,3,0.001705,0.000000,0.00e+00,37.5436,0.0000
Opt_Grid1x8,OMP,2000,2000,8,8,1,8,1,,1,0.003651,0.014323,1.08e-06,17.5294,3.9231
Opt_Grid1x8,OMP,2000,2000,8,8,1,8,1,,2,0.003212,0.000000,0.00e+00,19.9282,0.0000
Opt_Grid1x8,OMP,2000,2000,8,8,1,8,1,,3,0.004333,0.000000,0.00e+00,14.7706,0.0000
Opt_Grid8x1,OMP,2000,2000,8,8,8,1,1,,1,0.004447,0.014328,0.00e+00,14.3917,3.2218
Opt_Grid8x1,OMP,2000,2000,8,8,8,1,1,,2,0.003979,0.000000,0.00e+00,16.0834,0.0000
Opt_Grid8x1,OMP,2000,2000,8,8,8,1,1,,3,0.003200,0.000000,0.00e+00,20.0013,0.0000
Opt_Grid2x4,OMP,2000,2000,8,8,2,4,1,,1,0.004464,0.014117,1.18e-06,14.3357,3.1622
Opt_Grid2x4,OMP,2000,2000,8,8,2,4,1,,2,0.003165,0.000000,0.00e+00,20.2199,0.0000
Opt_Grid2x4,OMP,2000,2000,8,8,2,4,1,,3,0.003709,0.000000,0.00e+00,17.2555,0.0000
Serial,OMP,2000,2000,20,1,0,0,1,,1,0.014363,0.019060,0.00e+00,11.1395,1.3270
Serial,OMP,2000,2000,20,1,0,0,1,,2,0.014316,0.000000,0.00e+00,11.1760,0.0000
Serial,OMP,2000,2000,20,1,0,0,1,,3,0.014546,0.000000,0.00e+00,10.9996,0.0000
Naive_SMP,OMP,2000,2000,20,1,0,0,40,,1,0.020044,0.019510,0.00e+00,7.9825,0.9734
Naive_SMP,OMP,2000,2000,20,1,0,0,40,,2,0.019983,0.000000,0.00e+00,8.0070,0.0000
Naive_SMP,OMP,2000,2000,20,1,0,0,40,,3,0.020043,0.000000,0.00e+00,7.9830,0.0000
Naive_Hybrid,OMP,2000,2000,20,2,0,0,20,,1,0.007135,0.019622,0.00e+00,22.4255,2.7502
Naive_Hybrid,OMP,2000,2000,20,2,0,0,20,,2,0.013902,0.000000,0.00e+00,11.5090,0.0000
Naive_Hybrid,OMP,2000,2000,20,2,0,0,20,,3,0.002520,0.000000,0.00e+00,63.4852,0.0000
Opt_SMP,OMP,2000,2000,20,1,0,0,40,,1,0.012329,0.019028,0.00e+00,12.9775,1.5433
Opt_SMP,OMP,2000,2000,20,1,0,0,40,,2,0.012208,0.000000,0.00e+00,13.1067,0.0000
Opt_SMP,OMP,2000,2000,20,1,0,0,40,,3,0.012174,0.000000,0.00e+00,13.1425,0.0000
Opt_Hybrid,OMP,2000,2000,20,2,0,0,20,,1,0.003278,0.019863,0.00e+00,48.8088,6.0593
Opt_Hybrid,OMP,2000,2000,20,2,0,0,20,,2,0.008933,0.000000,0.00e+00,17.9109,0.0000
Opt_Hybrid,OMP,2000,2000,20,2,0,0,20,,3,0.002752,0.000000,0.00e+00,58.1461,0.0000
Opt_Hybrid,OMP,2000,2000,20,4,0,0,10,,1,0.000804,0.019514,1.92e-06,199.0582,24.2780
Opt_Hybrid,OMP,2000,2000,20,4,0,0,10,,2,0.000804,0.000000,0.00e+00,198.8858,0.0000
Opt_Hybrid,OMP,2000,2000,20,4,0,0,10,,3,0.000795,0.000000,0.00e+00,201.1895,0.0000
Opt_Hybrid,OMP,2000,2000,20,8,0,0,5,,1,0.002687,0.020620,1.92e-06,59.5503,7.6745
Opt_Hybrid,OMP,2000,2000,20,8,0,0,5,,2,0.002415,0.000000,0.00e+00,66.2518,0.0000
Opt_Hybrid,OMP,2000,2000,20,8,0,0,5,,3,0.002985,0.000000,0.00e+00,53.6004,0.0000
Opt_Grid1x8,OMP,2000,2000,20,8,1,8,1,,1,0.006920,0.022494,1.49e-06,23.1218,3.2507
Opt_Grid1x8,OMP,2000,2000,20,8,1,8,1,,2,0.006749,0.000000,0.00e+00,23.7077,0.0000
Opt_Grid1x8,OMP,2000,2000,20,8,1,8,1,,3,0.006965,0.000000,0.00e+00,22.9724,0.0000
Opt_Grid8x1,OMP,2000,2000,20,8,8,1,1,,1,0.005790,0.020694,0.00e+00,27.6332,3.5740
Opt_Grid8x1,OMP,2000,2000,20,8,8,1,1,,2,0.006798,0.000000,0.00e+00,23.5363,0.0000
Opt_Grid8x1,OMP,2000,2000,20,8,8,1,1,,3,0.005545,0.000000,0.00e+00,28.8558,0.0000
Opt_Grid2x4,OMP,2000,2000,20,8,2,4,1,,1,0.006852,0.020191,1.86e-06,23.3497,2.9466
Opt_Grid2x4,OMP,2000,2000,20,8,2,4,1,,2,0.006777,0.000000,0.00e+00,23.6094,0.0000
Opt_Grid2x4,OMP,2000,2000,20,8,2,4,1,,3,0.005913,0.000000,0.00e+00,27.0584,0.0000
Serial,OMP,2000,2000,32,1,0,0,1,,1,0.019824,0.028445,0.00e+00,12.9136,1.4349
Serial,OMP,2000,2000,32,1,0,0,1,,2,0.020127,0.000000,0.00e+00,12.7195,0.0000
Serial,OMP,2000,2000,32,1,0,0,1,,3,0.020319,0.000000,0.00e+00,12.5992,0.0000
Naive_SMP,OMP,2000,2000,32,1,0,0,40,,1,0.027819,0.026641,0.00e+00,9.2024,0.9576
Naive_SMP,OMP,2000,2000,32,1,0,0,40,,2,0.027901,0.000000,0.00e+00,9.1753,0.0000
Naive_SMP,OMP,2000,2000,32,1,0,0,40,,3,0.027692,0.000000,0.00e+00,9.2444,0.0000
Naive_Hybrid,OMP,2000,2000,32,2,0,0,20,,1,0.014818,0.029063,0.00e+00,17.2761,1.9613
Naive_Hybrid,OMP,2000,2000,32,2,0,0,20,,2,0.005366,0.000000,0.00e+00,47.7072,0.0000
Naive_Hybrid,OMP,2000,2000,32,2,0,0,20,,3,0.008746,0.000000,0.00e+00,29.2697,0.0000
Opt_SMP,OMP,2000,2000,32,1,0,0,40,,1,0.017660,0.028582,0.00e+00,14.4960,1.6184
Opt_SMP,OMP,2000,2000,32,1,0,0,40,,2,0.017572,0.000000,0.00e+00,14.5686,0.0000
Opt_SMP,OMP,2000,2000,32,1,0,0,40,,3,0.017510,0.000000,0.00e+00,14.6201,0.0000
Opt_Hybrid,OMP,2000,2000,32,2,0,0,20,,1,0.017512,0.029101,0.00e+00,14.6185,1.6618
Opt_Hybrid,OMP,2000,2000,32,2,0,0,20,,2,0.016176,0.000000,0.00e+00,15.8260,0.0000
Opt_Hybrid,OMP,2000,2000,32,2,0,0,20,,3,0.007519,0.000000,0.00e+00,34.0462,0.0000
Opt_Hybrid,OMP,2000,2000,32,4,0,0,10,,1,0.001117,0.027314,1.56e-06,229.1083,24.4448
Opt_Hybrid,OMP,2000,2000,32,4,0,0,10,,2,0.001120,0.000000,0.00e+00,228.5608,0.0000
Opt_Hybrid,OMP,2000,2000,32,4,0,0,10,,3,0.001122,0.000000,0.00e+00,228.1565,0.0000
Opt_Hybrid,OMP,2000,2000,32,8,0,0,5,,1,0.003240,0.028562,1.56e-06,79.0201,8.8164
Opt_Hybrid,OMP,2000,2000,32,8,0,0,5,,2,0.004358,0.000000,0.00e+00,58.7365,0.0000
Opt_Hybrid,OMP,2000,2000,32,8,0,0,5,,3,0.002913,0.000000,0.00e+00,87.8920,0.0000
Opt_Grid1x8,OMP,2000,2000,32,8,1,8,1,,1,0.009559,0.031139,1.45e-06,26.7804,3.2575
Opt_Grid1x8,OMP,2000,2000,32,8,1,8,1,,2,0.009410,0.000000,0.00e+00,27.2038,0.0000
Opt_Grid1x8,OMP,2000,2000,32,8,1,8,1,,3,0.009303,0.000000,0.00e+00,27.5184,0.0000
Opt_Grid8x1,OMP,2000,2000,32,8,8,1,1,,1,0.009445,0.031136,0.00e+00,27.1044,3.2965
Opt_Grid8x1,OMP,2000,2000,32,8,8,1,1,,2,0.008893,0.000000,0.00e+00,28.7881,0.0000
Opt_Grid8x1,OMP,2000,2000,32,8,8,1,1,,3,0.008484,0.000000,0.00e+00,30.1735,0.0000
Opt_Grid2x4,OMP,2000,2000,32,8,2,4,1,,1,0.008129,0.028338,1.48e-06,31.4927,3.4860
Opt_Grid2x4,OMP,2000,2000,32,8,2,4,1,,2,0.008890,0.000000,0.00e+00,28.7968,0.0000
Opt_Grid2x4,OMP,2000,2000,32,8,2,4,1,,3,0.009088,0.000000,0.00e+00,28.1703,0.0000
Serial,OMP,2000,4000,3,1,0,0,1,,1,0.018251,0.027167,0.00e+00,2.6299,1.4885
Serial,OMP,2000,4000,3,1,0,0,1,,2,0.018229,0.000000,0.00e+00,2.6332,0.0000
Serial,OMP,2000,4000,3,1,0,0,1,,3,0.018358,0.000000,0.00e+00,2.6146,0.0000
Naive_SMP,OMP,2000,4000,3,1,0,0,40,,1,0.027110,0.027088,0.00e+00,1.7706,0.9992
Naive_SMP,OMP,2000,4000,3,1,0,0,40,,2,0.027040,0.000000,0.00e+00,1.7752,0.0000
Naive_SMP,OMP,2000,4000,3,1,0,0,40,,3,0.026981,0.000000,0.00e+00,1.7790,0.0000
Naive_Hybrid,OMP,2000,4000,3,2,0,0,20,,1,0.008732,0.027594,0.00e+00,5.4972,3.1603
Naive_Hybrid,OMP,2000,4000,3,2,0,0,20,,2,0.005542,0.000000,0.00e+00,8.6618,0.0000
Naive_Hybrid,OMP,2000,4000,3,2,0,0,20,,3,0.012862,0.000000,0.00e+00,3.7321,0.0000
Opt_SMP,OMP,2000,4000,3,1,0,0,40,,1,0.018111,0.026877,0.00e+00,2.6503,1.4840
Opt_SMP,OMP,2000,4000,3,1,0,0,40,,2,0.018030,0.000000,0.00e+00,2.6622,0.0000
Opt_SMP,OMP,2000,4000,3,1,0,0,40,,3,0.017978,0.000000,0.00e+00,2.6700,0.0000
Opt_Hybrid,OMP,2000,4000,3,2,0,0,20,,1,0.002485,0.026933,0.00e+00,19.3183,10.8395
Opt_Hybrid,OMP,2000,4000,3,2,0,0,20,,2,0.016065,0.000000,0.00e+00,2.9879,0.0000
Opt_Hybrid,OMP,2000,4000,3,2,0,0,20,,3,0.003245,0.000000,0.00e+00,14.7922,0.0000
Opt_Hybrid,OMP,2000,4000,3,4,0,0,10,,1,0.001220,0.027749,6.80e-06,39.3393,22.7421
Opt_Hybrid,OMP,2000,4000,3,4,0,0,10,,2,0.001179,0.000000,0.00e+00,40.7262,0.0000
Opt_Hybrid,OMP,2000,4000,3,4,0,0,10,,3,0.001207,0.000000,0.00e+00,39.7600,0.0000
Opt_Hybrid,OMP,2000,4000,3,8,0,0,5,,1,0.002684,0.028422,6.80e-06,17.8862,10.5910
Opt_Hybrid,OMP,2000,4000,3,8,0,0,5,,2,0.003119,0.000000,0.00e+00,15.3914,0.0000
Opt_Hybrid,OMP,2000,4000,3,8,0,0,5,,3,0.002343,0.000000,0.00e+00,20.4839,0.0000
Opt_Grid1x8,OMP,2000,4000,3,8,1,8,1,,1,0.009938,0.028308,5.98e-06,4.8299,2.8484
Opt_Grid1x8,OMP,2000,4000,3,8,1,8,1,,2,0.009857,0.000000,0.00e+00,4.8696,0.0000
Opt_Grid1x8,OMP,2000,4000,3,8,1,8,1,,3,0.010021,0.000000,0.00e+00,4.7898,0.0000
Opt_Grid8x1,OMP,2000,4000,3,8,8,1,1,,1,0.008986,0.028350,0.00e+00,5.3415,3.1549
Opt_Grid8x1,OMP,2000,4000,3,8,8,1,1,,2,0.008958,0.000000,0.00e+00,5.3583,0.0000
Opt_Grid8x1,OMP,2000,4000,3,8,8,1,1,,3,0.009730,0.000000,0.00e+00,4.9331,0.0000
Opt_Grid2x4,OMP,2000,4000,3,8,2,4,1,,1,0.009705,0.027668,5.99e-06,4.9460,2.8510
Opt_Grid2x4,OMP,2000,4000,3,8,2,4,1,,2,0.009870,0.000000,0.00e+00,4.8634,0.0000
Opt_Grid2x4,OMP,2000,4000,3,8,2,4,1,,3,0.011299,0.000000,0.00e+00,4.2483,0.0000
Serial,OMP,2000,4000,6,1,0,0,1,,1,0.019888,0.035896,0.00e+00,4.8270,1.8049
Serial,OMP,2000,4000,6,1,0,0,1,,2,0.019866,0.000000,0.00e+00,4.8324,0.0000
Serial,OMP,2000,4000,6,1,0,0,1,,3,0.019776,0.000000,0.00e+00,4.8544,0.0000
Naive_SMP,OMP,2000,4000,6,1,0,0,40,,1,0.035980,0.035930,0.00e+00,2.6682,0.9986
Naive_SMP,OMP,2000,4000,6,1,0,0,40,,2,0.035653,0.000000,0.00e+00,2.6926,0.0000
Naive_SMP,OMP,2000,4000,6,1,0,0,40,,3,0.035520,0.000000,0.00e+00,2.7027,0.0000
Naive_Hybrid,OMP,2000,4000,6,2,0,0,20,,1,0.011368,0.036172,0.00e+00,8.4449,3.1820
Naive_Hybrid,OMP,2000,4000,6,2,0,0,20,,2,0.010641,0.000000,0.00e+00,9.0213,0.0000
Naive_Hybrid,OMP,2000,4000,6,2,0,0,20,,3,0.018143,0.000000,0.00e+00,5.2913,0.0000
Opt_SMP,OMP,2000,4000,6,1,0,0,40,,1,0.020264,0.036642,0.00e+00,4.7374,1.8082
Opt_SMP,OMP,2000,4000,6,1,0,0,40,,2,0.020180,0.000000,0.00e+00,4.7571,0.0000
Opt_SMP,OMP,2000,4000,6,1,0,0,40,,3,0.020150,0.000000,0.00e+00,4.7644,0.0000
Opt_Hybrid,OMP,2000,4000,6,2,0,0,20,,1,0.006086,0.037086,0.00e+00,15.7751,6.0942
Opt_Hybrid,OMP,2000,4000,6,2,0,0,20,,2,0.003439,0.000000,0.00e+00,27.9143,0.0000
Opt_Hybrid,OMP,2000,4000,6,2,0,0,20,,3,0.008102,0.000000,0.00e+00,11.8494,0.0000
Opt_Hybrid,OMP,2000,4000,6,4,0,0,10,,1,0.001157,0.036207,3.43e-06,82.9796,31.2966
Opt_Hybrid,OMP,2000,4000,6,4,0,0,10,,2,0.001157,0.000000,0.00e+00,82.9566,0.0000
Opt_Hybrid,OMP,2000,4000,6,4,0,0,10,,3,0.001170,0.000000,0.00e+00,82.0582,0.0000
Opt_Hybrid,OMP,2000,4000,6,8,0,0,5,,1,0.004158,0.037612,3.43e-06,23.0852,9.0446
Opt_Hybrid,OMP,2000,4000,6,8,0,0,5,,2,0.002788,0.000000,0.00e+00,34.4286,0.0000
Opt_Hybrid,OMP,2000,4000,6,8,0,0,5,,3,0.002684,0.000000,0.00e+00,35.7706,0.0000
Opt_Grid1x8,OMP,2000,4000,6,8,1,8,1,,1,0.011916,0.037818,2.44e-06,8.0565,3.1738
Opt_Grid1x8,OMP,2000,4000,6,8,1,8,1,,2,0.010205,0.000000,0.00e+00,9.4075,0.0000
Opt_Grid1x8,OMP,2000,4000,6,8,1,8,1,,3,0.010227,0.000000,0.00e+00,9.3872,0.0000
Opt_Grid8x1,OMP,2000,4000,6,8,8,1,1,,1,0.009980,0.037926,0.00e+00,9.6195,3.8004
Opt_Grid8x1,OMP,2000,4000,6,8,8,1,1,,2,0.010057,0.000000,0.00e+00,9.5456,0.0000
Opt_Grid8x1,OMP,2000,4000,6,8,8,1,1,,3,0.009994,0.000000,0.00e+00,9.6062,0.0000
Opt_Grid2x4,OMP,2000,4000,6,8,2,4,1,,1,0.009876,0.037343,2.14e-06,9.7202,3.7810
Opt_Grid2x4,OMP,2000,4000,6,8,2,4,1,,2,0.009815,0.000000,0.00e+00,9.7811,0.0000
Opt_Grid2x4,OMP,2000,4000,6,8,2,4,1,,3,0.010654,0.000000,0.00e+00,9.0109,0.0000
Serial,OMP,2000,4000,8,1,0,0,1,,1,0.018181,0.027396,0.00e+00,7.0405,1.5069
Serial,OMP,2000,4000,8,1,0,0,1,,2,0.017955,0.000000,0.00e+00,7.1291,0.0000
Serial,OMP,2000,4000,8,1,0,0,1,,3,0.018139,0.000000,0.00e+00,7.0565,0.0000
Naive_SMP,OMP,2000,4000,8,1,0,0,40,,1,0.023537,0.027860,0.00e+00,5.4382,1.1837
Naive_SMP,OMP,2000,4000,8,1,0,0,40,,2,0.023504,0.000000,0.00e+00,5.4460,0.0000
Naive_SMP,OMP,2000,4000,8,1,0,0,40,,3,0.023507,0.000000,0.00e+00,5.4451,0.0000
Naive_Hybrid,OMP,2000,4000,8,2,0,0,20,,1,0.004514,0.028447,0.00e+00,28.3574,6.3023
Naive_Hybrid,OMP,2000,4000,8,2,0,0,20,,2,0.015032,0.000000,0.00e+00,8.5153,0.0000
Naive_Hybrid,OMP,2000,4000,8,2,0,0,20,,3,0.008868,0.000000,0.00e+00,14.4335,0.0000
Opt_SMP,OMP,2000,4000,8,1,0,0,40,,1,0.015238,0.027388,0.00e+00,8.4002,1.7974
Opt_SMP,OMP,2000,4000,8,1,0,0,40,,2,0.015203,0.000000,0.00e+00,8.4192,0.0000
Opt_SMP,OMP,2000,4000,8,1,0,0,40,,3,0.015122,0.000000,0.00e+00,8.4646,0.0000
Opt_Hybrid,OMP,2000,4000,8,2,0,0,20,,1,0.010465,0.027683,0.00e+00,12.2312,2.6452
Opt_Hybrid,OMP,2000,4000,8,2,0,0,20,,2,0.006683,0.000000,0.00e+00,19.1529,0.0000
Opt_Hybrid,OMP,2000,4000,8,2,0,0,20,,3,0.003748,0.000000,0.00e+00,34.1505,0.0000
Opt_Hybrid,OMP,2000,4000,8,4,0,0,10,,1,0.000980,0.027565,3.35e-06,130.6401,28.1333
Opt_Hybrid,OMP,2000,4000,8,4,0,0,10,,2,0.000978,0.000000,0.00e+00,130.8393,0.0000
Opt_Hybrid,OMP,2000,4000,8,4,0,0,10,,3,0.000973,0.000000,0.00e+00,131.5009,0.0000
Opt_Hybrid,OMP,2000,4000,8,8,0,0,5,,1,0.002983,0.028968,3.35e-06,42.9129,9.7118
Opt_Hybrid,OMP,2000,4000,8,8,0,0,5,,2,0.001091,0.000000,0.00e+00,117.2934,0.0000
Opt_Hybrid,OMP,2000,4000,8,8,0,0,5,,3,0.002905,0.000000,0.00e+00,44.0691,0.0000
Opt_Grid1x8,OMP,2000,4000,8,8,1,8,1,,1,0.007866,0.028791,3.40e-06,16.2725,3.6602
Opt_Grid1x8,OMP,2000,4000,8,8,1,8,1,,2,0.007939,0.000000,0.00e+00,16.1232,0.0000
Opt_Grid1x8,OMP,2000,4000,8,8,1,8,1,,3,0.008861,0.000000,0.00e+00,14.4456,0.0000
Opt_Grid8x1,OMP,2000,4000,8,8,8,1,1,,1,0.007596,0.028422,0.00e+00,16.8500,3.7416
Opt_Grid8x1,OMP,2000,4000,8,8,8,1,1,,2,0.007521,0.000000,0.00e+00,17.0198,0.0000
Opt_Grid8x1,OMP,2000,4000,8,8,8,1,1,,3,0.007321,0.000000,0.00e+00,17.4832,0.0000
Opt_Grid2x4,OMP,2000,4000,8,8,2,4,1,,1,0.007997,0.028927,3.61e-06,16.0064,3.6173
Opt_Grid2x4,OMP,2000,4000,8,8,2,4,1,,2,0.008801,0.000000,0.00e+00,14.5432,0.0000
Opt_Grid2x4,OMP,2000,4000,8,8,2,4,1,,3,0.007714,0.000000,0.00e+00,16.5927,0.0000
Serial,OMP,2000,4000,20,1,0,0,1,,1,0.029622,0.039703,0.00e+00,10.8028,1.3403
Serial,OMP,2000,4000,20,1,0,0,1,,2,0.029731,0.000000,0.00e+00,10.7630,0.0000
Serial,OMP,2000,4000,20,1,0,0,1,,3,0.029802,0.000000,0.00e+00,10.7376,0.0000
Naive_SMP,OMP,2000,4000,20,1,0,0,40,,1,0.040218,0.039058,0.00e+00,7.9566,0.9711
Naive_SMP,OMP,2000,4000,20,1,0,0,40,,2,0.040302,0.000000,0.00e+00,7.9400,0.0000
Naive_SMP,OMP,2000,4000,20,1,0,0,40,,3,0.040191,0.000000,0.00e+00,7.9619,0.0000
Naive_Hybrid,OMP,2000,4000,20,2,0,0,20,,1,0.018116,0.039883,0.00e+00,17.6641,2.2015
Naive_Hybrid,OMP,2000,4000,20,2,0,0,20,,2,0.019209,0.000000,0.00e+00,16.6587,0.0000
Naive_Hybrid,OMP,2000,4000,20,2,0,0,20,,3,0.009484,0.000000,0.00e+00,33.7425,0.0000
Opt_SMP,OMP,2000,4000,20,1,0,0,40,,1,0.024220,0.038227,0.00e+00,13.2125,1.5784
Opt_SMP,OMP,2000,4000,20,1,0,0,40,,2,0.024226,0.000000,0.00e+00,13.2089,0.0000
Opt_SMP,OMP,2000,4000,20,1,0,0,40,,3,0.024220,0.000000,0.00e+00,13.2120,0.0000
Opt_Hybrid,OMP,2000,4000,20,2,0,0,20,,1,0.009810,0.039677,0.00e+00,32.6197,4.0445
Opt_Hybrid,OMP,2000,4000,20,2,0,0,20,,2,0.018552,0.000000,0.00e+00,17.2488,0.0000
Opt_Hybrid,OMP,2000,4000,20,2,0,0,20,,3,0.009758,0.000000,0.00e+00,32.7938,0.0000
Opt_Hybrid,OMP,2000,4000,20,4,0,0,10,,1,0.001609,0.039826,2.61e-06,198.9368,24.7592
Opt_Hybrid,OMP,2000,4000,20,4,0,0,10,,2,0.001613,0.000000,0.00e+00,198.4427,0.0000
Opt_Hybrid,OMP,2000,4000,20,4,0,0,10,,3,0.001734,0.000000,0.00e+00,184.5034,0.0000
Opt_Hybrid,OMP,2000,4000,20,8,0,0,5,,1,0.004987,0.041311,2.61e-06,64.1648,8.2835
Opt_Hybrid,OMP,2000,4000,20,8,0,0,5,,2,0.003238,0.000000,0.00e+00,98.8252,0.0000
Opt_Hybrid,OMP,2000,4000,20,8,0,0,5,,3,0.003162,0.000000,0.00e+00,101.1878,0.0000
Opt_Grid1x8,OMP,2000,4000,20,8,1,8,1,,1,0.012258,0.040552,2.64e-06,26.1048,3.3081
Opt_Grid1x8,OMP,2000,4000,20,8,1,8,1,,2,0.012123,0.000000,0.00e+00,26.3956,0.0000
Opt_Grid1x8,OMP,2000,4000,20,8,1,8,1,,3,0.012669,0.000000,0.00e+00,25.2591,0.0000
Opt_Grid8x1,OMP,2000,4000,20,8,8,1,1,,1,0.012430,0.041821,0.00e+00,25.7447,3.3646
Opt_Grid8x1,OMP,2000,4000,20,8,8,1,1,,2,0.011774,0.000000,0.00e+00,27.1779,0.0000
Opt_Grid8x1,OMP,2000,4000,20,8,8,1,1,,3,0.012371,0.000000,0.00e+00,25.8673,0.0000
Opt_Grid2x4,OMP,2000,4000,20,8,2,4,1,,1,0.012956,0.040803,2.42e-06,24.6999,3.1494
Opt_Grid2x4,OMP,2000,4000,20,8,2,4,1,,2,0.013920,0.000000,0.00e+00,22.9881,0.0000
Opt_Grid2x4,OMP,2000,4000,20,8,2,4,1,,3,0.012066,0.000000,0.00e+00,26.5217,0.0000
Serial,OMP,2000,4000,32,1,0,0,1,,1,0.039659,0.056752,0.00e+00,12.9102,1.4310
Serial,OMP,2000,4000,32,1,0,0,1,,2,0.040535,0.000000,0.00e+00,12.6310,0.0000
Serial,OMP,2000,4000,32,1,0,0,1,,3,0.040417,0.000000,0.00e+00,12.6681,0.0000
Naive_SMP,OMP,2000,4000,32,1,0,0,40,,1,0.056624,0.057559,0.00e+00,9.0421,1.0165
Naive_SMP,OMP,2000,4000,32,1,0,0,40,,2,0.056754,0.000000,0.00e+00,9.0214,0.0000
Naive_SMP,OMP,2000,4000,32,1,0,0,40,,3,0.056577,0.000000,0.00e+00,9.0496,0.0000
Naive_Hybrid,OMP,2000,4000,32,2,0,0,20,,1,0.019715,0.058192,0.00e+00,25.9696,2.9516
Naive_Hybrid,OMP,2000,4000,32,2,0,0,20,,2,0.020776,0.000000,0.00e+00,24.6443,0.0000
Naive_Hybrid,OMP,2000,4000,32,2,0,0,20,,3,0.015815,0.000000,0.00e+00,32.3740,0.0000
Opt_SMP,OMP,2000,4000,32,1,0,0,40,,1,0.034016,0.056872,0.00e+00,15.0517,1.6719
Opt_SMP,OMP,2000,4000,32,1,0,0,40,,2,0.033758,0.000000,0.00e+00,15.1669,0.0000
Opt_SMP,OMP,2000,4000,32,1,0,0,40,,3,0.034115,0.000000,0.00e+00,15.0081,0.0000
Opt_Hybrid,OMP,2000,4000,32,2,0,0,20,,1,0.019316,0.054892,0.00e+00,26.5064,2.8418
Opt_Hybrid,OMP,2000,4000,32,2,0,0,20,,2,0.017838,0.000000,0.00e+00,28.7035,0.0000
Opt_Hybrid,OMP,2000,4000,32,2,0,0,20,,3,0.018345,0.000000,0.00e+00,27.9100,0.0000
Opt_Hybrid,OMP,2000,4000,32,4,0,0,10,,1,0.002418,0.058299,2.82e-06,211.7487,24.1107
Opt_Hybrid,OMP,2000,4000,32,4,0,0,10,,2,0.002308,0.000000,0.00e+00,221.8310,0.0000
Opt_Hybrid,OMP,2000,4000,32,4,0,0,10,,3,0.002309,0.000000,0.00e+00,221.7213,0.0000
Opt_Hybrid,OMP,2000,4000,32,8,0,0,5,,1,0.009665,0.057367,2.82e-06,52.9755,5.9357
Opt_Hybrid,OMP,2000,4000,32,8,0,0,5,,2,0.009100,0.000000,0.00e+00,56.2663,0.0000
Opt_Hybrid,OMP,2000,4000,32,8,0,0,5,,3,0.005021,0.000000,0.00e+00,101.9788,0.0000
Opt_Grid1x8,OMP,2000,4000,32,8,1,8,1,,1,0.017895,0.058209,2.63e-06,28.6106,3.2527
Opt_Grid1x8,OMP,2000,4000,32,8,1,8,1,,2,0.017970,0.000000,0.00e+00,28.4924,0.0000
Opt_Grid1x8,OMP,2000,4000,32,8,1,8,1,,3,0.017124,0.000000,0.00e+00,29.8988,0.0000
Opt_Grid8x1,OMP,2000,4000,32,8,8,1,1,,1,0.018712,0.056798,0.00e+00,27.3616,3.0353
Opt_Grid8x1,OMP,2000,4000,32,8,8,1,1,,2,0.019295,0.000000,0.00e+00,26.5350,0.0000
Opt_Grid8x1,OMP,2000,4000,32,8,8,1,1,,3,0.018673,0.000000,0.00e+00,27.4199,0.0000
Opt_Grid2x4,OMP,2000,4000,32,8,2,4,1,,1,0.017445,0.056766,2.69e-06,29.3495,3.2540
Opt_Grid2x4,OMP,2000,4000,32,8,2,4,1,,2,0.017347,0.000000,0.00e+00,29.5160,0.0000
Opt_Grid2x4,OMP,2000,4000,32,8,2,4,1,,3,0.016961,0.000000,0.00e+00,30.1877,0.0000
Serial,OMP,4000,2000,3,1,0,0,1,,1,0.017947,0.026288,0.00e+00,2.6746,1.4648
Serial,OMP,4000,2000,3,1,0,0,1,,2,0.017928,0.000000,0.00e+00,2.6774,0.0000
Serial,OMP,4000,2000,3,1,0,0,1,,3,0.017948,0.000000,0.00e+00,2.6744,0.0000
Naive_SMP,OMP,4000,2000,3,1,0,0,40,,1,0.026386,0.026365,0.00e+00,1.8191,0.9992
Naive_SMP,OMP,4000,2000,3,1,0,0,40,,2,0.026419,0.000000,0.00e+00,1.8169,0.0000
Naive_SMP,OMP,4000,2000,3,1,0,0,40,,3,0.026413,0.000000,0.00e+00,1.8173,0.0000
Naive_Hybrid,OMP,4000,2000,3,2,0,0,20,,1,0.017423,0.026935,0.00e+00,2.7549,1.5459
Naive_Hybrid,OMP,4000,2000,3,2,0,0,20,,2,0.005328,0.000000,0.00e+00,9.0087,0.0000
Naive_Hybrid,OMP,4000,2000,3,2,0,0,20,,3,0.018189,0.000000,0.00e+00,2.6390,0.0000
Opt_SMP,OMP,4000,2000,3,1,0,0,40,,1,0.018080,0.026264,0.00e+00,2.6549,1.4526
Opt_SMP,OMP,4000,2000,3,1,0,0,40,,2,0.018174,0.000000,0.00e+00,2.6411,0.0000
Opt_SMP,OMP,4000,2000,3,1,0,0,40,,3,0.018115,0.000000,0.00e+00,2.6497,0.0000
Opt_Hybrid,OMP,4000,2000,3,2,0,0,20,,1,0.004033,0.026830,0.00e+00,11.9023,6.6529
Opt_Hybrid,OMP,4000,2000,3,2,0,0,20,,2,0.002852,0.000000,0.00e+00,16.8285,0.0000
Opt_Hybrid,OMP,4000,2000,3,2,0,0,20,,3,0.014188,0.000000,0.00e+00,3.3831,0.0000
Opt_Hybrid,OMP,4000,2000,3,4,0,0,10,,1,0.001249,0.027063,2.36e-06,38.4168,21.6597
Opt_Hybrid,OMP,4000,2000,3,4,0,0,10,,2,0.001221,0.000000,0.00e+00,39.3049,0.0000
Opt_Hybrid,OMP,4000,2000,3,4,0,0,10,,3,0.001228,0.000000,0.00e+00,39.0765,0.0000
Opt_Hybrid,OMP,4000,2000,3,8,0,0,5,,1,0.003432,0.028412,2.36e-06,13.9876,8.2795
Opt_Hybrid,OMP,4000,2000,3,8,0,0,5,,2,0.002891,0.000000,0.00e+00,16.6013,0.0000
Opt_Hybrid,OMP,4000,2000,3,8,0,0,5,,3,0.006526,0.000000,0.00e+00,7.3554,0.0000
Opt_Grid1x8,OMP,4000,2000,3,8,1,8,1,,1,0.010516,0.028017,2.72e-06,4.5644,2.6642
Opt_Grid1x8,OMP,4000,2000,3,8,1,8,1,,2,0.010562,0.000000,0.00e+00,4.5447,0.0000
Opt_Grid1x8,OMP,4000,2000,3,8,1,8,1,,3,0.009355,0.000000,0.00e+00,5.1309,0.0000
Opt_Grid8x1,OMP,4000,2000,3,8,8,1,1,,1,0.009886,0.028606,0.00e+00,4.8553,2.8936
Opt_Grid8x1,OMP,4000,2000,3,8,8,1,1,,2,0.008958,0.000000,0.00e+00,5.3581,0.0000
Opt_Grid8x1,OMP,4000,2000,3,8,8,1,1,,3,0.009969,0.000000,0.00e+00,4.8152,0.0000
Opt_Grid2x4,OMP,4000,2000,3,8,2,4,1,,1,0.009865,0.027886,3.11e-06,4.8657,2.8268
Opt_Grid2x4,OMP,4000,2000,3,8,2,4,1,,2,0.009155,0.000000,0.00e+00,5.2432,0.0000
Opt_Grid2x4,OMP,4000,2000,3,8,2,4,1,,3,0.009155,0.000000,0.00e+00,5.2430,0.0000
Serial,OMP,4000,2000,6,1,0,0,1,,1,0.019506,0.035549,0.00e+00,4.9214,1.8224
Serial,OMP,4000,2000,6,1,0,0,1,,2,0.019949,0.000000,0.00e+00,4.8123,0.0000
Serial,OMP,4000,2000,6,1,0,0,1,,3,0.019949,0.000000,0.00e+00,4.8122,0.0000
Naive_SMP,OMP,4000,2000,6,1,0,0,40,,1,0.036169,0.036370,0.00e+00,2.6542,1.0056
Naive_SMP,OMP,4000,2000,6,1,0,0,40,,2,0.036247,0.000000,0.00e+00,2.6485,0.0000
Naive_SMP,OMP,4000,2000,6,1,0,0,40,,3,0.036408,0.000000,0.00e+00,2.6368,0.0000
Naive_Hybrid,OMP,4000,2000,6,2,0,0,20,,1,0.012897,0.037030,0.00e+00,7.4434,2.8711
Naive_Hybrid,OMP,4000,2000,6,2,0,0,20,,2,0.012315,0.000000,0.00e+00,7.7956,0.0000
Naive_Hybrid,OMP,4000,2000,6,2,0,0,20,,3,0.016461,0.000000,0.00e+00,5.8318,0.0000
Opt_SMP,OMP,4000,2000,6,1,0,0,40,,1,0.020158,0.036227,0.00e+00,4.7625,1.7972
Opt_SMP,OMP,4000,2000,6,1,0,0,40,,2,0.019985,0.000000,0.00e+00,4.8037,0.0000
Opt_SMP,OMP,4000,2000,6,1,0,0,40,,3,0.019605,0.000000,0.00e+00,4.8967,0.0000
Opt_Hybrid,OMP,4000,2000,6,2,0,0,20,,1,0.002937,0.038025,0.00e+00,32.6900,12.9484
Opt_Hybrid,OMP,4000,2000,6,2,0,0,20,,2,0.005970,0.000000,0.00e+00,16.0813,0.0000
Opt_Hybrid,OMP,4000,2000,6,2,0,0,20,,3,0.005142,0.000000,0.00e+00,18.6690,0.0000
Opt_Hybrid,OMP,4000,2000,6,4,0,0,10,,1,0.001167,0.036361,2.37e-06,82.2868,31.1670
Opt_Hybrid,OMP,4000,2000,6,4,0,0,10,,2,0.001194,0.000000,0.00e+00,80.4062,0.0000
Opt_Hybrid,OMP,4000,2000,6,4,0,0,10,,3,0.001162,0.000000,0.00e+00,82.6492,0.0000
Opt_Hybrid,OMP,4000,2000,6,8,0,0,5,,1,0.004200,0.037675,2.37e-06,22.8561,8.9699
Opt_Hybrid,OMP,4000,2000,6,8,0,0,5,,2,0.003604,0.000000,0.00e+00,26.6396,0.0000
Opt_Hybrid,OMP,4000,2000,6,8,0,0,5,,3,0.004581,0.000000,0.00e+00,20.9583,0.0000
Opt_Grid1x8,OMP,4000,2000,6,8,1,8,1,,1,0.010448,0.038247,1.55e-06,9.1881,3.6606
Opt_Grid1x8,OMP,4000,2000,6,8,1,8,1,,2,0.009977,0.000000,0.00e+00,9.6219,0.0000
Opt_Grid1x8,OMP,4000,2000,6,8,1,8,1,,3,0.010787,0.000000,0.00e+00,8.8996,0.0000
Opt_Grid8x1,OMP,4000,2000,6,8,8,1,1,,1,0.009321,0.037983,0.00e+00,10.2988,4.0748
Opt_Grid8x1,OMP,4000,2000,6,8,8,1,1,,2,0.009974,0.000000,0.00e+00,9.6253,0.0000
Opt_Grid8x1,OMP,4000,2000,6,8,8,1,1,,3,0.009530,0.000000,0.00e+00,10.0734,0.0000
Opt_Grid2x4,OMP,4000,2000,6,8,2,4,1,,1,0.009834,0.037869,1.59e-06,9.7624,3.8510
Opt_Grid2x4,OMP,4000,2000,6,8,2,4,1,,2,0.010377,0.000000,0.00e+00,9.2512,0.0000
Opt_Grid2x4,OMP,4000,2000,6,8,2,4,1,,3,0.009827,0.000000,0.00e+00,9.7695,0.0000
Serial,OMP,4000,2000,8,1,0,0,1,,1,0.017706,0.026758,0.00e+00,7.2293,1.5113
Serial,OMP,4000,2000,8,1,0,0,1,,2,0.017700,0.000000,0.00e+00,7.2315,0.0000
Serial,OMP,4000,2000,8,1,0,0,1,,3,0.017970,0.000000,0.00e+00,7.1229,0.0000
Naive_SMP,OMP,4000,2000,8,1,0,0,40,,1,0.023435,0.027432,0.00e+00,5.4619,1.1705
Naive_SMP,OMP,4000,2000,8,1,0,0,40,,2,0.023022,0.000000,0.00e+00,5.5599,0.0000
Naive_SMP,OMP,4000,2000,8,1,0,0,40,,3,0.023142,0.000000,0.00e+00,5.5311,0.0000
Naive_Hybrid,OMP,4000,2000,8,2,0,0,20,,1,0.015791,0.027338,0.00e+00,8.1060,1.7313
Naive_Hybrid,OMP,4000,2000,8,2,0,0,20,,2,0.002357,0.000000,0.00e+00,54.3136,0.0000
Naive_Hybrid,OMP,4000,2000,8,2,0,0,20,,3,0.004912,0.000000,0.00e+00,26.0597,0.0000
Opt_SMP,OMP,4000,2000,8,1,0,0,40,,1,0.015027,0.026804,0.00e+00,8.5180,1.7837
Opt_SMP,OMP,4000,2000,8,1,0,0,40,,2,0.015038,0.000000,0.00e+00,8.5118,0.0000
Opt_SMP,OMP,4000,2000,8,1,0,0,40,,3,0.015059,0.000000,0.00e+00,8.4997,0.0000
Opt_Hybrid,OMP,4000,2000,8,2,0,0,20,,1,0.008265,0.027385,0.00e+00,15.4875,3.3134
Opt_Hybrid,OMP,4000,2000,8,2,0,0,20,,2,0.003252,0.000000,0.00e+00,39.3619,0.0000
Opt_Hybrid,OMP,4000,2000,8,2,0,0,20,,3,0.011284,0.000000,0.00e+00,11.3431,0.0000
Opt_Hybrid,OMP,4000,2000,8,4,0,0,10,,1,0.000978,0.027269,1.15e-06,130.8142,27.8684
Opt_Hybrid,OMP,4000,2000,8,4,0,0,10,,2,0.000979,0.000000,0.00e+00,130.7053,0.0000
Opt_Hybrid,OMP,4000,2000,8,4,0,0,10,,3,0.001034,0.000000,0.00e+00,123.7553,0.0000
Opt_Hybrid,OMP,4000,2000,8,8,0,0,5,,1,0.002766,0.028079,1.15e-06,46.2707,10.1502
Opt_Hybrid,OMP,4000,2000,8,8,0,0,5,,2,0.002500,0.000000,0.00e+00,51.1987,0.0000
Opt_Hybrid,OMP,4000,2000,8,8,0,0,5,,3,0.002637,0.000000,0.00e+00,48.5313,0.0000
Opt_Grid1x8,OMP,4000,2000,8,8,1,8,1,,1,0.008165,0.028444,1.08e-06,15.6772,3.4838
Opt_Grid1x8,OMP,4000,2000,8,8,1,8,1,,2,0.007836,0.000000,0.00e+00,16.3343,0.0000
Opt_Grid1x8,OMP,4000,2000,8,8,1,8,1,,3,0.007759,0.000000,0.00e+00,16.4965,0.0000
Opt_Grid8x1,OMP,4000,2000,8,8,8,1,1,,1,0.008589,0.028469,0.00e+00,14.9021,3.3145
Opt_Grid8x1,OMP,4000,2000,8,8,8,1,1,,2,0.007849,0.000000,0.00e+00,16.3085,0.0000
Opt_Grid8x1,OMP,4000,2000,8,8,8,1,1,,3,0.007565,0.000000,0.00e+00,16.9205,0.0000
Opt_Grid2x4,OMP,4000,2000,8,8,2,4,1,,1,0.007604,0.028084,1.18e-06,16.8341,3.6935
Opt_Grid2x4,OMP,4000,2000,8,8,2,4,1,,2,0.007640,0.000000,0.00e+00,16.7546,0.0000
Opt_Grid2x4,OMP,4000,2000,8,8,2,4,1,,3,0.009147,0.000000,0.00e+00,13.9931,0.0000
Serial,OMP,4000,2000,20,1,0,0,1,,1,0.029279,0.038683,0.00e+00,10.9293,1.3212
Serial,OMP,4000,2000,20,1,0,0,1,,2,0.029291,0.000000,0.00e+00,10.9249,0.0000
Serial,OMP,4000,2000,20,1,0,0,1,,3,0.029509,0.000000,0.00e+00,10.8442,0.0000
Naive_SMP,OMP,4000,2000,20,1,0,0,40,,1,0.040311,0.041817,0.00e+00,7.9382,1.0373
Naive_SMP,OMP,4000,2000,20,1,0,0,40,,2,0.040473,0.000000,0.00e+00,7.9065,0.0000
Naive_SMP,OMP,4000,2000,20,1,0,0,40,,3,0.040362,0.000000,0.00e+00,7.9283,0.0000
Naive_Hybrid,OMP,4000,2000,20,2,0,0,20,,1,0.014892,0.039190,0.00e+00,21.4879,2.6316
Naive_Hybrid,OMP,4000,2000,20,2,0,0,20,,2,0.009975,0.000000,0.00e+00,32.0805,0.0000
Naive_Hybrid,OMP,4000,2000,20,2,0,0,20,,3,0.017051,0.000000,0.00e+00,18.7671,0.0000
Opt_SMP,OMP,4000,2000,20,1,0,0,40,,1,0.024370,0.038072,0.00e+00,13.1306,1.5622
Opt_SMP,OMP,4000,2000,20,1,0,0,40,,2,0.024296,0.000000,0.00e+00,13.1711,0.0000
Opt_SMP,OMP,4000,2000,20,1,0,0,40,,3,0.024375,0.000000,0.00e+00,13.1285,0.0000
Opt_Hybrid,OMP,4000,2000,20,2,0,0,20,,1,0.005161,0.039807,0.00e+00,62.0038,7.7130
Opt_Hybrid,OMP,4000,2000,20,2,0,0,20,,2,0.010883,0.000000,0.00e+00,29.4045,0.0000
Opt_Hybrid,OMP,4000,2000,20,2,0,0,20,,3,0.009522,0.000000,0.00e+00,33.6071,0.0000
Opt_Hybrid,OMP,4000,2000,20,4,0,0,10,,1,0.001607,0.040482,1.92e-06,199.1074,25.1885
Opt_Hybrid,OMP,4000,2000,20,4,0,0,10,,2,0.001593,0.000000,0.00e+00,200.8672,0.0000
Opt_Hybrid,OMP,4000,2000,20,4,0,0,10,,3,0.001599,0.000000,0.00e+00,200.0704,0.0000
Opt_Hybrid,OMP,4000,2000,20,8,0,0,5,,1,0.004489,0.040726,1.92e-06,71.2818,9.0719
Opt_Hybrid,OMP,4000,2000,20,8,0,0,5,,2,0.005773,0.000000,0.00e+00,55.4334,0.0000
Opt_Hybrid,OMP,4000,2000,20,8,0,0,5,,3,0.003002,0.000000,0.00e+00,106.5949,0.0000
Opt_Grid1x8,OMP,4000,2000,20,8,1,8,1,,1,0.013004,0.041496,1.49e-06,24.6081,3.1910
Opt_Grid1x8,OMP,4000,2000,20,8,1,8,1,,2,0.011988,0.000000,0.00e+00,26.6941,0.0000
Opt_Grid1x8,OMP,4000,2000,20,8,1,8,1,,3,0.012727,0.000000,0.00e+00,25.1435,0.0000
Opt_Grid8x1,OMP,4000,2000,20,8,8,1,1,,1,0.012714,0.041823,0.00e+00,25.1699,3.2896
Opt_Grid8x1,OMP,4000,2000,20,8,8,1,1,,2,0.011885,0.000000,0.00e+00,26.9248,0.0000
Opt_Grid8x1,OMP,4000,2000,20,8,8,1,1,,3,0.012428,0.000000,0.00e+00,25.7484,0.0000
Opt_Grid2x4,OMP,4000,2000,20,8,2,4,1,,1,0.012816,0.040857,1.86e-06,24.9693,3.1880
Opt_Grid2x4,OMP,4000,2000,20,8,2,4,1,,2,0.012146,0.000000,0.00e+00,26.3451,0.0000
Opt_Grid2x4,OMP,4000,2000,20,8,2,4,1,,3,0.012313,0.000000,0.00e+00,25.9889,0.0000
Serial,OMP,4000,2000,32,1,0,0,1,,1,0.039658,0.057013,0.00e+00,12.9103,1.4376
Serial,OMP,4000,2000,32,1,0,0,1,,2,0.039731,0.000000,0.00e+00,12.8867,0.0000
Serial,OMP,4000,2000,32,1,0,0,1,,3,0.039576,0.000000,0.00e+00,12.9373,0.0000
Naive_SMP,OMP,4000,2000,32,1,0,0,40,,1,0.055400,0.057026,0.00e+00,9.2418,1.0293
Naive_SMP,OMP,4000,2000,32,1,0,0,40,,2,0.055674,0.000000,0.00e+00,9.1963,0.0000
Naive_SMP,OMP,4000,2000,32,1,0,0,40,,3,0.055507,0.000000,0.00e+00,9.2241,0.0000
Naive_Hybrid,OMP,4000,2000,32,2,0,0,20,,1,0.019671,0.055326,0.00e+00,26.0278,2.8125
Naive_Hybrid,OMP,4000,2000,32,2,0,0,20,,2,0.015104,0.000000,0.00e+00,33.8979,0.0000
Naive_Hybrid,OMP,4000,2000,32,2,0,0,20,,3,0.015966,0.000000,0.00e+00,32.0688,0.0000
Opt_SMP,OMP,4000,2000,32,1,0,0,40,,1,0.033986,0.053260,0.00e+00,15.0650,1.5671
Opt_SMP,OMP,4000,2000,32,1,0,0,40,,2,0.034085,0.000000,0.00e+00,15.0212,0.0000
Opt_SMP,OMP,4000,2000,32,1,0,0,40,,3,0.034016,0.000000,0.00e+00,15.0517,0.0000
Opt_Hybrid,OMP,4000,2000,32,2,0,0,20,,1,0.005588,0.054537,0.00e+00,91.6283,9.7600
Opt_Hybrid,OMP,4000,2000,32,2,0,0,20,,2,0.007600,0.000000,0.00e+00,67.3672,0.0000
Opt_Hybrid,OMP,4000,2000,32,2,0,0,20,,3,0.018630,0.000000,0.00e+00,27.4830,0.0000
Opt_Hybrid,OMP,4000,2000,32,4,0,0,10,,1,0.002272,0.055920,1.56e-06,225.3882,24.6167
Opt_Hybrid,OMP,4000,2000,32,4,0,0,10,,2,0.002270,0.000000,0.00e+00,225.5876,0.0000
Opt_Hybrid,OMP,4000,2000,32,4,0,0,10,,3,0.002282,0.000000,0.00e+00,224.3638,0.0000
Opt_Hybrid,OMP,4000,2000,32,8,0,0,5,,1,0.006678,0.062256,1.56e-06,76.6667,9.3222
Opt_Hybrid,OMP,4000,2000,32,8,0,0,5,,2,0.007157,0.000000,0.00e+00,71.5344,0.0000
Opt_Hybrid,OMP,4000,2000,32,8,0,0,5,,3,0.007655,0.000000,0.00e+00,66.8838,0.0000
Opt_Grid1x8,OMP,4000,2000,32,8,1,8,1,,1,0.018555,0.057050,1.45e-06,27.5935,3.0746
Opt_Grid1x8,OMP,4000,2000,32,8,1,8,1,,2,0.017509,0.000000,0.00e+00,29.2421,0.0000
Opt_Grid1x8,OMP,4000,2000,32,8,1,8,1,,3,0.017969,0.000000,0.00e+00,28.4942,0.0000
Opt_Grid8x1,OMP,4000,2000,32,8,8,1,1,,1,0.017639,0.057154,0.00e+00,29.0272,3.2403
Opt_Grid8x1,OMP,4000,2000,32,8,8,1,1,,2,0.017792,0.000000,0.00e+00,28.7772,0.0000
Opt_Grid8x1,OMP,4000,2000,32,8,8,1,1,,3,0.016853,0.000000,0.00e+00,30.3805,0.0000
Opt_Grid2x4,OMP,4000,2000,32,8,2,4,1,,1,0.017811,0.060947,1.48e-06,28.7470,3.4220
Opt_Grid2x4,OMP,4000,2000,32,8,2,4,1,,2,0.016891,0.000000,0.00e+00,30.3118,0.0000
Opt_Grid2x4,OMP,4000,2000,32,8,2,4,1,,3,0.017373,0.000000,0.00e+00,29.4714,0.0000
Serial,OMP,6000,2000,3,1,0,0,1,,1,0.026936,0.039416,0.00e+00,2.6730,1.4633
Serial,OMP,6000,2000,3,1,0,0,1,,2,0.026968,0.000000,0.00e+00,2.6698,0.0000
Serial,OMP,6000,2000,3,1,0,0,1,,3,0.026951,0.000000,0.00e+00,2.6715,0.0000
Naive_SMP,OMP,6000,2000,3,1,0,0,40,,1,0.039465,0.039506,0.00e+00,1.8244,1.0010
Naive_SMP,OMP,6000,2000,3,1,0,0,40,,2,0.039477,0.000000,0.00e+00,1.8238,0.0000
Naive_SMP,OMP,6000,2000,3,1,0,0,40,,3,0.039598,0.000000,0.00e+00,1.8183,0.0000
Naive_Hybrid,OMP,6000,2000,3,2,0,0,20,,1,0.012713,0.040304,0.00e+00,5.6635,3.1703
Naive_Hybrid,OMP,6000,2000,3,2,0,0,20,,2,0.016690,0.000000,0.00e+00,4.3139,0.0000
Naive_Hybrid,OMP,6000,2000,3,2,0,0,20,,3,0.010496,0.000000,0.00e+00,6.8595,0.0000
Opt_SMP,OMP,6000,2000,3,1,0,0,40,,1,0.026881,0.039406,0.00e+00,2.6785,1.4660
Opt_SMP,OMP,6000,2000,3,1,0,0,40,,2,0.026911,0.000000,0.00e+00,2.6755,0.0000
Opt_SMP,OMP,6000,2000,3,1,0,0,40,,3,0.026890,0.000000,0.00e+00,2.6776,0.0000
Opt_Hybrid,OMP,6000,2000,3,2,0,0,20,,1,0.005245,0.040223,0.00e+00,13.7272,7.6687
Opt_Hybrid,OMP,6000,2000,3,2,0,0,20,,2,0.008251,0.000000,0.00e+00,8.7258,0.0000
Opt_Hybrid,OMP,6000,2000,3,2,0,0,20,,3,0.004832,0.000000,0.00e+00,14.9017,0.0000
Opt_Hybrid,OMP,6000,2000,3,4,0,0,10,,1,0.001732,0.040295,2.37e-06,41.5674,23.2635
Opt_Hybrid,OMP,6000,2000,3,4,0,0,10,,2,0.001740,0.000000,0.00e+00,41.3792,0.0000
Opt_Hybrid,OMP,6000,2000,3,4,0,0,10,,3,0.001761,0.000000,0.00e+00,40.8908,0.0000
Opt_Hybrid,OMP,6000,2000,3,8,0,0,5,,1,0.004048,0.042582,2.37e-06,17.7875,10.5198
Opt_Hybrid,OMP,6000,2000,3,8,0,0,5,,2,0.005057,0.000000,0.00e+00,14.2372,0.0000
Opt_Hybrid,OMP,6000,2000,3,8,0,0,5,,3,0.006949,0.000000,0.00e+00,10.3606,0.0000
Opt_Grid1x8,OMP,6000,2000,3,8,1,8,1,,1,0.014811,0.041590,2.72e-06,4.8612,2.8081
Opt_Grid1x8,OMP,6000,2000,3,8,1,8,1,,2,0.015011,0.000000,0.00e+00,4.7966,0.0000
Opt_Grid1x8,OMP,6000,2000,3,8,1,8,1,,3,0.015300,0.000000,0.00e+00,4.7059,0.0000
Opt_Grid8x1,OMP,6000,2000,3,8,8,1,1,,1,0.013531,0.041609,0.00e+00,5.3212,3.0751
Opt_Grid8x1,OMP,6000,2000,3,8,8,1,1,,2,0.013546,0.000000,0.00e+00,5.3154,0.0000
Opt_Grid8x1,OMP,6000,2000,3,8,8,1,1,,3,0.014166,0.000000,0.00e+00,5.0825,0.0000
Opt_Grid2x4,OMP,6000,2000,3,8,2,4,1,,1,0.013973,0.041668,3.11e-06,5.1527,2.9820
Opt_Grid2x4,OMP,6000,2000,3,8,2,4,1,,2,0.014295,0.000000,0.00e+00,5.0367,0.0000
Opt_Grid2x4,OMP,6000,2000,3,8,2,4,1,,3,0.013993,0.000000,0.00e+00,5.1454,0.0000
Serial,OMP,6000,2000,6,1,0,0,1,,1,0.029257,0.053199,0.00e+00,4.9220,1.8183
Serial,OMP,6000,2000,6,1,0,0,1,,2,0.029829,0.000000,0.00e+00,4.8275,0.0000
Serial,OMP,6000,2000,6,1,0,0,1,,3,0.029790,0.000000,0.00e+00,4.8338,0.0000
Naive_SMP,OMP,6000,2000,6,1,0,0,40,,1,0.054217,0.054399,0.00e+00,2.6560,1.0034
Naive_SMP,OMP,6000,2000,6,1,0,0,40,,2,0.053205,0.000000,0.00e+00,2.7065,0.0000
Naive_SMP,OMP,6000,2000,6,1,0,0,40,,3,0.053242,0.000000,0.00e+00,2.7046,0.0000
Naive_Hybrid,OMP,6000,2000,6,2,0,0,20,,1,0.012077,0.054318,0.00e+00,11.9239,4.4978
Naive_Hybrid,OMP,6000,2000,6,2,0,0,20,,2,0.019451,0.000000,0.00e+00,7.4032,0.0000
Naive_Hybrid,OMP,6000,2000,6,2,0,0,20,,3,0.016250,0.000000,0.00e+00,8.8614,0.0000
Opt_SMP,OMP,6000,2000,6,1,0,0,40,,1,0.029276,0.053135,0.00e+00,4.9187,1.8150
Opt_SMP,OMP,6000,2000,6,1,0,0,40,,2,0.029255,0.000000,0.00e+00,4.9223,0.0000
Opt_SMP,OMP,6000,2000,6,1,0,0,40,,3,0.029264,0.000000,0.00e+00,4.9207,0.0000
Opt_Hybrid,OMP,6000,2000,6,2,0,0,20,,1,0.005081,0.054308,0.00e+00,28.3428,10.6892
Opt_Hybrid,OMP,6000,2000,6,2,0,0,20,,2,0.007980,0.000000,0.00e+00,18.0441,0.0000
Opt_Hybrid,OMP,6000,2000,6,2,0,0,20,,3,0.016350,0.000000,0.00e+00,8.8073,0.0000
Opt_Hybrid,OMP,6000,2000,6,4,0,0,10,,1,0.001759,0.056067,2.37e-06,81.8455,31.8671
Opt_Hybrid,OMP,6000,2000,6,4,0,0,10,,2,0.001790,0.000000,0.00e+00,80.4640,0.0000
Opt_Hybrid,OMP,6000,2000,6,4,0,0,10,,3,0.001990,0.000000,0.00e+00,72.3790,0.0000
Opt_Hybrid,OMP,6000,2000,6,8,0,0,5,,1,0.005270,0.057821,2.37e-06,27.3253,10.9720
Opt_Hybrid,OMP,6000,2000,6,8,0,0,5,,2,0.006284,0.000000,0.00e+00,22.9151,0.0000
Opt_Hybrid,OMP,6000,2000,6,8,0,0,5,,3,0.005416,0.000000,0.00e+00,26.5860,0.0000
Opt_Grid1x8,OMP,6000,2000,6,8,1,8,1,,1,0.015321,0.056816,1.55e-06,9.3987,3.7083
Opt_Grid1x8,OMP,6000,2000,6,8,1,8,1,,2,0.015064,0.000000,0.00e+00,9.5595,0.0000
Opt_Grid1x8,OMP,6000,2000,6,8,1,8,1,,3,0.014987,0.000000,0.00e+00,9.6086,0.0000
Opt_Grid8x1,OMP,6000,2000,6,8,8,1,1,,1,0.015516,0.057649,0.00e+00,9.2805,3.7153
Opt_Grid8x1,OMP,6000,2000,6,8,8,1,1,,2,0.015513,0.000000,0.00e+00,9.2823,0.0000
Opt_Grid8x1,OMP,6000,2000,6,8,8,1,1,,3,0.014854,0.000000,0.00e+00,9.6943,0.0000
Opt_Grid2x4,OMP,6000,2000,6,8,2,4,1,,1,0.015546,0.058864,1.59e-06,9.2627,3.7864
Opt_Grid2x4,OMP,6000,2000,6,8,2,4,1,,2,0.014737,0.000000,0.00e+00,9.7711,0.0000
Opt_Grid2x4,OMP,6000,2000,6,8,2,4,1,,3,0.014480,0.000000,0.00e+00,9.9449,0.0000
Serial,OMP,6000,2000,8,1,0,0,1,,1,0.026581,0.039814,0.00e+00,7.2232,1.4978
Serial,OMP,6000,2000,8,1,0,0,1,,2,0.026521,0.000000,0.00e+00,7.2395,0.0000
Serial,OMP,6000,2000,8,1,0,0,1,,3,0.026637,0.000000,0.00e+00,7.2079,0.0000
Naive_SMP,OMP,6000,2000,8,1,0,0,40,,1,0.034440,0.040180,0.00e+00,5.5749,1.1667
Naive_SMP,OMP,6000,2000,8,1,0,0,40,,2,0.035245,0.000000,0.00e+00,5.4476,0.0000
Naive_SMP,OMP,6000,2000,8,1,0,0,40,,3,0.035349,0.000000,0.00e+00,5.4315,0.0000
Naive_Hybrid,OMP,6000,2000,8,2,0,0,20,,1,0.010565,0.041737,0.00e+00,18.1736,3.9506
Naive_Hybrid,OMP,6000,2000,8,2,0,0,20,,2,0.014486,0.000000,0.00e+00,13.2544,0.0000
Naive_Hybrid,OMP,6000,2000,8,2,0,0,20,,3,0.005260,0.000000,0.00e+00,36.5037,0.0000
Opt_SMP,OMP,6000,2000,8,1,0,0,40,,1,0.022500,0.039893,0.00e+00,8.5333,1.7730
Opt_SMP,OMP,6000,2000,8,1,0,0,40,,2,0.022475,0.000000,0.00e+00,8.5429,0.0000
Opt_SMP,OMP,6000,2000,8,1,0,0,40,,3,0.022478,0.000000,0.00e+00,8.5416,0.0000
Opt_Hybrid,OMP,6000,2000,8,2,0,0,20,,1,0.010343,0.040960,0.00e+00,18.5624,3.9599
Opt_Hybrid,OMP,6000,2000,8,2,0,0,20,,2,0.009428,0.000000,0.00e+00,20.3644,0.0000
Opt_Hybrid,OMP,6000,2000,8,2,0,0,20,,3,0.007948,0.000000,0.00e+00,24.1563,0.0000
Opt_Hybrid,OMP,6000,2000,8,4,0,0,10,,1,0.001501,0.042868,1.15e-06,127.8744,28.5504
Opt_Hybrid,OMP,6000,2000,8,4,0,0,10,,2,0.001504,0.000000,0.00e+00,127.6892,0.0000
Opt_Hybrid,OMP,6000,2000,8,4,0,0,10,,3,0.001495,0.000000,0.00e+00,128.4363,0.0000
Opt_Hybrid,OMP,6000,2000,8,8,0,0,5,,1,0.003683,0.043967,1.15e-06,52.1304,11.9376
Opt_Hybrid,OMP,6000,2000,8,8,0,0,5,,2,0.003207,0.000000,0.00e+00,59.8735,0.0000
Opt_Hybrid,OMP,6000,2000,8,8,0,0,5,,3,0.003802,0.000000,0.00e+00,50.5044,0.0000
Opt_Grid1x8,OMP,6000,2000,8,8,1,8,1,,1,0.011285,0.042061,1.08e-06,17.0138,3.7271
Opt_Grid1x8,OMP,6000,2000,8,8,1,8,1,,2,0.012139,0.000000,0.00e+00,15.8170,0.0000
Opt_Grid1x8,OMP,6000,2000,8,8,1,8,1,,3,0.011904,0.000000,0.00e+00,16.1289,0.0000
Opt_Grid8x1,OMP,6000,2000,8,8,8,1,1,,1,0.011592,0.043262,0.00e+00,16.5626,3.7319
Opt_Grid8x1,OMP,6000,2000,8,8,8,1,1,,2,0.011893,0.000000,0.00e+00,16.1439,0.0000
Opt_Grid8x1,OMP,6000,2000,8,8,8,1,1,,3,0.011558,0.000000,0.00e+00,16.6123,0.0000
Opt_Grid2x4,OMP,6000,2000,8,8,2,4,1,,1,0.011246,0.043698,1.18e-06,17.0730,3.8857
Opt_Grid2x4,OMP,6000,2000,8,8,2,4,1,,2,0.011203,0.000000,0.00e+00,17.1380,0.0000
Opt_Grid2x4,OMP,6000,2000,8,8,2,4,1,,3,0.011901,0.000000,0.00e+00,16.1327,0.0000
Serial,OMP,6000,2000,20,1,0,0,1,,1,0.042906,0.057360,0.00e+00,11.1872,1.3369
Serial,OMP,6000,2000,20,1,0,0,1,,2,0.042865,0.000000,0.00e+00,11.1978,0.0000
Serial,OMP,6000,2000,20,1,0,0,1,,3,0.044420,0.000000,0.00e+00,10.8058,0.0000
Naive_SMP,OMP,6000,2000,20,1,0,0,40,,1,0.061195,0.058722,0.00e+00,7.8437,0.9596
Naive_SMP,OMP,6000,2000,20,1,0,0,40,,2,0.060373,0.000000,0.00e+00,7.9506,0.0000
Naive_SMP,OMP,6000,2000,20,1,0,0,40,,3,0.060708,0.000000,0.00e+00,7.9067,0.0000
Naive_Hybrid,OMP,6000,2000,20,2,0,0,20,,1,0.019701,0.059429,0.00e+00,24.3647,3.0166
Naive_Hybrid,OMP,6000,2000,20,2,0,0,20,,2,0.018204,0.000000,0.00e+00,26.3675,0.0000
Naive_Hybrid,OMP,6000,2000,20,2,0,0,20,,3,0.020724,0.000000,0.00e+00,23.1615,0.0000
Opt_SMP,OMP,6000,2000,20,1,0,0,40,,1,0.036205,0.057155,0.00e+00,13.2580,1.5787
Opt_SMP,OMP,6000,2000,20,1,0,0,40,,2,0.036263,0.000000,0.00e+00,13.2366,0.0000
Opt_SMP,OMP,6000,2000,20,1,0,0,40,,3,0.036268,0.000000,0.00e+00,13.2348,0.0000
Opt_Hybrid,OMP,6000,2000,20,2,0,0,20,,1,0.011279,0.058643,0.00e+00,42.5563,5.1992
Opt_Hybrid,OMP,6000,2000,20,2,0,0,20,,2,0.014372,0.000000,0.00e+00,33.3987,0.0000
Opt_Hybrid,OMP,6000,2000,20,2,0,0,20,,3,0.008687,0.000000,0.00e+00,55.2527,0.0000
Opt_Hybrid,OMP,6000,2000,20,4,0,0,10,,1,0.002423,0.060284,1.92e-06,198.1335,24.8838
Opt_Hybrid,OMP,6000,2000,20,4,0,0,10,,2,0.002422,0.000000,0.00e+00,198.1705,0.0000
Opt_Hybrid,OMP,6000,2000,20,4,0,0,10,,3,0.002534,0.000000,0.00e+00,189.4060,0.0000
Opt_Hybrid,OMP,6000,2000,20,8,0,0,5,,1,0.006737,0.063066,1.92e-06,71.2433,9.3604
Opt_Hybrid,OMP,6000,2000,20,8,0,0,5,,2,0.006279,0.000000,0.00e+00,76.4440,0.0000
Opt_Hybrid,OMP,6000,2000,20,8,0,0,5,,3,0.005376,0.000000,0.00e+00,89.2890,0.0000
Opt_Grid1x8,OMP,6000,2000,20,8,1,8,1,,1,0.021427,0.061808,1.49e-06,22.4015,2.8846
Opt_Grid1x8,OMP,6000,2000,20,8,1,8,1,,2,0.018616,0.000000,0.00e+00,25.7838,0.0000
Opt_Grid1x8,OMP,6000,2000,20,8,1,8,1,,3,0.018405,0.000000,0.00e+00,26.0800,0.0000
Opt_Grid8x1,OMP,6000,2000,20,8,8,1,1,,1,0.017389,0.060929,0.00e+00,27.6042,3.5039
Opt_Grid8x1,OMP,6000,2000,20,8,8,1,1,,2,0.018794,0.000000,0.00e+00,25.5404,0.0000
Opt_Grid8x1,OMP,6000,2000,20,8,8,1,1,,3,0.018308,0.000000,0.00e+00,26.2180,0.0000
Opt_Grid2x4,OMP,6000,2000,20,8,2,4,1,,1,0.018484,0.060759,1.86e-06,25.9689,3.2871
Opt_Grid2x4,OMP,6000,2000,20,8,2,4,1,,2,0.017734,0.000000,0.00e+00,27.0659,0.0000
Opt_Grid2x4,OMP,6000,2000,20,8,2,4,1,,3,0.018704,0.000000,0.00e+00,25.6626,0.0000
Serial,OMP,6000,2000,32,1,0,0,1,,1,0.060834,0.088491,0.00e+00,12.6246,1.4546
Serial,OMP,6000,2000,32,1,0,0,1,,2,0.060552,0.000000,0.00e+00,12.6834,0.0000
Serial,OMP,6000,2000,32,1,0,0,1,,3,0.059624,0.000000,0.00e+00,12.8808,0.0000
Naive_SMP,OMP,6000,2000,32,1,0,0,40,,1,0.082936,0.079820,0.00e+00,9.2602,0.9624
Naive_SMP,OMP,6000,2000,32,1,0,0,40,,2,0.083127,0.000000,0.00e+00,9.2389,0.0000
Naive_SMP,OMP,6000,2000,32,1,0,0,40,,3,0.082815,0.000000,0.00e+00,9.2737,0.0000
Naive_Hybrid,OMP,6000,2000,32,2,0,0,20,,1,0.023641,0.082211,0.00e+00,32.4856,3.4774
Naive_Hybrid,OMP,6000,2000,32,2,0,0,20,,2,0.022014,0.000000,0.00e+00,34.8867,0.0000
Naive_Hybrid,OMP,6000,2000,32,2,0,0,20,,3,0.011817,0.000000,0.00e+00,64.9929,0.0000
Opt_SMP,OMP,6000,2000,32,1,0,0,40,,1,0.051077,0.085622,0.00e+00,15.0363,1.6763
Opt_SMP,OMP,6000,2000,32,1,0,0,40,,2,0.051293,0.000000,0.00e+00,14.9727,0.0000
Opt_SMP,OMP,6000,2000,32,1,0,0,40,,3,0.051178,0.000000,0.00e+00,15.0064,0.0000
Opt_Hybrid,OMP,6000,2000,32,2,0,0,20,,1,0.015680,0.087430,0.00e+00,48.9781,5.5757
Opt_Hybrid,OMP,6000,2000,32,2,0,0,20,,2,0.019208,0.000000,0.00e+00,39.9835,0.0000
Opt_Hybrid,OMP,6000,2000,32,2,0,0,20,,3,0.020860,0.000000,0.00e+00,36.8174,0.0000
Opt_Hybrid,OMP,6000,2000,32,4,0,0,10,,1,0.003402,0.082045,1.56e-06,225.7226,24.1139
Opt_Hybrid,OMP,6000,2000,32,4,0,0,10,,2,0.003438,0.000000,0.00e+00,223.3951,0.0000
Opt_Hybrid,OMP,6000,2000,32,4,0,0,10,,3,0.003418,0.000000,0.00e+00,224.6750,0.0000
Opt_Hybrid,OMP,6000,2000,32,8,0,0,5,,1,0.009971,0.094355,1.56e-06,77.0201,9.4625
Opt_Hybrid,OMP,6000,2000,32,8,0,0,5,,2,0.011792,0.000000,0.00e+00,65.1293,0.0000
Opt_Hybrid,OMP,6000,2000,32,8,0,0,5,,3,0.008872,0.000000,0.00e+00,86.5655,0.0000
Opt_Grid1x8,OMP,6000,2000,32,8,1,8,1,,1,0.030385,0.088102,1.44e-06,25.2759,2.8995
Opt_Grid1x8,OMP,6000,2000,32,8,1,8,1,,2,0.026492,0.000000,0.00e+00,28.9896,0.0000
Opt_Grid1x8,OMP,6000,2000,32,8,1,8,1,,3,0.026485,0.000000,0.00e+00,28.9981,0.0000
Opt_Grid8x1,OMP,6000,2000,32,8,8,1,1,,1,0.026389,0.091247,0.00e+00,29.1033,3.4578
Opt_Grid8x1,OMP,6000,2000,32,8,8,1,1,,2,0.026039,0.000000,0.00e+00,29.4946,0.0000
Opt_Grid8x1,OMP,6000,2000,32,8,8,1,1,,3,0.026603,0.000000,0.00e+00,28.8691,0.0000
Opt_Grid2x4,OMP,6000,2000,32,8,2,4,1,,1,0.026053,0.093415,1.48e-06,29.4788,3.5856
Opt_Grid2x4,OMP,6000,2000,32,8,2,4,1,,2,0.026821,0.000000,0.00e+00,28.6344,0.0000
Opt_Grid2x4,OMP,6000,2000,32,8,2,4,1,,3,0.026548,0.000000,0.00e+00,28.9291,0.0000
Serial,OMP,4000,4000,3,1,0,0,1,,1,0.036912,0.053968,0.00e+00,2.6008,1.4621
Serial,OMP,4000,4000,3,1,0,0,1,,2,0.036527,0.000000,0.00e+00,2.6282,0.0000
Serial,OMP,4000,4000,3,1,0,0,1,,3,0.036566,0.000000,0.00e+00,2.6254,0.0000
Naive_SMP,OMP,4000,4000,3,1,0,0,40,,1,0.052752,0.052811,0.00e+00,1.8198,1.0011
Naive_SMP,OMP,4000,4000,3,1,0,0,40,,2,0.052707,0.000000,0.00e+00,1.8214,0.0000
Naive_SMP,OMP,4000,4000,3,1,0,0,40,,3,0.052510,0.000000,0.00e+00,1.8282,0.0000
Naive_Hybrid,OMP,4000,4000,3,2,0,0,20,,1,0.008406,0.053670,0.00e+00,11.4205,6.3848
Naive_Hybrid,OMP,4000,4000,3,2,0,0,20,,2,0.008701,0.000000,0.00e+00,11.0329,0.0000
Naive_Hybrid,OMP,4000,4000,3,2,0,0,20,,3,0.020908,0.000000,0.00e+00,4.5916,0.0000
Opt_SMP,OMP,4000,4000,3,1,0,0,40,,1,0.036829,0.053327,0.00e+00,2.6067,1.4480
Opt_SMP,OMP,4000,4000,3,1,0,0,40,,2,0.036914,0.000000,0.00e+00,2.6006,0.0000
Opt_SMP,OMP,4000,4000,3,1,0,0,40,,3,0.035826,0.000000,0.00e+00,2.6796,0.0000
Opt_Hybrid,OMP,4000,4000,3,2,0,0,20,,1,0.017971,0.055002,0.00e+00,5.3419,3.0605
Opt_Hybrid,OMP,4000,4000,3,2,0,0,20,,2,0.010061,0.000000,0.00e+00,9.5420,0.0000
Opt_Hybrid,OMP,4000,4000,3,2,0,0,20,,3,0.014005,0.000000,0.00e+00,6.8547,0.0000
Opt_Hybrid,OMP,4000,4000,3,4,0,0,10,,1,0.002324,0.053842,6.80e-06,41.2996,23.1629
Opt_Hybrid,OMP,4000,4000,3,4,0,0,10,,2,0.002259,0.000000,0.00e+00,42.5053,0.0000
Opt_Hybrid,OMP,4000,4000,3,4,0,0,10,,3,0.002332,0.000000,0.00e+00,41.1729,0.0000
Opt_Hybrid,OMP,4000,4000,3,8,0,0,5,,1,0.007015,0.055409,6.80e-06,13.6853,7.8988
Opt_Hybrid,OMP,4000,4000,3,8,0,0,5,,2,0.005487,0.000000,0.00e+00,17.4969,0.0000
Opt_Hybrid,OMP,4000,4000,3,8,0,0,5,,3,0.007264,0.000000,0.00e+00,13.2157,0.0000
Opt_Grid1x8,OMP,4000,4000,3,8,1,8,1,,1,0.019758,0.055588,5.98e-06,4.8588,2.8134
Opt_Grid1x8,OMP,4000,4000,3,8,1,8,1,,2,0.018962,0.000000,0.00e+00,5.0627,0.0000
Opt_Grid1x8,OMP,4000,4000,3,8,1,8,1,,3,0.019759,0.000000,0.00e+00,4.8586,0.0000
Opt_Grid8x1,OMP,4000,4000,3,8,8,1,1,,1,0.019011,0.056468,0.00e+00,5.0497,2.9703
Opt_Grid8x1,OMP,4000,4000,3,8,8,1,1,,2,0.018070,0.000000,0.00e+00,5.3127,0.0000
Opt_Grid8x1,OMP,4000,4000,3,8,8,1,1,,3,0.018256,0.000000,0.00e+00,5.2587,0.0000
Opt_Grid2x4,OMP,4000,4000,3,8,2,4,1,,1,0.018517,0.055378,5.99e-06,5.1845,2.9907
Opt_Grid2x4,OMP,4000,4000,3,8,2,4,1,,2,0.018513,0.000000,0.00e+00,5.1856,0.0000
Opt_Grid2x4,OMP,4000,4000,3,8,2,4,1,,3,0.018189,0.000000,0.00e+00,5.2781,0.0000
Serial,OMP,4000,4000,6,1,0,0,1,,1,0.038812,0.072841,0.00e+00,4.9469,1.8768
Serial,OMP,4000,4000,6,1,0,0,1,,2,0.038843,0.000000,0.00e+00,4.9429,0.0000
Serial,OMP,4000,4000,6,1,0,0,1,,3,0.038855,0.000000,0.00e+00,4.9414,0.0000
Naive_SMP,OMP,4000,4000,6,1,0,0,40,,1,0.070923,0.070917,0.00e+00,2.7072,0.9999
Naive_SMP,OMP,4000,4000,6,1,0,0,40,,2,0.072389,0.000000,0.00e+00,2.6523,0.0000
Naive_SMP,OMP,4000,4000,6,1,0,0,40,,3,0.070954,0.000000,0.00e+00,2.7060,0.0000
Naive_Hybrid,OMP,4000,4000,6,2,0,0,20,,1,0.019328,0.072462,0.00e+00,9.9336,3.7490
Naive_Hybrid,OMP,4000,4000,6,2,0,0,20,,2,0.012359,0.000000,0.00e+00,15.5346,0.0000
Naive_Hybrid,OMP,4000,4000,6,2,0,0,20,,3,0.015351,0.000000,0.00e+00,12.5074,0.0000
Opt_SMP,OMP,4000,4000,6,1,0,0,40,,1,0.038957,0.070800,0.00e+00,4.9285,1.8174
Opt_SMP,OMP,4000,4000,6,1,0,0,40,,2,0.038971,0.000000,0.00e+00,4.9267,0.0000
Opt_SMP,OMP,4000,4000,6,1,0,0,40,,3,0.038978,0.000000,0.00e+00,4.9259,0.0000
Opt_Hybrid,OMP,4000,4000,6,2,0,0,20,,1,0.017571,0.072463,0.00e+00,10.9272,4.1241
Opt_Hybrid,OMP,4000,4000,6,2,0,0,20,,2,0.018183,0.000000,0.00e+00,10.5590,0.0000
Opt_Hybrid,OMP,4000,4000,6,2,0,0,20,,3,0.017053,0.000000,0.00e+00,11.2587,0.0000
Opt_Hybrid,OMP,4000,4000,6,4,0,0,10,,1,0.002425,0.074104,3.43e-06,79.1910,30.5644
Opt_Hybrid,OMP,4000,4000,6,4,0,0,10,,2,0.002350,0.000000,0.00e+00,81.7031,0.0000
Opt_Hybrid,OMP,4000,4000,6,4,0,0,10,,3,0.002338,0.000000,0.00e+00,82.1220,0.0000
Opt_Hybrid,OMP,4000,4000,6,8,0,0,5,,1,0.007681,0.076837,3.43e-06,24.9958,10.0032
Opt_Hybrid,OMP,4000,4000,6,8,0,0,5,,2,0.005641,0.000000,0.00e+00,34.0337,0.0000
Opt_Hybrid,OMP,4000,4000,6,8,0,0,5,,3,0.005428,0.000000,0.00e+00,35.3752,0.0000
Opt_Grid1x8,OMP,4000,4000,6,8,1,8,1,,1,0.019718,0.075699,2.44e-06,9.7373,3.8391
Opt_Grid1x8,OMP,4000,4000,6,8,1,8,1,,2,0.020325,0.000000,0.00e+00,9.4464,0.0000
Opt_Grid1x8,OMP,4000,4000,6,8,1,8,1,,3,0.021008,0.000000,0.00e+00,9.1395,0.0000
Opt_Grid8x1,OMP,4000,4000,6,8,8,1,1,,1,0.019400,0.075958,0.00e+00,9.8968,3.9153
Opt_Grid8x1,OMP,4000,4000,6,8,8,1,1,,2,0.019409,0.000000,0.00e+00,9.8923,0.0000
Opt_Grid8x1,OMP,4000,4000,6,8,8,1,1,,3,0.019373,0.000000,0.00e+00,9.9106,0.0000
Opt_Grid2x4,OMP,4000,4000,6,8,2,4,1,,1,0.019793,0.075009,2.14e-06,9.7006,3.7897
Opt_Grid2x4,OMP,4000,4000,6,8,2,4,1,,2,0.020699,0.000000,0.00e+00,9.2758,0.0000
Opt_Grid2x4,OMP,4000,4000,6,8,2,4,1,,3,0.019374,0.000000,0.00e+00,9.9103,0.0000
Serial,OMP,4000,4000,8,1,0,0,1,,1,0.035386,0.054432,0.00e+00,7.2345,1.5382
Serial,OMP,4000,4000,8,1,0,0,1,,2,0.035275,0.000000,0.00e+00,7.2573,0.0000
Serial,OMP,4000,4000,8,1,0,0,1,,3,0.035379,0.000000,0.00e+00,7.2359,0.0000
Naive_SMP,OMP,4000,4000,8,1,0,0,40,,1,0.045921,0.054103,0.00e+00,5.5748,1.1782
Naive_SMP,OMP,4000,4000,8,1,0,0,40,,2,0.046064,0.000000,0.00e+00,5.5575,0.0000
Naive_SMP,OMP,4000,4000,8,1,0,0,40,,3,0.045898,0.000000,0.00e+00,5.5776,0.0000
Naive_Hybrid,OMP,4000,4000,8,2,0,0,20,,1,0.013657,0.056122,0.00e+00,18.7450,4.1094
Naive_Hybrid,OMP,4000,4000,8,2,0,0,20,,2,0.017529,0.000000,0.00e+00,14.6045,0.0000
Naive_Hybrid,OMP,4000,4000,8,2,0,0,20,,3,0.018170,0.000000,0.00e+00,14.0889,0.0000
Opt_SMP,OMP,4000,4000,8,1,0,0,40,,1,0.029645,0.054450,0.00e+00,8.6356,1.8367
Opt_SMP,OMP,4000,4000,8,1,0,0,40,,2,0.029596,0.000000,0.00e+00,8.6499,0.0000
Opt_SMP,OMP,4000,4000,8,1,0,0,40,,3,0.029646,0.000000,0.00e+00,8.6352,0.0000
Opt_Hybrid,OMP,4000,4000,8,2,0,0,20,,1,0.017120,0.055475,0.00e+00,14.9531,3.2403
Opt_Hybrid,OMP,4000,4000,8,2,0,0,20,,2,0.010602,0.000000,0.00e+00,24.1473,0.0000
Opt_Hybrid,OMP,4000,4000,8,2,0,0,20,,3,0.018915,0.000000,0.00e+00,13.5342,0.0000
Opt_Hybrid,OMP,4000,4000,8,4,0,0,10,,1,0.001987,0.055680,3.35e-06,128.8146,28.0172
Opt_Hybrid,OMP,4000,4000,8,4,0,0,10,,2,0.002123,0.000000,0.00e+00,120.5783,0.0000
Opt_Hybrid,OMP,4000,4000,8,4,0,0,10,,3,0.001979,0.000000,0.00e+00,129.3543,0.0000
Opt_Hybrid,OMP,4000,4000,8,8,0,0,5,,1,0.005459,0.059933,3.35e-06,46.8976,10.9793
Opt_Hybrid,OMP,4000,4000,8,8,0,0,5,,2,0.005158,0.000000,0.00e+00,49.6330,0.0000
Opt_Hybrid,OMP,4000,4000,8,8,0,0,5,,3,0.003261,0.000000,0.00e+00,78.4922,0.0000
Opt_Grid1x8,OMP,4000,4000,8,8,1,8,1,,1,0.015163,0.056850,3.40e-06,16.8837,3.7494
Opt_Grid1x8,OMP,4000,4000,8,8,1,8,1,,2,0.015266,0.000000,0.00e+00,16.7690,0.0000
Opt_Grid1x8,OMP,4000,4000,8,8,1,8,1,,3,0.014841,0.000000,0.00e+00,17.2495,0.0000
Opt_Grid8x1,OMP,4000,4000,8,8,8,1,1,,1,0.014798,0.059137,0.00e+00,17.2997,3.9963
Opt_Grid8x1,OMP,4000,4000,8,8,8,1,1,,2,0.015325,0.000000,0.00e+00,16.7050,0.0000
Opt_Grid8x1,OMP,4000,4000,8,8,8,1,1,,3,0.015714,0.000000,0.00e+00,16.2915,0.0000
Opt_Grid2x4,OMP,4000,4000,8,8,2,4,1,,1,0.014672,0.057103,3.61e-06,17.4480,3.8919
Opt_Grid2x4,OMP,4000,4000,8,8,2,4,1,,2,0.014768,0.000000,0.00e+00,17.3345,0.0000
Opt_Grid2x4,OMP,4000,4000,8,8,2,4,1,,3,0.015303,0.000000,0.00e+00,16.7289,0.0000
Serial,OMP,4000,4000,20,1,0,0,1,,1,0.057190,0.082147,0.00e+00,11.1908,1.4364
Serial,OMP,4000,4000,20,1,0,0,1,,2,0.057272,0.000000,0.00e+00,11.1748,0.0000
Serial,OMP,4000,4000,20,1,0,0,1,,3,0.057288,0.000000,0.00e+00,11.1717,0.0000
Naive_SMP,OMP,4000,4000,20,1,0,0,40,,1,0.078017,0.076175,0.00e+00,8.2033,0.9764
Naive_SMP,OMP,4000,4000,20,1,0,0,40,,2,0.077894,0.000000,0.00e+00,8.2163,0.0000
Naive_SMP,OMP,4000,4000,20,1,0,0,40,,3,0.078037,0.000000,0.00e+00,8.2013,0.0000
Naive_Hybrid,OMP,4000,4000,20,2,0,0,20,,1,0.018416,0.077892,0.00e+00,34.7518,4.2295
Naive_Hybrid,OMP,4000,4000,20,2,0,0,20,,2,0.023415,0.000000,0.00e+00,27.3332,0.0000
Naive_Hybrid,OMP,4000,4000,20,2,0,0,20,,3,0.023879,0.000000,0.00e+00,26.8015,0.0000
Opt_SMP,OMP,4000,4000,20,1,0,0,40,,1,0.048162,0.076085,0.00e+00,13.2885,1.5798
Opt_SMP,OMP,4000,4000,20,1,0,0,40,,2,0.048291,0.000000,0.00e+00,13.2530,0.0000
Opt_SMP,OMP,4000,4000,20,1,0,0,40,,3,0.048351,0.000000,0.00e+00,13.2366,0.0000
Opt_Hybrid,OMP,4000,4000,20,2,0,0,20,,1,0.019431,0.077920,0.00e+00,32.9370,4.0101
Opt_Hybrid,OMP,4000,4000,20,2,0,0,20,,2,0.012891,0.000000,0.00e+00,49.6489,0.0000
Opt_Hybrid,OMP,4000,4000,20,2,0,0,20,,3,0.012288,0.000000,0.00e+00,52.0849,0.0000
Opt_Hybrid,OMP,4000,4000,20,4,0,0,10,,1,0.003239,0.078039,2.61e-06,197.5690,24.0908
Opt_Hybrid,OMP,4000,4000,20,4,0,0,10,,2,0.003261,0.000000,0.00e+00,196.2622,0.0000
Opt_Hybrid,OMP,4000,4000,20,4,0,0,10,,3,0.003289,0.000000,0.00e+00,194.5749,0.0000
Opt_Hybrid,OMP,4000,4000,20,8,0,0,5,,1,0.008255,0.082001,2.61e-06,77.5250,9.9330
Opt_Hybrid,OMP,4000,4000,20,8,0,0,5,,2,0.007519,0.000000,0.00e+00,85.1162,0.0000
Opt_Hybrid,OMP,4000,4000,20,8,0,0,5,,3,0.009451,0.000000,0.00e+00,67.7169,0.0000
Opt_Grid1x8,OMP,4000,4000,20,8,1,8,1,,1,0.024992,0.086388,2.64e-06,25.6083,3.4566
Opt_Grid1x8,OMP,4000,4000,20,8,1,8,1,,2,0.025006,0.000000,0.00e+00,25.5939,0.0000
Opt_Grid1x8,OMP,4000,4000,20,8,1,8,1,,3,0.025163,0.000000,0.00e+00,25.4340,0.0000
Opt_Grid8x1,OMP,4000,4000,20,8,8,1,1,,1,0.024916,0.082660,0.00e+00,25.6867,3.3176
Opt_Grid8x1,OMP,4000,4000,20,8,8,1,1,,2,0.024457,0.000000,0.00e+00,26.1688,0.0000
Opt_Grid8x1,OMP,4000,4000,20,8,8,1,1,,3,0.024340,0.000000,0.00e+00,26.2942,0.0000
Opt_Grid2x4,OMP,4000,4000,20,8,2,4,1,,1,0.023992,0.081111,2.42e-06,26.6756,3.3808
Opt_Grid2x4,OMP,4000,4000,20,8,2,4,1,,2,0.023871,0.000000,0.00e+00,26.8107,0.0000
Opt_Grid2x4,OMP,4000,4000,20,8,2,4,1,,3,0.024282,0.000000,0.00e+00,26.3575,0.0000
Serial,OMP,4000,4000,32,1,0,0,1,,1,0.080601,0.116446,0.00e+00,12.7045,1.4447
Serial,OMP,4000,4000,32,1,0,0,1,,2,0.079452,0.000000,0.00e+00,12.8883,0.0000
Serial,OMP,4000,4000,32,1,0,0,1,,3,0.079185,0.000000,0.00e+00,12.9318,0.0000
Naive_SMP,OMP,4000,4000,32,1,0,0,40,,1,0.110687,0.106580,0.00e+00,9.2513,0.9629
Naive_SMP,OMP,4000,4000,32,1,0,0,40,,2,0.110763,0.000000,0.00e+00,9.2450,0.0000
Naive_SMP,OMP,4000,4000,32,1,0,0,40,,3,0.110696,0.000000,0.00e+00,9.2506,0.0000
Naive_Hybrid,OMP,4000,4000,32,2,0,0,20,,1,0.027999,0.116698,0.00e+00,36.5726,4.1679
Naive_Hybrid,OMP,4000,4000,32,2,0,0,20,,2,0.026319,0.000000,0.00e+00,38.9076,0.0000
Naive_Hybrid,OMP,4000,4000,32,2,0,0,20,,3,0.025720,0.000000,0.00e+00,39.8134,0.0000
Opt_SMP,OMP,4000,4000,32,1,0,0,40,,1,0.069694,0.117022,0.00e+00,14.6928,1.6791
Opt_SMP,OMP,4000,4000,32,1,0,0,40,,2,0.069242,0.000000,0.00e+00,14.7887,0.0000
Opt_SMP,OMP,4000,4000,32,1,0,0,40,,3,0.069523,0.000000,0.00e+00,14.7289,0.0000
Opt_Hybrid,OMP,4000,4000,32,2,0,0,20,,1,0.021211,0.116337,0.00e+00,48.2768,5.4847
Opt_Hybrid,OMP,4000,4000,32,2,0,0,20,,2,0.021395,0.000000,0.00e+00,47.8616,0.0000
Opt_Hybrid,OMP,4000,4000,32,2,0,0,20,,3,0.022343,0.000000,0.00e+00,45.8300,0.0000
Opt_Hybrid,OMP,4000,4000,32,4,0,0,10,,1,0.004563,0.116896,2.82e-06,224.4058,25.6173
Opt_Hybrid,OMP,4000,4000,32,4,0,0,10,,2,0.004595,0.000000,0.00e+00,222.8348,0.0000
Opt_Hybrid,OMP,4000,4000,32,4,0,0,10,,3,0.004837,0.000000,0.00e+00,211.6956,0.0000
Opt_Hybrid,OMP,4000,4000,32,8,0,0,5,,1,0.011720,0.115465,2.82e-06,87.3738,9.8522
Opt_Hybrid,OMP,4000,4000,32,8,0,0,5,,2,0.009185,0.000000,0.00e+00,111.4899,0.0000
Opt_Hybrid,OMP,4000,4000,32,8,0,0,5,,3,0.014564,0.000000,0.00e+00,70.3096,0.0000
Opt_Grid1x8,OMP,4000,4000,32,8,1,8,1,,1,0.036564,0.126562,2.63e-06,28.0057,3.4614
Opt_Grid1x8,OMP,4000,4000,32,8,1,8,1,,2,0.034466,0.000000,0.00e+00,29.7106,0.0000
Opt_Grid1x8,OMP,4000,4000,32,8,1,8,1,,3,0.034480,0.000000,0.00e+00,29.6980,0.0000
Opt_Grid8x1,OMP,4000,4000,32,8,8,1,1,,1,0.037576,0.127191,0.00e+00,27.2513,3.3849
Opt_Grid8x1,OMP,4000,4000,32,8,8,1,1,,2,0.036593,0.000000,0.00e+00,27.9836,0.0000
Opt_Grid8x1,OMP,4000,4000,32,8,8,1,1,,3,0.037146,0.000000,0.00e+00,27.5672,0.0000
Opt_Grid2x4,OMP,4000,4000,32,8,2,4,1,,1,0.034540,0.114059,2.70e-06,29.6470,3.3023
Opt_Grid2x4,OMP,4000,4000,32,8,2,4,1,,2,0.035307,0.000000,0.00e+00,29.0025,0.0000
Opt_Grid2x4,OMP,4000,4000,32,8,2,4,1,,3,0.035621,0.000000,0.00e+00,28.7473,0.0000
Serial,OMP,2000,6000,3,1,0,0,1,,1,0.027651,0.040986,0.00e+00,2.6039,1.4822
Serial,OMP,2000,6000,3,1,0,0,1,,2,0.027598,0.000000,0.00e+00,2.6088,0.0000
Serial,OMP,2000,6000,3,1,0,0,1,,3,0.027878,0.000000,0.00e+00,2.5827,0.0000
Naive_SMP,OMP,2000,6000,3,1,0,0,40,,1,0.040909,0.040490,0.00e+00,1.7600,0.9898
Naive_SMP,OMP,2000,6000,3,1,0,0,40,,2,0.040502,0.000000,0.00e+00,1.7777,0.0000
Naive_SMP,OMP,2000,6000,3,1,0,0,40,,3,0.040802,0.000000,0.00e+00,1.7646,0.0000
Naive_Hybrid,OMP,2000,6000,3,2,0,0,20,,1,0.016389,0.040757,0.00e+00,4.3933,2.4869
Naive_Hybrid,OMP,2000,6000,3,2,0,0,20,,2,0.018368,0.000000,0.00e+00,3.9199,0.0000
Naive_Hybrid,OMP,2000,6000,3,2,0,0,20,,3,0.014638,0.000000,0.00e+00,4.9185,0.0000
Opt_SMP,OMP,2000,6000,3,1,0,0,40,,1,0.027356,0.039700,0.00e+00,2.6320,1.4512
Opt_SMP,OMP,2000,6000,3,1,0,0,40,,2,0.027355,0.000000,0.00e+00,2.6321,0.0000
Opt_SMP,OMP,2000,6000,3,1,0,0,40,,3,0.027226,0.000000,0.00e+00,2.6445,0.0000
Opt_Hybrid,OMP,2000,6000,3,2,0,0,20,,1,0.007664,0.040171,0.00e+00,9.3947,5.2416
Opt_Hybrid,OMP,2000,6000,3,2,0,0,20,,2,0.009707,0.000000,0.00e+00,7.4175,0.0000
Opt_Hybrid,OMP,2000,6000,3,2,0,0,20,,3,0.005113,0.000000,0.00e+00,14.0815,0.0000
Opt_Hybrid,OMP,2000,6000,3,4,0,0,10,,1,0.001658,0.040159,4.53e-06,43.4215,24.2190
Opt_Hybrid,OMP,2000,6000,3,4,0,0,10,,2,0.001703,0.000000,0.00e+00,42.2844,0.0000
Opt_Hybrid,OMP,2000,6000,3,4,0,0,10,,3,0.001696,0.000000,0.00e+00,42.4631,0.0000
Opt_Hybrid,OMP,2000,6000,3,8,0,0,5,,1,0.003409,0.042616,4.53e-06,21.1224,12.5021
Opt_Hybrid,OMP,2000,6000,3,8,0,0,5,,2,0.004981,0.000000,0.00e+00,14.4562,0.0000
Opt_Hybrid,OMP,2000,6000,3,8,0,0,5,,3,0.004576,0.000000,0.00e+00,15.7355,0.0000
Opt_Grid1x8,OMP,2000,6000,3,8,1,8,1,,1,0.013758,0.041716,5.39e-06,5.2335,3.0322
Opt_Grid1x8,OMP,2000,6000,3,8,1,8,1,,2,0.014261,0.000000,0.00e+00,5.0488,0.0000
Opt_Grid1x8,OMP,2000,6000,3,8,1,8,1,,3,0.013932,0.000000,0.00e+00,5.1679,0.0000
Opt_Grid8x1,OMP,2000,6000,3,8,8,1,1,,1,0.013517,0.042778,0.00e+00,5.3266,3.1647
Opt_Grid8x1,OMP,2000,6000,3,8,8,1,1,,2,0.013427,0.000000,0.00e+00,5.3624,0.0000
Opt_Grid8x1,OMP,2000,6000,3,8,8,1,1,,3,0.013868,0.000000,0.00e+00,5.1919,0.0000
Opt_Grid2x4,OMP,2000,6000,3,8,2,4,1,,1,0.013768,0.042671,5.85e-06,5.2295,3.0993
Opt_Grid2x4,OMP,2000,6000,3,8,2,4,1,,2,0.013205,0.000000,0.00e+00,5.4524,0.0000
Opt_Grid2x4,OMP,2000,6000,3,8,2,4,1,,3,0.014375,0.000000,0.00e+00,5.0085,0.0000
Serial,OMP,2000,6000,6,1,0,0,1,,1,0.029185,0.053098,0.00e+00,4.9341,1.8194
Serial,OMP,2000,6000,6,1,0,0,1,,2,0.029059,0.000000,0.00e+00,4.9555,0.0000
Serial,OMP,2000,6000,6,1,0,0,1,,3,0.029099,0.000000,0.00e+00,4.9487,0.0000
Naive_SMP,OMP,2000,6000,6,1,0,0,40,,1,0.054832,0.054608,0.00e+00,2.6262,0.9959
Naive_SMP,OMP,2000,6000,6,1,0,0,40,,2,0.054040,0.000000,0.00e+00,2.6647,0.0000
Naive_SMP,OMP,2000,6000,6,1,0,0,40,,3,0.054805,0.000000,0.00e+00,2.6275,0.0000
Naive_Hybrid,OMP,2000,6000,6,2,0,0,20,,1,0.019468,0.055577,0.00e+00,7.3969,2.8548
Naive_Hybrid,OMP,2000,6000,6,2,0,0,20,,2,0.017865,0.000000,0.00e+00,8.0605,0.0000
Naive_Hybrid,OMP,2000,6000,6,2,0,0,20,,3,0.019617,0.000000,0.00e+00,7.3406,0.0000
Opt_SMP,OMP,2000,6000,6,1,0,0,40,,1,0.029280,0.053215,0.00e+00,4.9181,1.8175
Opt_SMP,OMP,2000,6000,6,1,0,0,40,,2,0.029216,0.000000,0.00e+00,4.9288,0.0000
Opt_SMP,OMP,2000,6000,6,1,0,0,40,,3,0.029273,0.000000,0.00e+00,4.9191,0.0000
Opt_Hybrid,OMP,2000,6000,6,2,0,0,20,,1,0.003140,0.054345,0.00e+00,45.8660,17.3097
Opt_Hybrid,OMP,2000,6000,6,2,0,0,20,,2,0.013753,0.000000,0.00e+00,10.4703,0.0000
Opt_Hybrid,OMP,2000,6000,6,2,0,0,20,,3,0.008488,0.000000,0.00e+00,16.9643,0.0000
Opt_Hybrid,OMP,2000,6000,6,4,0,0,10,,1,0.001765,0.054382,4.42e-06,81.5830,30.8103
Opt_Hybrid,OMP,2000,6000,6,4,0,0,10,,2,0.001756,0.000000,0.00e+00,81.9836,0.0000
Opt_Hybrid,OMP,2000,6000,6,4,0,0,10,,3,0.001760,0.000000,0.00e+00,81.8027,0.0000
Opt_Hybrid,OMP,2000,6000,6,8,0,0,5,,1,0.006676,0.057259,4.42e-06,21.5708,8.5772
Opt_Hybrid,OMP,2000,6000,6,8,0,0,5,,2,0.006166,0.000000,0.00e+00,23.3542,0.0000
Opt_Hybrid,OMP,2000,6000,6,8,0,0,5,,3,0.004743,0.000000,0.00e+00,30.3630,0.0000
Opt_Grid1x8,OMP,2000,6000,6,8,1,8,1,,1,0.015146,0.057595,4.49e-06,9.5074,3.8026
Opt_Grid1x8,OMP,2000,6000,6,8,1,8,1,,2,0.015110,0.000000,0.00e+00,9.5298,0.0000
Opt_Grid1x8,OMP,2000,6000,6,8,1,8,1,,3,0.014621,0.000000,0.00e+00,9.8485,0.0000
Opt_Grid8x1,OMP,2000,6000,6,8,8,1,1,,1,0.015115,0.057884,0.00e+00,9.5267,3.8295
Opt_Grid8x1,OMP,2000,6000,6,8,8,1,1,,2,0.015389,0.000000,0.00e+00,9.3576,0.0000
Opt_Grid8x1,OMP,2000,6000,6,8,8,1,1,,3,0.014552,0.000000,0.00e+00,9.8958,0.0000
Opt_Grid2x4,OMP,2000,6000,6,8,2,4,1,,1,0.014367,0.056296,4.67e-06,10.0227,3.9183
Opt_Grid2x4,OMP,2000,6000,6,8,2,4,1,,2,0.014651,0.000000,0.00e+00,9.8284,0.0000
Opt_Grid2x4,OMP,2000,6000,6,8,2,4,1,,3,0.015032,0.000000,0.00e+00,9.5797,0.0000
Serial,OMP,2000,6000,8,1,0,0,1,,1,0.026547,0.041279,0.00e+00,7.2323,1.5549
Serial,OMP,2000,6000,8,1,0,0,1,,2,0.026535,0.000000,0.00e+00,7.2356,0.0000
Serial,OMP,2000,6000,8,1,0,0,1,,3,0.026488,0.000000,0.00e+00,7.2486,0.0000
Naive_SMP,OMP,2000,6000,8,1,0,0,40,,1,0.035608,0.042282,0.00e+00,5.3921,1.1874
Naive_SMP,OMP,2000,6000,8,1,0,0,40,,2,0.034993,0.000000,0.00e+00,5.4868,0.0000
Naive_SMP,OMP,2000,6000,8,1,0,0,40,,3,0.034888,0.000000,0.00e+00,5.5033,0.0000
Naive_Hybrid,OMP,2000,6000,8,2,0,0,20,,1,0.016234,0.042312,0.00e+00,11.8274,2.6065
Naive_Hybrid,OMP,2000,6000,8,2,0,0,20,,2,0.014936,0.000000,0.00e+00,12.8547,0.0000
Naive_Hybrid,OMP,2000,6000,8,2,0,0,20,,3,0.017551,0.000000,0.00e+00,10.9394,0.0000
Opt_SMP,OMP,2000,6000,8,1,0,0,40,,1,0.022728,0.042567,0.00e+00,8.4477,1.8729
Opt_SMP,OMP,2000,6000,8,1,0,0,40,,2,0.023014,0.000000,0.00e+00,8.3429,0.0000
Opt_SMP,OMP,2000,6000,8,1,0,0,40,,3,0.022699,0.000000,0.00e+00,8.4586,0.0000
Opt_Hybrid,OMP,2000,6000,8,2,0,0,20,,1,0.007574,0.041750,0.00e+00,25.3506,5.5125
Opt_Hybrid,OMP,2000,6000,8,2,0,0,20,,2,0.003103,0.000000,0.00e+00,61.8695,0.0000
Opt_Hybrid,OMP,2000,6000,8,2,0,0,20,,3,0.012152,0.000000,0.00e+00,15.7996,0.0000
Opt_Hybrid,OMP,2000,6000,8,4,0,0,10,,1,0.001495,0.041801,1.49e-06,128.3867,27.9517
Opt_Hybrid,OMP,2000,6000,8,4,0,0,10,,2,0.001527,0.000000,0.00e+00,125.7476,0.0000
Opt_Hybrid,OMP,2000,6000,8,4,0,0,10,,3,0.001528,0.000000,0.00e+00,125.6399,0.0000
Opt_Hybrid,OMP,2000,6000,8,8,0,0,5,,1,0.003030,0.042832,1.49e-06,63.3581,14.1341
Opt_Hybrid,OMP,2000,6000,8,8,0,0,5,,2,0.002612,0.000000,0.00e+00,73.4965,0.0000
Opt_Hybrid,OMP,2000,6000,8,8,0,0,5,,3,0.004279,0.000000,0.00e+00,44.8686,0.0000
Opt_Grid1x8,OMP,2000,6000,8,8,1,8,1,,1,0.012835,0.044054,2.37e-06,14.9586,3.4322
Opt_Grid1x8,OMP,2000,6000,8,8,1,8,1,,2,0.011199,0.000000,0.00e+00,17.1449,0.0000
Opt_Grid1x8,OMP,2000,6000,8,8,1,8,1,,3,0.011305,0.000000,0.00e+00,16.9832,0.0000
Opt_Grid8x1,OMP,2000,6000,8,8,8,1,1,,1,0.010924,0.043506,0.00e+00,17.5765,3.9827
Opt_Grid8x1,OMP,2000,6000,8,8,8,1,1,,2,0.011186,0.000000,0.00e+00,17.1636,0.0000
Opt_Grid8x1,OMP,2000,6000,8,8,8,1,1,,3,0.011531,0.000000,0.00e+00,16.6514,0.0000
Opt_Grid2x4,OMP,2000,6000,8,8,2,4,1,,1,0.011195,0.043095,2.31e-06,17.1498,3.8493
Opt_Grid2x4,OMP,2000,6000,8,8,2,4,1,,2,0.012107,0.000000,0.00e+00,15.8589,0.0000
Opt_Grid2x4,OMP,2000,6000,8,8,2,4,1,,3,0.012236,0.000000,0.00e+00,15.6916,0.0000
Serial,OMP,2000,6000,20,1,0,0,1,,1,0.044310,0.059127,0.00e+00,10.8328,1.3344
Serial,OMP,2000,6000,20,1,0,0,1,,2,0.044104,0.000000,0.00e+00,10.8833,0.0000
Serial,OMP,2000,6000,20,1,0,0,1,,3,0.043779,0.000000,0.00e+00,10.9641,0.0000
Naive_SMP,OMP,2000,6000,20,1,0,0,40,,1,0.059458,0.057255,0.00e+00,8.0730,0.9630
Naive_SMP,OMP,2000,6000,20,1,0,0,40,,2,0.058860,0.000000,0.00e+00,8.1549,0.0000
Naive_SMP,OMP,2000,6000,20,1,0,0,40,,3,0.059053,0.000000,0.00e+00,8.1283,0.0000
Naive_Hybrid,OMP,2000,6000,20,2,0,0,20,,1,0.020774,0.058472,0.00e+00,23.1061,2.8147
Naive_Hybrid,OMP,2000,6000,20,2,0,0,20,,2,0.020141,0.000000,0.00e+00,23.8316,0.0000
Naive_Hybrid,OMP,2000,6000,20,2,0,0,20,,3,0.020685,0.000000,0.00e+00,23.2057,0.0000
Opt_SMP,OMP,2000,6000,20,1,0,0,40,,1,0.037012,0.062105,0.00e+00,12.9688,1.6780
Opt_SMP,OMP,2000,6000,20,1,0,0,40,,2,0.036997,0.000000,0.00e+00,12.9740,0.0000
Opt_SMP,OMP,2000,6000,20,1,0,0,40,,3,0.037176,0.000000,0.00e+00,12.9116,0.0000
Opt_Hybrid,OMP,2000,6000,20,2,0,0,20,,1,0.018375,0.059632,0.00e+00,26.1218,3.2452
Opt_Hybrid,OMP,2000,6000,20,2,0,0,20,,2,0.018208,0.000000,0.00e+00,26.3617,0.0000
Opt_Hybrid,OMP,2000,6000,20,2,0,0,20,,3,0.012531,0.000000,0.00e+00,38.3050,0.0000
Opt_Hybrid,OMP,2000,6000,20,4,0,0,10,,1,0.002475,0.059106,3.59e-06,193.9362,23.8806
Opt_Hybrid,OMP,2000,6000,20,4,0,0,10,,2,0.002475,0.000000,0.00e+00,193.9712,0.0000
Opt_Hybrid,OMP,2000,6000,20,4,0,0,10,,3,0.002471,0.000000,0.00e+00,194.2922,0.0000
Opt_Hybrid,OMP,2000,6000,20,8,0,0,5,,1,0.007624,0.061811,3.59e-06,62.9562,8.1070
Opt_Hybrid,OMP,2000,6000,20,8,0,0,5,,2,0.006604,0.000000,0.00e+00,72.6879,0.0000
Opt_Hybrid,OMP,2000,6000,20,8,0,0,5,,3,0.005600,0.000000,0.00e+00,85.7206,0.0000
Opt_Grid1x8,OMP,2000,6000,20,8,1,8,1,,1,0.018890,0.062431,3.38e-06,25.4105,3.3050
Opt_Grid1x8,OMP,2000,6000,20,8,1,8,1,,2,0.020410,0.000000,0.00e+00,23.5180,0.0000
Opt_Grid1x8,OMP,2000,6000,20,8,1,8,1,,3,0.018776,0.000000,0.00e+00,25.5645,0.0000
Opt_Grid8x1,OMP,2000,6000,20,8,8,1,1,,1,0.020377,0.061040,0.00e+00,23.5556,2.9955
Opt_Grid8x1,OMP,2000,6000,20,8,8,1,1,,2,0.019728,0.000000,0.00e+00,24.3315,0.0000
Opt_Grid8x1,OMP,2000,6000,20,8,8,1,1,,3,0.019051,0.000000,0.00e+00,25.1950,0.0000
Opt_Grid2x4,OMP,2000,6000,20,8,2,4,1,,1,0.018264,0.060633,3.49e-06,26.2809,3.3198
Opt_Grid2x4,OMP,2000,6000,20,8,2,4,1,,2,0.018160,0.000000,0.00e+00,26.4312,0.0000
Opt_Grid2x4,OMP,2000,6000,20,8,2,4,1,,3,0.018064,0.000000,0.00e+00,26.5716,0.0000
Serial,OMP,2000,6000,32,1,0,0,1,,1,0.060145,0.086633,0.00e+00,12.7691,1.4404
Serial,OMP,2000,6000,32,1,0,0,1,,2,0.060258,0.000000,0.00e+00,12.7451,0.0000
Serial,OMP,2000,6000,32,1,0,0,1,,3,0.062106,0.000000,0.00e+00,12.3660,0.0000
Naive_SMP,OMP,2000,6000,32,1,0,0,40,,1,0.082914,0.086362,0.00e+00,9.2626,1.0416
Naive_SMP,OMP,2000,6000,32,1,0,0,40,,2,0.082894,0.000000,0.00e+00,9.2649,0.0000
Naive_SMP,OMP,2000,6000,32,1,0,0,40,,3,0.082670,0.000000,0.00e+00,9.2900,0.0000
Naive_Hybrid,OMP,2000,6000,32,2,0,0,20,,1,0.023156,0.088719,0.00e+00,33.1666,3.8314
Naive_Hybrid,OMP,2000,6000,32,2,0,0,20,,2,0.023632,0.000000,0.00e+00,32.4978,0.0000
Naive_Hybrid,OMP,2000,6000,32,2,0,0,20,,3,0.023019,0.000000,0.00e+00,33.3631,0.0000
Opt_SMP,OMP,2000,6000,32,1,0,0,40,,1,0.051048,0.086464,0.00e+00,15.0447,1.6938
Opt_SMP,OMP,2000,6000,32,1,0,0,40,,2,0.051424,0.000000,0.00e+00,14.9345,0.0000
Opt_SMP,OMP,2000,6000,32,1,0,0,40,,3,0.050853,0.000000,0.00e+00,15.1022,0.0000
Opt_Hybrid,OMP,2000,6000,32,2,0,0,20,,1,0.014273,0.082740,0.00e+00,53.8082,5.7970
Opt_Hybrid,OMP,2000,6000,32,2,0,0,20,,2,0.021360,0.000000,0.00e+00,35.9553,0.0000
Opt_Hybrid,OMP,2000,6000,32,2,0,0,20,,3,0.020955,0.000000,0.00e+00,36.6495,0.0000
Opt_Hybrid,OMP,2000,6000,32,4,0,0,10,,1,0.003482,0.090412,3.14e-06,220.5744,25.9670
Opt_Hybrid,OMP,2000,6000,32,4,0,0,10,,2,0.003488,0.000000,0.00e+00,220.1707,0.0000
Opt_Hybrid,OMP,2000,6000,32,4,0,0,10,,3,0.003467,0.000000,0.00e+00,221.5120,0.0000
Opt_Hybrid,OMP,2000,6000,32,8,0,0,5,,1,0.011951,0.086347,3.14e-06,64.2630,7.2252
Opt_Hybrid,OMP,2000,6000,32,8,0,0,5,,2,0.009284,0.000000,0.00e+00,82.7206,0.0000
Opt_Hybrid,OMP,2000,6000,32,8,0,0,5,,3,0.008044,0.000000,0.00e+00,95.4728,0.0000
Opt_Grid1x8,OMP,2000,6000,32,8,1,8,1,,1,0.025982,0.094177,3.58e-06,29.5590,3.6247
Opt_Grid1x8,OMP,2000,6000,32,8,1,8,1,,2,0.026600,0.000000,0.00e+00,28.8722,0.0000
Opt_Grid1x8,OMP,2000,6000,32,8,1,8,1,,3,0.026186,0.000000,0.00e+00,29.3289,0.0000
Opt_Grid8x1,OMP,2000,6000,32,8,8,1,1,,1,0.035358,0.092986,0.00e+00,21.7205,2.6298
Opt_Grid8x1,OMP,2000,6000,32,8,8,1,1,,2,0.034722,0.000000,0.00e+00,22.1183,0.0000
Opt_Grid8x1,OMP,2000,6000,32,8,8,1,1,,3,0.035307,0.000000,0.00e+00,21.7522,0.0000
Opt_Grid2x4,OMP,2000,6000,32,8,2,4,1,,1,0.026351,0.089094,3.80e-06,29.1453,3.3811
Opt_Grid2x4,OMP,2000,6000,32,8,2,4,1,,2,0.026262,0.000000,0.00e+00,29.2440,0.0000
Opt_Grid2x4,OMP,2000,6000,32,8,2,4,1,,3,0.025478,0.000000,0.00e+00,30.1440,0.0000
Serial,OMP,2000,2000,64,1,0,0,1,,1,0.034822,0.051252,0.00e+00,14.7032,1.4718
Serial,OMP,2000,2000,64,1,0,0,1,,2,0.033962,0.000000,0.00e+00,15.0755,0.0000
Serial,OMP,2000,2000,64,1,0,0,1,,3,0.033945,0.000000,0.00e+00,15.0831,0.0000
Naive_SMP,OMP,2000,2000,64,1,0,0,40,,1,0.049627,0.047277,0.00e+00,10.3169,0.9526
Naive_SMP,OMP,2000,2000,64,1,0,0,40,,2,0.049748,0.000000,0.00e+00,10.2918,0.0000
Naive_SMP,OMP,2000,2000,64,1,0,0,40,,3,0.049488,0.000000,0.00e+00,10.3460,0.0000
Naive_Hybrid,OMP,2000,2000,64,2,0,0,20,,1,0.010056,0.050640,0.00e+00,50.9148,5.0358
Naive_Hybrid,OMP,2000,2000,64,2,0,0,20,,2,0.018806,0.000000,0.00e+00,27.2254,0.0000
Naive_Hybrid,OMP,2000,2000,64,2,0,0,20,,3,0.015501,0.000000,0.00e+00,33.0304,0.0000
Opt_SMP,OMP,2000,2000,64,1,0,0,40,,1,0.030562,0.050305,0.00e+00,16.7529,1.6460
Opt_SMP,OMP,2000,2000,64,1,0,0,40,,2,0.029842,0.000000,0.00e+00,17.1571,0.0000
Opt_SMP,OMP,2000,2000,64,1,0,0,40,,3,0.029977,0.000000,0.00e+00,17.0800,0.0000
Opt_Hybrid,OMP,2000,2000,64,2,0,0,20,,1,0.005514,0.048467,0.00e+00,92.8490,8.7892
Opt_Hybrid,OMP,2000,2000,64,2,0,0,20,,2,0.006916,0.000000,0.00e+00,74.0326,0.0000
Opt_Hybrid,OMP,2000,2000,64,2,0,0,20,,3,0.008018,0.000000,0.00e+00,63.8571,0.0000
Opt_Hybrid,OMP,2000,2000,64,4,0,0,10,,1,0.002080,0.052117,1.65e-06,246.1133,25.0519
Opt_Hybrid,OMP,2000,2000,64,4,0,0,10,,2,0.001979,0.000000,0.00e+00,258.7328,0.0000
Opt_Hybrid,OMP,2000,2000,64,4,0,0,10,,3,0.002078,0.000000,0.00e+00,246.3873,0.0000
Opt_Hybrid,OMP,2000,2000,64,8,0,0,5,,1,0.003446,0.056399,1.65e-06,148.5642,16.3650
Opt_Hybrid,OMP,2000,2000,64,8,0,0,5,,2,0.005307,0.000000,0.00e+00,96.4837,0.0000
Opt_Hybrid,OMP,2000,2000,64,8,0,0,5,,3,0.005310,0.000000,0.00e+00,96.4174,0.0000
Opt_Grid1x8,OMP,2000,2000,64,8,1,8,1,,1,0.015646,0.050663,1.45e-06,32.7241,3.2381
Opt_Grid1x8,OMP,2000,2000,64,8,1,8,1,,2,0.014668,0.000000,0.00e+00,34.9054,0.0000
Opt_Grid1x8,OMP,2000,2000,64,8,1,8,1,,3,0.015415,0.000000,0.00e+00,33.2150,0.0000
Opt_Grid8x1,OMP,2000,2000,64,8,8,1,1,,1,0.017102,0.055382,0.00e+00,29.9375,3.2383
Opt_Grid8x1,OMP,2000,2000,64,8,8,1,1,,2,0.016459,0.000000,0.00e+00,31.1074,0.0000
Opt_Grid8x1,OMP,2000,2000,64,8,8,1,1,,3,0.017996,0.000000,0.00e+00,28.4512,0.0000
Opt_Grid2x4,OMP,2000,2000,64,8,2,4,1,,1,0.015340,0.054127,1.59e-06,33.3766,3.5285
Opt_Grid2x4,OMP,2000,2000,64,8,2,4,1,,2,0.014942,0.000000,0.00e+00,34.2657,0.0000
Opt_Grid2x4,OMP,2000,2000,64,8,2,4,1,,3,0.015520,0.000000,0.00e+00,32.9887,0.0000
Serial,OMP,2000,2000,128,1,0,0,1,,1,0.075567,0.096956,0.00e+00,13.5508,1.2830
Serial,OMP,2000,2000,128,1,0,0,1,,2,0.079634,0.000000,0.00e+00,12.8588,0.0000
Serial,OMP,2000,2000,128,1,0,0,1,,3,0.080730,0.000000,0.00e+00,12.6843,0.0000
Naive_SMP,OMP,2000,2000,128,1,0,0,40,,1,0.093458,0.104362,0.00e+00,10.9568,1.1167
Naive_SMP,OMP,2000,2000,128,1,0,0,40,,2,0.093655,0.000000,0.00e+00,10.9337,0.0000
Naive_SMP,OMP,2000,2000,128,1,0,0,40,,3,0.093691,0.000000,0.00e+00,10.9296,0.0000
Naive_Hybrid,OMP,2000,2000,128,2,0,0,20,,1,0.028039,0.103796,0.00e+00,36.5201,3.7018
Naive_Hybrid,OMP,2000,2000,128,2,0,0,20,,2,0.023528,0.000000,0.00e+00,43.5225,0.0000
Naive_Hybrid,OMP,2000,2000,128,2,0,0,20,,3,0.021911,0.000000,0.00e+00,46.7340,0.0000
Opt_SMP,OMP,2000,2000,128,1,0,0,40,,1,0.060969,0.104217,0.00e+00,16.7955,1.7093
Opt_SMP,OMP,2000,2000,128,1,0,0,40,,2,0.060138,0.000000,0.00e+00,17.0274,0.0000
Opt_SMP,OMP,2000,2000,128,1,0,0,40,,3,0.059723,0.000000,0.00e+00,17.1459,0.0000
Opt_Hybrid,OMP,2000,2000,128,2,0,0,20,,1,0.021050,0.101689,0.00e+00,48.6463,4.8309
Opt_Hybrid,OMP,2000,2000,128,2,0,0,20,,2,0.020511,0.000000,0.00e+00,49.9237,0.0000
Opt_Hybrid,OMP,2000,2000,128,2,0,0,20,,3,0.022572,0.000000,0.00e+00,45.3660,0.0000
Opt_Hybrid,OMP,2000,2000,128,4,0,0,10,,1,0.004088,0.108011,1.66e-06,250.4875,26.4212
Opt_Hybrid,OMP,2000,2000,128,4,0,0,10,,2,0.004166,0.000000,0.00e+00,245.8222,0.0000
Opt_Hybrid,OMP,2000,2000,128,4,0,0,10,,3,0.004114,0.000000,0.00e+00,248.9029,0.0000
Opt_Hybrid,OMP,2000,2000,128,8,0,0,5,,1,0.008199,0.113383,1.66e-06,124.8982,13.8295
Opt_Hybrid,OMP,2000,2000,128,8,0,0,5,,2,0.008720,0.000000,0.00e+00,117.4358,0.0000
Opt_Hybrid,OMP,2000,2000,128,8,0,0,5,,3,0.012298,0.000000,0.00e+00,83.2679,0.0000
Opt_Grid1x8,OMP,2000,2000,128,8,1,8,1,,1,0.029440,0.112262,1.54e-06,34.7830,3.8133
Opt_Grid1x8,OMP,2000,2000,128,8,1,8,1,,2,0.029644,0.000000,0.00e+00,34.5438,0.0000
Opt_Grid1x8,OMP,2000,2000,128,8,1,8,1,,3,0.028897,0.000000,0.00e+00,35.4358,0.0000
Opt_Grid8x1,OMP,2000,2000,128,8,8,1,1,,1,0.047127,0.106792,0.00e+00,21.7283,2.2660
Opt_Grid8x1,OMP,2000,2000,128,8,8,1,1,,2,0.048100,0.000000,0.00e+00,21.2891,0.0000
Opt_Grid8x1,OMP,2000,2000,128,8,8,1,1,,3,0.048003,0.000000,0.00e+00,21.3319,0.0000
Opt_Grid2x4,OMP,2000,2000,128,8,2,4,1,,1,0.029078,0.111290,1.65e-06,35.2150,3.8272
Opt_Grid2x4,OMP,2000,2000,128,8,2,4,1,,2,0.028279,0.000000,0.00e+00,36.2102,0.0000
Opt_Grid2x4,OMP,2000,2000,128,8,2,4,1,,3,0.029956,0.000000,0.00e+00,34.1833,0.0000
Serial,OMP,2000,4000,64,1,0,0,1,,1,0.077088,0.103622,0.00e+00,13.2836,1.3442
Serial,OMP,2000,4000,64,1,0,0,1,,2,0.077806,0.000000,0.00e+00,13.1610,0.0000
Serial,OMP,2000,4000,64,1,0,0,1,,3,0.079256,0.000000,0.00e+00,12.9201,0.0000
Naive_SMP,OMP,2000,4000,64,1,0,0,40,,1,0.101713,0.109863,0.00e+00,10.0675,1.0801
Naive_SMP,OMP,2000,4000,64,1,0,0,40,,2,0.102372,0.000000,0.00e+00,10.0027,0.0000
Naive_SMP,OMP,2000,4000,64,1,0,0,40,,3,0.101642,0.000000,0.00e+00,10.0745,0.0000
Naive_Hybrid,OMP,2000,4000,64,2,0,0,20,,1,0.024998,0.112839,0.00e+00,40.9628,4.5139
Naive_Hybrid,OMP,2000,4000,64,2,0,0,20,,2,0.025342,0.000000,0.00e+00,40.4073,0.0000
Naive_Hybrid,OMP,2000,4000,64,2,0,0,20,,3,0.026834,0.000000,0.00e+00,38.1609,0.0000
Opt_SMP,OMP,2000,4000,64,1,0,0,40,,1,0.063282,0.105624,0.00e+00,16.1816,1.6691
Opt_SMP,OMP,2000,4000,64,1,0,0,40,,2,0.062912,0.000000,0.00e+00,16.2768,0.0000
Opt_SMP,OMP,2000,4000,64,1,0,0,40,,3,0.062733,0.000000,0.00e+00,16.3230,0.0000
Opt_Hybrid,OMP,2000,4000,64,2,0,0,20,,1,0.022044,0.109905,0.00e+00,46.4523,4.9857
Opt_Hybrid,OMP,2000,4000,64,2,0,0,20,,2,0.021899,0.000000,0.00e+00,46.7600,0.0000
Opt_Hybrid,OMP,2000,4000,64,2,0,0,20,,3,0.016912,0.000000,0.00e+00,60.5475,0.0000
Opt_Hybrid,OMP,2000,4000,64,4,0,0,10,,1,0.004309,0.110255,3.29e-06,237.6363,25.5866
Opt_Hybrid,OMP,2000,4000,64,4,0,0,10,,2,0.004198,0.000000,0.00e+00,243.8993,0.0000
Opt_Hybrid,OMP,2000,4000,64,4,0,0,10,,3,0.004310,0.000000,0.00e+00,237.5763,0.0000
Opt_Hybrid,OMP,2000,4000,64,8,0,0,5,,1,0.012698,0.117702,3.29e-06,80.6435,9.2694
Opt_Hybrid,OMP,2000,4000,64,8,0,0,5,,2,0.008099,0.000000,0.00e+00,126.4402,0.0000
Opt_Hybrid,OMP,2000,4000,64,8,0,0,5,,3,0.010118,0.000000,0.00e+00,101.2076,0.0000
Opt_Grid1x8,OMP,2000,4000,64,8,1,8,1,,1,0.031786,0.111885,3.17e-06,32.2154,3.5199
Opt_Grid1x8,OMP,2000,4000,64,8,1,8,1,,2,0.030865,0.000000,0.00e+00,33.1764,0.0000
Opt_Grid1x8,OMP,2000,4000,64,8,1,8,1,,3,0.032118,0.000000,0.00e+00,31.8822,0.0000
Opt_Grid8x1,OMP,2000,4000,64,8,8,1,1,,1,0.048574,0.115823,0.00e+00,21.0814,2.3845
Opt_Grid8x1,OMP,2000,4000,64,8,8,1,1,,2,0.048812,0.000000,0.00e+00,20.9785,0.0000
Opt_Grid8x1,OMP,2000,4000,64,8,8,1,1,,3,0.048570,0.000000,0.00e+00,21.0829,0.0000
Opt_Grid2x4,OMP,2000,4000,64,8,2,4,1,,1,0.029913,0.114810,3.25e-06,34.2330,3.8382
Opt_Grid2x4,OMP,2000,4000,64,8,2,4,1,,2,0.031237,0.000000,0.00e+00,32.7816,0.0000
Opt_Grid2x4,OMP,2000,4000,64,8,2,4,1,,3,0.030444,0.000000,0.00e+00,33.6350,0.0000
Serial,OMP,2000,4000,128,1,0,0,1,,1,0.215966,0.229259,0.00e+00,9.4830,1.0616
Serial,OMP,2000,4000,128,1,0,0,1,,2,0.216368,0.000000,0.00e+00,9.4654,0.0000
Serial,OMP,2000,4000,128,1,0,0,1,,3,0.214511,0.000000,0.00e+00,9.5473,0.0000
Naive_SMP,OMP,2000,4000,128,1,0,0,40,,1,0.192813,0.237428,0.00e+00,10.6217,1.2314
Naive_SMP,OMP,2000,4000,128,1,0,0,40,,2,0.193543,0.000000,0.00e+00,10.5817,0.0000
Naive_SMP,OMP,2000,4000,128,1,0,0,40,,3,0.193759,0.000000,0.00e+00,10.5698,0.0000
Naive_Hybrid,OMP,2000,4000,128,2,0,0,20,,1,0.035327,0.242224,0.00e+00,57.9729,6.8566
Naive_Hybrid,OMP,2000,4000,128,2,0,0,20,,2,0.033270,0.000000,0.00e+00,61.5574,0.0000
Naive_Hybrid,OMP,2000,4000,128,2,0,0,20,,3,0.036068,0.000000,0.00e+00,56.7809,0.0000
Opt_SMP,OMP,2000,4000,128,1,0,0,40,,1,0.155140,0.232645,0.00e+00,13.2009,1.4996
Opt_SMP,OMP,2000,4000,128,1,0,0,40,,2,0.154563,0.000000,0.00e+00,13.2503,0.0000
Opt_SMP,OMP,2000,4000,128,1,0,0,40,,3,0.155084,0.000000,0.00e+00,13.2058,0.0000
Opt_Hybrid,OMP,2000,4000,128,2,0,0,20,,1,0.028470,0.241681,0.00e+00,71.9346,8.4889
Opt_Hybrid,OMP,2000,4000,128,2,0,0,20,,2,0.027085,0.000000,0.00e+00,75.6147,0.0000
Opt_Hybrid,OMP,2000,4000,128,2,0,0,20,,3,0.028874,0.000000,0.00e+00,70.9292,0.0000
Opt_Hybrid,OMP,2000,4000,128,4,0,0,10,,1,0.010422,0.244790,3.46e-06,196.5076,23.4878
Opt_Hybrid,OMP,2000,4000,128,4,0,0,10,,2,0.010474,0.000000,0.00e+00,195.5278,0.0000
Opt_Hybrid,OMP,2000,4000,128,4,0,0,10,,3,0.010476,0.000000,0.00e+00,195.4881,0.0000
Opt_Hybrid,OMP,2000,4000,128,8,0,0,5,,1,0.024759,0.255170,3.46e-06,82.7158,10.3060
Opt_Hybrid,OMP,2000,4000,128,8,0,0,5,,2,0.023779,0.000000,0.00e+00,86.1258,0.0000
Opt_Hybrid,OMP,2000,4000,128,8,0,0,5,,3,0.025499,0.000000,0.00e+00,80.3155,0.0000
Opt_Grid1x8,OMP,2000,4000,128,8,1,8,1,,1,0.057709,0.241636,3.31e-06,35.4881,4.1871
Opt_Grid1x8,OMP,2000,4000,128,8,1,8,1,,2,0.059053,0.000000,0.00e+00,34.6805,0.0000
Opt_Grid1x8,OMP,2000,4000,128,8,1,8,1,,3,0.059287,0.000000,0.00e+00,34.5440,0.0000
Opt_Grid8x1,OMP,2000,4000,128,8,8,1,1,,1,0.097938,0.244441,0.00e+00,20.9112,2.4959
Opt_Grid8x1,OMP,2000,4000,128,8,8,1,1,,2,0.097564,0.000000,0.00e+00,20.9914,0.0000
Opt_Grid8x1,OMP,2000,4000,128,8,8,1,1,,3,0.097567,0.000000,0.00e+00,20.9907,0.0000
Opt_Grid2x4,OMP,2000,4000,128,8,2,4,1,,1,0.067663,0.250053,3.49e-06,30.2677,3.6956
Opt_Grid2x4,OMP,2000,4000,128,8,2,4,1,,2,0.067568,0.000000,0.00e+00,30.3101,0.0000
Opt_Grid2x4,OMP,2000,4000,128,8,2,4,1,,3,0.064867,0.000000,0.00e+00,31.5721,0.0000
Serial,OMP,4000,2000,64,1,0,0,1,,1,0.067865,0.100157,0.00e+00,15.0889,1.4758
Serial,OMP,4000,2000,64,1,0,0,1,,2,0.068646,0.000000,0.00e+00,14.9171,0.0000
Serial,OMP,4000,2000,64,1,0,0,1,,3,0.069602,0.000000,0.00e+00,14.7122,0.0000
Naive_SMP,OMP,4000,2000,64,1,0,0,40,,1,0.098946,0.100047,0.00e+00,10.3490,1.0111
Naive_SMP,OMP,4000,2000,64,1,0,0,40,,2,0.098928,0.000000,0.00e+00,10.3509,0.0000
Naive_SMP,OMP,4000,2000,64,1,0,0,40,,3,0.100789,0.000000,0.00e+00,10.1598,0.0000
Naive_Hybrid,OMP,4000,2000,64,2,0,0,20,,1,0.026544,0.103277,0.00e+00,38.5776,3.8908
Naive_Hybrid,OMP,4000,2000,64,2,0,0,20,,2,0.024804,0.000000,0.00e+00,41.2842,0.0000
Naive_Hybrid,OMP,4000,2000,64,2,0,0,20,,3,0.025029,0.000000,0.00e+00,40.9124,0.0000
Opt_SMP,OMP,4000,2000,64,1,0,0,40,,1,0.060585,0.100447,0.00e+00,16.9020,1.6580
Opt_SMP,OMP,4000,2000,64,1,0,0,40,,2,0.060917,0.000000,0.00e+00,16.8098,0.0000
Opt_SMP,OMP,4000,2000,64,1,0,0,40,,3,0.060789,0.000000,0.00e+00,16.8451,0.0000
Opt_Hybrid,OMP,4000,2000,64,2,0,0,20,,1,0.021565,0.103050,0.00e+00,47.4839,4.7785
Opt_Hybrid,OMP,4000,2000,64,2,0,0,20,,2,0.017100,0.000000,0.00e+00,59.8842,0.0000
Opt_Hybrid,OMP,4000,2000,64,2,0,0,20,,3,0.015667,0.000000,0.00e+00,65.3585,0.0000
Opt_Hybrid,OMP,4000,2000,64,4,0,0,10,,1,0.004146,0.103875,1.65e-06,246.9972,25.0555
Opt_Hybrid,OMP,4000,2000,64,4,0,0,10,,2,0.004105,0.000000,0.00e+00,249.4765,0.0000
Opt_Hybrid,OMP,4000,2000,64,4,0,0,10,,3,0.004067,0.000000,0.00e+00,251.8054,0.0000
Opt_Hybrid,OMP,4000,2000,64,8,0,0,5,,1,0.009553,0.101946,1.65e-06,107.1886,10.6713
Opt_Hybrid,OMP,4000,2000,64,8,0,0,5,,2,0.009802,0.000000,0.00e+00,104.4700,0.0000
Opt_Hybrid,OMP,4000,2000,64,8,0,0,5,,3,0.010260,0.000000,0.00e+00,99.8021,0.0000
Opt_Grid1x8,OMP,4000,2000,64,8,1,8,1,,1,0.031291,0.108512,1.45e-06,32.7255,3.4679
Opt_Grid1x8,OMP,4000,2000,64,8,1,8,1,,2,0.030728,0.000000,0.00e+00,33.3241,0.0000
Opt_Grid1x8,OMP,4000,2000,64,8,1,8,1,,3,0.030976,0.000000,0.00e+00,33.0577,0.0000
Opt_Grid8x1,OMP,4000,2000,64,8,8,1,1,,1,0.035488,0.108913,0.00e+00,28.8545,3.0690
Opt_Grid8x1,OMP,4000,2000,64,8,8,1,1,,2,0.034453,0.000000,0.00e+00,29.7215,0.0000
Opt_Grid8x1,OMP,4000,2000,64,8,8,1,1,,3,0.034301,0.000000,0.00e+00,29.8530,0.0000
Opt_Grid2x4,OMP,4000,2000,64,8,2,4,1,,1,0.030923,0.108147,1.59e-06,33.1149,3.4973
Opt_Grid2x4,OMP,4000,2000,64,8,2,4,1,,2,0.030290,0.000000,0.00e+00,33.8067,0.0000
Opt_Grid2x4,OMP,4000,2000,64,8,2,4,1,,3,0.030551,0.000000,0.00e+00,33.5176,0.0000
Serial,OMP,4000,2000,128,1,0,0,1,,1,0.151248,0.193825,0.00e+00,13.5407,1.2815
Serial,OMP,4000,2000,128,1,0,0,1,,2,0.138559,0.000000,0.00e+00,14.7807,0.0000
Serial,OMP,4000,2000,128,1,0,0,1,,3,0.151506,0.000000,0.00e+00,13.5176,0.0000
Naive_SMP,OMP,4000,2000,128,1,0,0,40,,1,0.186268,0.194396,0.00e+00,10.9949,1.0436
Naive_SMP,OMP,4000,2000,128,1,0,0,40,,2,0.187708,0.000000,0.00e+00,10.9106,0.0000
Naive_SMP,OMP,4000,2000,128,1,0,0,40,,3,0.187701,0.000000,0.00e+00,10.9110,0.0000
Naive_Hybrid,OMP,4000,2000,128,2,0,0,20,,1,0.036109,0.196233,0.00e+00,56.7176,5.4345
Naive_Hybrid,OMP,4000,2000,128,2,0,0,20,,2,0.035079,0.000000,0.00e+00,58.3822,0.0000
Naive_Hybrid,OMP,4000,2000,128,2,0,0,20,,3,0.036906,0.000000,0.00e+00,55.4917,0.0000
Opt_SMP,OMP,4000,2000,128,1,0,0,40,,1,0.117879,0.183734,0.00e+00,17.3737,1.5587
Opt_SMP,OMP,4000,2000,128,1,0,0,40,,2,0.125727,0.000000,0.00e+00,16.2892,0.0000
Opt_SMP,OMP,4000,2000,128,1,0,0,40,,3,0.121973,0.000000,0.00e+00,16.7906,0.0000
Opt_Hybrid,OMP,4000,2000,128,2,0,0,20,,1,0.028017,0.211672,0.00e+00,73.0997,7.5553
Opt_Hybrid,OMP,4000,2000,128,2,0,0,20,,2,0.027217,0.000000,0.00e+00,75.2472,0.0000
Opt_Hybrid,OMP,4000,2000,128,2,0,0,20,,3,0.027233,0.000000,0.00e+00,75.2033,0.0000
Opt_Hybrid,OMP,4000,2000,128,4,0,0,10,,1,0.008153,0.204278,1.66e-06,251.1818,25.0542
Opt_Hybrid,OMP,4000,2000,128,4,0,0,10,,2,0.007937,0.000000,0.00e+00,258.0385,0.0000
Opt_Hybrid,OMP,4000,2000,128,4,0,0,10,,3,0.007899,0.000000,0.00e+00,259.2654,0.0000
Opt_Hybrid,OMP,4000,2000,128,8,0,0,5,,1,0.016923,0.207382,1.66e-06,121.0171,12.2543
Opt_Hybrid,OMP,4000,2000,128,8,0,0,5,,2,0.019640,0.000000,0.00e+00,104.2755,0.0000
Opt_Hybrid,OMP,4000,2000,128,8,0,0,5,,3,0.020821,0.000000,0.00e+00,98.3606,0.0000
Opt_Grid1x8,OMP,4000,2000,128,8,1,8,1,,1,0.057606,0.214516,1.54e-06,35.5519,3.7239
Opt_Grid1x8,OMP,4000,2000,128,8,1,8,1,,2,0.057401,0.000000,0.00e+00,35.6789,0.0000
Opt_Grid1x8,OMP,4000,2000,128,8,1,8,1,,3,0.057792,0.000000,0.00e+00,35.4373,0.0000
Opt_Grid8x1,OMP,4000,2000,128,8,8,1,1,,1,0.096301,0.209533,0.00e+00,21.2667,2.1758
Opt_Grid8x1,OMP,4000,2000,128,8,8,1,1,,2,0.097169,0.000000,0.00e+00,21.0767,0.0000
Opt_Grid8x1,OMP,4000,2000,128,8,8,1,1,,3,0.095392,0.000000,0.00e+00,21.4694,0.0000
Opt_Grid2x4,OMP,4000,2000,128,8,2,4,1,,1,0.057471,0.216210,1.65e-06,35.6352,3.7621
Opt_Grid2x4,OMP,4000,2000,128,8,2,4,1,,2,0.057871,0.000000,0.00e+00,35.3890,0.0000
Opt_Grid2x4,OMP,4000,2000,128,8,2,4,1,,3,0.058805,0.000000,0.00e+00,34.8269,0.0000
Serial,OMP,6000,2000,64,1,0,0,1,,1,0.105517,0.144759,0.00e+00,14.5568,1.3719
Serial,OMP,6000,2000,64,1,0,0,1,,2,0.105261,0.000000,0.00e+00,14.5923,0.0000
Serial,OMP,6000,2000,64,1,0,0,1,,3,0.105629,0.000000,0.00e+00,14.5414,0.0000
Naive_SMP,OMP,6000,2000,64,1,0,0,40,,1,0.154072,0.145237,0.00e+00,9.9694,0.9427
Naive_SMP,OMP,6000,2000,64,1,0,0,40,,2,0.149242,0.000000,0.00e+00,10.2920,0.0000
Naive_SMP,OMP,6000,2000,64,1,0,0,40,,3,0.148232,0.000000,0.00e+00,10.3621,0.0000
Naive_Hybrid,OMP,6000,2000,64,2,0,0,20,,1,0.028611,0.144442,0.00e+00,53.6851,5.0484
Naive_Hybrid,OMP,6000,2000,64,2,0,0,20,,2,0.022726,0.000000,0.00e+00,67.5880,0.0000
Naive_Hybrid,OMP,6000,2000,64,2,0,0,20,,3,0.032798,0.000000,0.00e+00,46.8321,0.0000
Opt_SMP,OMP,6000,2000,64,1,0,0,40,,1,0.091426,0.143984,0.00e+00,16.8005,1.5749
Opt_SMP,OMP,6000,2000,64,1,0,0,40,,2,0.092114,0.000000,0.00e+00,16.6750,0.0000
Opt_SMP,OMP,6000,2000,64,1,0,0,40,,3,0.091418,0.000000,0.00e+00,16.8020,0.0000
Opt_Hybrid,OMP,6000,2000,64,2,0,0,20,,1,0.023717,0.146902,0.00e+00,64.7626,6.1938
Opt_Hybrid,OMP,6000,2000,64,2,0,0,20,,2,0.024971,0.000000,0.00e+00,61.5110,0.0000
Opt_Hybrid,OMP,6000,2000,64,2,0,0,20,,3,0.024212,0.000000,0.00e+00,63.4394,0.0000
Opt_Hybrid,OMP,6000,2000,64,4,0,0,10,,1,0.006034,0.145319,1.65e-06,254.5388,24.0817
Opt_Hybrid,OMP,6000,2000,64,4,0,0,10,,2,0.006161,0.000000,0.00e+00,249.2961,0.0000
Opt_Hybrid,OMP,6000,2000,64,4,0,0,10,,3,0.006029,0.000000,0.00e+00,254.7577,0.0000
Opt_Hybrid,OMP,6000,2000,64,8,0,0,5,,1,0.014722,0.151989,1.65e-06,104.3320,10.3238
Opt_Hybrid,OMP,6000,2000,64,8,0,0,5,,2,0.017126,0.000000,0.00e+00,89.6886,0.0000
Opt_Hybrid,OMP,6000,2000,64,8,0,0,5,,3,0.015449,0.000000,0.00e+00,99.4213,0.0000
Opt_Grid1x8,OMP,6000,2000,64,8,1,8,1,,1,0.046445,0.155467,1.45e-06,33.0714,3.3473
Opt_Grid1x8,OMP,6000,2000,64,8,1,8,1,,2,0.046125,0.000000,0.00e+00,33.3005,0.0000
Opt_Grid1x8,OMP,6000,2000,64,8,1,8,1,,3,0.047492,0.000000,0.00e+00,32.3424,0.0000
Opt_Grid8x1,OMP,6000,2000,64,8,8,1,1,,1,0.051759,0.163877,0.00e+00,29.6760,3.1662
Opt_Grid8x1,OMP,6000,2000,64,8,8,1,1,,2,0.051667,0.000000,0.00e+00,29.7291,0.0000
Opt_Grid8x1,OMP,6000,2000,64,8,8,1,1,,3,0.050901,0.000000,0.00e+00,30.1764,0.0000
Opt_Grid2x4,OMP,6000,2000,64,8,2,4,1,,1,0.045848,0.153078,1.59e-06,33.5017,3.3388
Opt_Grid2x4,OMP,6000,2000,64,8,2,4,1,,2,0.046821,0.000000,0.00e+00,32.8059,0.0000
Opt_Grid2x4,OMP,6000,2000,64,8,2,4,1,,3,0.046544,0.000000,0.00e+00,33.0011,0.0000
Serial,OMP,6000,2000,128,1,0,0,1,,1,0.225375,0.284188,0.00e+00,13.6306,1.2610
Serial,OMP,6000,2000,128,1,0,0,1,,2,0.227403,0.000000,0.00e+00,13.5090,0.0000
Serial,OMP,6000,2000,128,1,0,0,1,,3,0.230047,0.000000,0.00e+00,13.3538,0.0000
Naive_SMP,OMP,6000,2000,128,1,0,0,40,,1,0.284581,0.304634,0.00e+00,10.7948,1.0705
Naive_SMP,OMP,6000,2000,128,1,0,0,40,,2,0.284696,0.000000,0.00e+00,10.7905,0.0000
Naive_SMP,OMP,6000,2000,128,1,0,0,40,,3,0.281398,0.000000,0.00e+00,10.9169,0.0000
Naive_Hybrid,OMP,6000,2000,128,2,0,0,20,,1,0.049842,0.295210,0.00e+00,61.6351,5.9230
Naive_Hybrid,OMP,6000,2000,128,2,0,0,20,,2,0.048765,0.000000,0.00e+00,62.9955,0.0000
Naive_Hybrid,OMP,6000,2000,128,2,0,0,20,,3,0.050000,0.000000,0.00e+00,61.4403,0.0000
Opt_SMP,OMP,6000,2000,128,1,0,0,40,,1,0.189760,0.288236,0.00e+00,16.1889,1.5190
Opt_SMP,OMP,6000,2000,128,1,0,0,40,,2,0.179022,0.000000,0.00e+00,17.1599,0.0000
Opt_SMP,OMP,6000,2000,128,1,0,0,40,,3,0.189144,0.000000,0.00e+00,16.2416,0.0000
Opt_Hybrid,OMP,6000,2000,128,2,0,0,20,,1,0.034137,0.309649,0.00e+00,89.9906,9.0708
Opt_Hybrid,OMP,6000,2000,128,2,0,0,20,,2,0.037753,0.000000,0.00e+00,81.3709,0.0000
Opt_Hybrid,OMP,6000,2000,128,2,0,0,20,,3,0.038452,0.000000,0.00e+00,79.8928,0.0000
Opt_Hybrid,OMP,6000,2000,128,4,0,0,10,,1,0.012159,0.298405,1.66e-06,252.6621,24.5428
Opt_Hybrid,OMP,6000,2000,128,4,0,0,10,,2,0.012257,0.000000,0.00e+00,250.6249,0.0000
Opt_Hybrid,OMP,6000,2000,128,4,0,0,10,,3,0.012287,0.000000,0.00e+00,250.0177,0.0000
Opt_Hybrid,OMP,6000,2000,128,8,0,0,5,,1,0.026977,0.315757,1.66e-06,113.8737,11.7045
Opt_Hybrid,OMP,6000,2000,128,8,0,0,5,,2,0.025441,0.000000,0.00e+00,120.7487,0.0000
Opt_Hybrid,OMP,6000,2000,128,8,0,0,5,,3,0.025424,0.000000,0.00e+00,120.8284,0.0000
Opt_Grid1x8,OMP,6000,2000,128,8,1,8,1,,1,0.089716,0.338457,1.54e-06,34.2413,3.7725
Opt_Grid1x8,OMP,6000,2000,128,8,1,8,1,,2,0.085985,0.000000,0.00e+00,35.7272,0.0000
Opt_Grid1x8,OMP,6000,2000,128,8,1,8,1,,3,0.085789,0.000000,0.00e+00,35.8086,0.0000
Opt_Grid8x1,OMP,6000,2000,128,8,8,1,1,,1,0.143536,0.313686,0.00e+00,21.4022,2.1854
Opt_Grid8x1,OMP,6000,2000,128,8,8,1,1,,2,0.143963,0.000000,0.00e+00,21.3389,0.0000
Opt_Grid8x1,OMP,6000,2000,128,8,8,1,1,,3,0.144967,0.000000,0.00e+00,21.1911,0.0000
Opt_Grid2x4,OMP,6000,2000,128,8,2,4,1,,1,0.087635,0.325482,1.65e-06,35.0545,3.7141
Opt_Grid2x4,OMP,6000,2000,128,8,2,4,1,,2,0.086403,0.000000,0.00e+00,35.5545,0.0000
Opt_Grid2x4,OMP,6000,2000,128,8,2,4,1,,3,0.087470,0.000000,0.00e+00,35.1204,0.0000
Serial,OMP,4000,4000,64,1,0,0,1,,1,0.156385,0.212851,0.00e+00,13.0959,1.3611
Serial,OMP,4000,4000,64,1,0,0,1,,2,0.164656,0.000000,0.00e+00,12.4380,0.0000
Serial,OMP,4000,4000,64,1,0,0,1,,3,0.155794,0.000000,0.00e+00,13.1456,0.0000
Naive_SMP,OMP,4000,4000,64,1,0,0,40,,1,0.205317,0.208049,0.00e+00,9.9748,1.0133
Naive_SMP,OMP,4000,4000,64,1,0,0,40,,2,0.203497,0.000000,0.00e+00,10.0641,0.0000
Naive_SMP,OMP,4000,4000,64,1,0,0,40,,3,0.203445,0.000000,0.00e+00,10.0666,0.0000
Naive_Hybrid,OMP,4000,4000,64,2,0,0,20,,1,0.039672,0.220603,0.00e+00,51.6235,5.5607
Naive_Hybrid,OMP,4000,4000,64,2,0,0,20,,2,0.034907,0.000000,0.00e+00,58.6702,0.0000
Naive_Hybrid,OMP,4000,4000,64,2,0,0,20,,3,0.035447,0.000000,0.00e+00,57.7772,0.0000
Opt_SMP,OMP,4000,4000,64,1,0,0,40,,1,0.131148,0.215950,0.00e+00,15.6160,1.6466
Opt_SMP,OMP,4000,4000,64,1,0,0,40,,2,0.125423,0.000000,0.00e+00,16.3287,0.0000
Opt_SMP,OMP,4000,4000,64,1,0,0,40,,3,0.125225,0.000000,0.00e+00,16.3545,0.0000
Opt_Hybrid,OMP,4000,4000,64,2,0,0,20,,1,0.026595,0.218197,0.00e+00,77.0070,8.2045
Opt_Hybrid,OMP,4000,4000,64,2,0,0,20,,2,0.023899,0.000000,0.00e+00,85.6947,0.0000
Opt_Hybrid,OMP,4000,4000,64,2,0,0,20,,3,0.029065,0.000000,0.00e+00,70.4623,0.0000
Opt_Hybrid,OMP,4000,4000,64,4,0,0,10,,1,0.008564,0.206336,3.29e-06,239.1415,24.0936
Opt_Hybrid,OMP,4000,4000,64,4,0,0,10,,2,0.008426,0.000000,0.00e+00,243.0668,0.0000
Opt_Hybrid,OMP,4000,4000,64,4,0,0,10,,3,0.008459,0.000000,0.00e+00,242.1135,0.0000
Opt_Hybrid,OMP,4000,4000,64,8,0,0,5,,1,0.020038,0.240440,3.29e-06,102.2072,11.9994
Opt_Hybrid,OMP,4000,4000,64,8,0,0,5,,2,0.021086,0.000000,0.00e+00,97.1280,0.0000
Opt_Hybrid,OMP,4000,4000,64,8,0,0,5,,3,0.020096,0.000000,0.00e+00,101.9132,0.0000
Opt_Grid1x8,OMP,4000,4000,64,8,1,8,1,,1,0.060835,0.221440,3.17e-06,33.6647,3.6400
Opt_Grid1x8,OMP,4000,4000,64,8,1,8,1,,2,0.060783,0.000000,0.00e+00,33.6939,0.0000
Opt_Grid1x8,OMP,4000,4000,64,8,1,8,1,,3,0.061228,0.000000,0.00e+00,33.4488,0.0000
Opt_Grid8x1,OMP,4000,4000,64,8,8,1,1,,1,0.096489,0.230654,0.00e+00,21.2253,2.3905
Opt_Grid8x1,OMP,4000,4000,64,8,8,1,1,,2,0.096751,0.000000,0.00e+00,21.1678,0.0000
Opt_Grid8x1,OMP,4000,4000,64,8,8,1,1,,3,0.097667,0.000000,0.00e+00,20.9692,0.0000
Opt_Grid2x4,OMP,4000,4000,64,8,2,4,1,,1,0.062426,0.229258,3.25e-06,32.8069,3.6725
Opt_Grid2x4,OMP,4000,4000,64,8,2,4,1,,2,0.062658,0.000000,0.00e+00,32.6855,0.0000
Opt_Grid2x4,OMP,4000,4000,64,8,2,4,1,,3,0.061512,0.000000,0.00e+00,33.2941,0.0000
Serial,OMP,4000,4000,128,1,0,0,1,,1,0.433018,0.462190,0.00e+00,9.4592,1.0674
Serial,OMP,4000,4000,128,1,0,0,1,,2,0.433088,0.000000,0.00e+00,9.4577,0.0000
Serial,OMP,4000,4000,128,1,0,0,1,,3,0.430619,0.000000,0.00e+00,9.5119,0.0000
Naive_SMP,OMP,4000,4000,128,1,0,0,40,,1,0.389529,0.476304,0.00e+00,10.5153,1.2228
Naive_SMP,OMP,4000,4000,128,1,0,0,40,,2,0.393316,0.000000,0.00e+00,10.4140,0.0000
Naive_SMP,OMP,4000,4000,128,1,0,0,40,,3,0.389649,0.000000,0.00e+00,10.5120,0.0000
Naive_Hybrid,OMP,4000,4000,128,2,0,0,20,,1,0.059899,0.465930,0.00e+00,68.3818,7.7786
Naive_Hybrid,OMP,4000,4000,128,2,0,0,20,,2,0.061898,0.000000,0.00e+00,66.1733,0.0000
Naive_Hybrid,OMP,4000,4000,128,2,0,0,20,,3,0.059924,0.000000,0.00e+00,68.3529,0.0000
Opt_SMP,OMP,4000,4000,128,1,0,0,40,,1,0.313036,0.473693,0.00e+00,13.0848,1.5132
Opt_SMP,OMP,4000,4000,128,1,0,0,40,,2,0.314250,0.000000,0.00e+00,13.0342,0.0000
Opt_SMP,OMP,4000,4000,128,1,0,0,40,,3,0.313676,0.000000,0.00e+00,13.0581,0.0000
Opt_Hybrid,OMP,4000,4000,128,2,0,0,20,,1,0.047793,0.469830,0.00e+00,85.7033,9.8306
Opt_Hybrid,OMP,4000,4000,128,2,0,0,20,,2,0.047949,0.000000,0.00e+00,85.4232,0.0000
Opt_Hybrid,OMP,4000,4000,128,2,0,0,20,,3,0.048331,0.000000,0.00e+00,84.7492,0.0000
Opt_Hybrid,OMP,4000,4000,128,4,0,0,10,,1,0.020565,0.465539,3.46e-06,199.1756,22.6377
Opt_Hybrid,OMP,4000,4000,128,4,0,0,10,,2,0.020857,0.000000,0.00e+00,196.3890,0.0000
Opt_Hybrid,OMP,4000,4000,128,4,0,0,10,,3,0.020845,0.000000,0.00e+00,196.4982,0.0000
Opt_Hybrid,OMP,4000,4000,128,8,0,0,5,,1,0.044462,0.497186,3.46e-06,92.1239,11.1823
Opt_Hybrid,OMP,4000,4000,128,8,0,0,5,,2,0.042736,0.000000,0.00e+00,95.8442,0.0000
Opt_Hybrid,OMP,4000,4000,128,8,0,0,5,,3,0.042550,0.000000,0.00e+00,96.2627,0.0000
Opt_Grid1x8,OMP,4000,4000,128,8,1,8,1,,1,0.115118,0.482713,3.31e-06,35.5809,4.1932
Opt_Grid1x8,OMP,4000,4000,128,8,1,8,1,,2,0.114219,0.000000,0.00e+00,35.8609,0.0000
Opt_Grid1x8,OMP,4000,4000,128,8,1,8,1,,3,0.116319,0.000000,0.00e+00,35.2136,0.0000
Opt_Grid8x1,OMP,4000,4000,128,8,8,1,1,,1,0.193046,0.487641,0.00e+00,21.2177,2.5260
Opt_Grid8x1,OMP,4000,4000,128,8,8,1,1,,2,0.193604,0.000000,0.00e+00,21.1566,0.0000
Opt_Grid8x1,OMP,4000,4000,128,8,8,1,1,,3,0.192757,0.000000,0.00e+00,21.2495,0.0000
Opt_Grid2x4,OMP,4000,4000,128,8,2,4,1,,1,0.133517,0.488692,3.49e-06,30.6777,3.6601
Opt_Grid2x4,OMP,4000,4000,128,8,2,4,1,,2,0.129605,0.000000,0.00e+00,31.6037,0.0000
Opt_Grid2x4,OMP,4000,4000,128,8,2,4,1,,3,0.128401,0.000000,0.00e+00,31.9000,0.0000
Serial,OMP,2000,6000,64,1,0,0,1,,1,0.144711,0.169587,0.00e+00,10.6142,1.1719
Serial,OMP,2000,6000,64,1,0,0,1,,2,0.143815,0.000000,0.00e+00,10.6804,0.0000
Serial,OMP,2000,6000,64,1,0,0,1,,3,0.144970,0.000000,0.00e+00,10.5953,0.0000
Naive_SMP,OMP,2000,6000,64,1,0,0,40,,1,0.150396,0.178020,0.00e+00,10.2131,1.1837
Naive_SMP,OMP,2000,6000,64,1,0,0,40,,2,0.150301,0.000000,0.00e+00,10.2195,0.0000
Naive_SMP,OMP,2000,6000,64,1,0,0,40,,3,0.150995,0.000000,0.00e+00,10.1725,0.0000
Naive_Hybrid,OMP,2000,6000,64,2,0,0,20,,1,0.028342,0.177664,0.00e+00,54.1958,6.2686
Naive_Hybrid,OMP,2000,6000,64,2,0,0,20,,2,0.032172,0.000000,0.00e+00,47.7438,0.0000
Naive_Hybrid,OMP,2000,6000,64,2,0,0,20,,3,0.030581,0.000000,0.00e+00,50.2275,0.0000
Opt_SMP,OMP,2000,6000,64,1,0,0,40,,1,0.107574,0.176698,0.00e+00,14.2786,1.6426
Opt_SMP,OMP,2000,6000,64,1,0,0,40,,2,0.107654,0.000000,0.00e+00,14.2679,0.0000
Opt_SMP,OMP,2000,6000,64,1,0,0,40,,3,0.106679,0.000000,0.00e+00,14.3984,0.0000
Opt_Hybrid,OMP,2000,6000,64,2,0,0,20,,1,0.025811,0.184388,0.00e+00,59.5084,7.1436
Opt_Hybrid,OMP,2000,6000,64,2,0,0,20,,2,0.023475,0.000000,0.00e+00,65.4317,0.0000
Opt_Hybrid,OMP,2000,6000,64,2,0,0,20,,3,0.025463,0.000000,0.00e+00,60.3239,0.0000
Opt_Hybrid,OMP,2000,6000,64,4,0,0,10,,1,0.007701,0.177884,3.72e-06,199.4655,23.1001
Opt_Hybrid,OMP,2000,6000,64,4,0,0,10,,2,0.007504,0.000000,0.00e+00,204.6986,0.0000
Opt_Hybrid,OMP,2000,6000,64,4,0,0,10,,3,0.007610,0.000000,0.00e+00,201.8311,0.0000
Opt_Hybrid,OMP,2000,6000,64,8,0,0,5,,1,0.018011,0.194131,3.72e-06,85.2799,10.7783
Opt_Hybrid,OMP,2000,6000,64,8,0,0,5,,2,0.017801,0.000000,0.00e+00,86.2870,0.0000
Opt_Hybrid,OMP,2000,6000,64,8,0,0,5,,3,0.018039,0.000000,0.00e+00,85.1502,0.0000
Opt_Grid1x8,OMP,2000,6000,64,8,1,8,1,,1,0.046237,0.189807,3.94e-06,33.2204,4.1051
Opt_Grid1x8,OMP,2000,6000,64,8,1,8,1,,2,0.046511,0.000000,0.00e+00,33.0246,0.0000
Opt_Grid1x8,OMP,2000,6000,64,8,1,8,1,,3,0.046150,0.000000,0.00e+00,33.2831,0.0000
Opt_Grid8x1,OMP,2000,6000,64,8,8,1,1,,1,0.074204,0.190426,0.00e+00,20.6997,2.5663
Opt_Grid8x1,OMP,2000,6000,64,8,8,1,1,,2,0.073187,0.000000,0.00e+00,20.9874,0.0000
Opt_Grid8x1,OMP,2000,6000,64,8,8,1,1,,3,0.073446,0.000000,0.00e+00,20.9132,0.0000
Opt_Grid2x4,OMP,2000,6000,64,8,2,4,1,,1,0.047454,0.186472,4.13e-06,32.3684,3.9296
Opt_Grid2x4,OMP,2000,6000,64,8,2,4,1,,2,0.047130,0.000000,0.00e+00,32.5910,0.0000
Opt_Grid2x4,OMP,2000,6000,64,8,2,4,1,,3,0.047374,0.000000,0.00e+00,32.4227,0.0000
Serial,OMP,2000,6000,128,1,0,0,1,,1,0.324366,0.352278,0.00e+00,9.4708,1.0861
Serial,OMP,2000,6000,128,1,0,0,1,,2,0.326616,0.000000,0.00e+00,9.4056,0.0000
Serial,OMP,2000,6000,128,1,0,0,1,,3,0.323294,0.000000,0.00e+00,9.5022,0.0000
Naive_SMP,OMP,2000,6000,128,1,0,0,40,,1,0.301685,0.358006,0.00e+00,10.1828,1.1867
Naive_SMP,OMP,2000,6000,128,1,0,0,40,,2,0.301433,0.000000,0.00e+00,10.1913,0.0000
Naive_SMP,OMP,2000,6000,128,1,0,0,40,,3,0.298699,0.000000,0.00e+00,10.2846,0.0000
Naive_Hybrid,OMP,2000,6000,128,2,0,0,20,,1,0.049469,0.350455,0.00e+00,62.0995,7.0843
Naive_Hybrid,OMP,2000,6000,128,2,0,0,20,,2,0.048404,0.000000,0.00e+00,63.4654,0.0000
Naive_Hybrid,OMP,2000,6000,128,2,0,0,20,,3,0.050353,0.000000,0.00e+00,61.0090,0.0000
Opt_SMP,OMP,2000,6000,128,1,0,0,40,,1,0.250829,0.359597,0.00e+00,12.2474,1.4336
Opt_SMP,OMP,2000,6000,128,1,0,0,40,,2,0.247026,0.000000,0.00e+00,12.4359,0.0000
Opt_SMP,OMP,2000,6000,128,1,0,0,40,,3,0.249524,0.000000,0.00e+00,12.3114,0.0000
Opt_Hybrid,OMP,2000,6000,128,2,0,0,20,,1,0.039469,0.354343,0.00e+00,77.8334,8.9778
Opt_Hybrid,OMP,2000,6000,128,2,0,0,20,,2,0.038505,0.000000,0.00e+00,79.7815,0.0000
Opt_Hybrid,OMP,2000,6000,128,2,0,0,20,,3,0.038280,0.000000,0.00e+00,80.2498,0.0000
Opt_Hybrid,OMP,2000,6000,128,4,0,0,10,,1,0.015706,0.364460,3.33e-06,195.5910,23.2048
Opt_Hybrid,OMP,2000,6000,128,4,0,0,10,,2,0.015572,0.000000,0.00e+00,197.2825,0.0000
Opt_Hybrid,OMP,2000,6000,128,4,0,0,10,,3,0.015714,0.000000,0.00e+00,195.4904,0.0000
Opt_Hybrid,OMP,2000,6000,128,8,0,0,5,,1,0.035908,0.370899,3.33e-06,85.5532,10.3293
Opt_Hybrid,OMP,2000,6000,128,8,0,0,5,,2,0.035323,0.000000,0.00e+00,86.9680,0.0000
Opt_Hybrid,OMP,2000,6000,128,8,0,0,5,,3,0.031922,0.000000,0.00e+00,96.2334,0.0000
Opt_Grid1x8,OMP,2000,6000,128,8,1,8,1,,1,0.087730,0.359601,3.95e-06,35.0165,4.0990
Opt_Grid1x8,OMP,2000,6000,128,8,1,8,1,,2,0.087667,0.000000,0.00e+00,35.0418,0.0000
Opt_Grid1x8,OMP,2000,6000,128,8,1,8,1,,3,0.088479,0.000000,0.00e+00,34.7201,0.0000
Opt_Grid8x1,OMP,2000,6000,128,8,8,1,1,,1,0.146549,0.369500,0.00e+00,20.9623,2.5213
Opt_Grid8x1,OMP,2000,6000,128,8,8,1,1,,2,0.146394,0.000000,0.00e+00,20.9844,0.0000
Opt_Grid8x1,OMP,2000,6000,128,8,8,1,1,,3,0.146368,0.000000,0.00e+00,20.9882,0.0000
Opt_Grid2x4,OMP,2000,6000,128,8,2,4,1,,1,0.133883,0.376070,3.98e-06,22.9453,2.8089
Opt_Grid2x4,OMP,2000,6000,128,8,2,4,1,,2,0.131140,0.000000,0.00e+00,23.4254,0.0000
Opt_Grid2x4,OMP,2000,6000,128,8,2,4,1,,3,0.132631,0.000000,0.00e+00,23.1620,0.0000
