Mode,Backend,M,N,k,MPI_Ranks,GridRows,GridCols,OMP_Threads,CUDA_Arch,Run,ParallelTime,SequentialTime,RelativeError,GFLOPS,SpeedUp
CUDA_Naive,CUDA,2000,2000,3,1,1,1,,75,1,0.000334,0.012946,0.00e+00,71.8572,38.7607
CUDA_Naive,CUDA,2000,2000,3,1,1,1,,75,2,0.000330,0.000000,0.00e+00,72.6938,0.0000
CUDA_Naive,CUDA,2000,2000,3,1,1,1,,75,3,0.000331,0.000000,0.00e+00,72.5014,0.0000
CUDA_Opt2D,CUDA,2000,2000,3,1,1,1,,75,1,0.000331,0.013007,0.00e+00,72.5353,39.3119
CUDA_Opt2D,CUDA,2000,2000,3,1,1,1,,75,2,0.000332,0.000000,0.00e+00,72.3513,0.0000
CUDA_Opt2D,CUDA,2000,2000,3,1,1,1,,75,3,0.000334,0.000000,0.00e+00,71.9449,0.0000
CUDA_Tiled,CUDA,2000,2000,3,1,1,1,,75,1,0.000308,0.012755,0.00e+00,77.9880,41.4458
CUDA_Tiled,CUDA,2000,2000,3,1,1,1,,75,2,0.000308,0.000000,0.00e+00,77.9757,0.0000
CUDA_Tiled,CUDA,2000,2000,3,1,1,1,,75,3,0.000308,0.000000,0.00e+00,77.9986,0.0000
CUDA_WarpRow,CUDA,2000,2000,3,1,1,1,,75,1,0.000328,0.013160,0.00e+00,73.2439,40.1620
CUDA_WarpRow,CUDA,2000,2000,3,1,1,1,,75,2,0.000324,0.000000,0.00e+00,74.1365,0.0000
CUDA_WarpRow,CUDA,2000,2000,3,1,1,1,,75,3,0.000324,0.000000,0.00e+00,74.0131,0.0000
CUDA_Transposed,CUDA,2000,2000,3,1,1,1,,75,1,0.000191,0.013062,0.00e+00,125.5765,68.3472
CUDA_Transposed,CUDA,2000,2000,3,1,1,1,,75,2,0.000191,0.000000,0.00e+00,125.9091,0.0000
CUDA_Transposed,CUDA,2000,2000,3,1,1,1,,75,3,0.000191,0.000000,0.00e+00,125.8185,0.0000
CUDA_Naive,CUDA,2000,2000,6,1,1,1,,75,1,0.000335,0.016473,0.00e+00,143.4851,49.2436
CUDA_Naive,CUDA,2000,2000,6,1,1,1,,75,2,0.000335,0.000000,0.00e+00,143.4193,0.0000
CUDA_Naive,CUDA,2000,2000,6,1,1,1,,75,3,0.000334,0.000000,0.00e+00,143.5513,0.0000
CUDA_Opt2D,CUDA,2000,2000,6,1,1,1,,75,1,0.000334,0.017004,0.00e+00,143.6419,50.8846
CUDA_Opt2D,CUDA,2000,2000,6,1,1,1,,75,2,0.000334,0.000000,0.00e+00,143.6375,0.0000
CUDA_Opt2D,CUDA,2000,2000,6,1,1,1,,75,3,0.000335,0.000000,0.00e+00,143.4806,0.0000
CUDA_Tiled,CUDA,2000,2000,6,1,1,1,,75,1,0.000305,0.016914,0.00e+00,157.1322,55.3692
CUDA_Tiled,CUDA,2000,2000,6,1,1,1,,75,2,0.000309,0.000000,0.00e+00,155.4624,0.0000
CUDA_Tiled,CUDA,2000,2000,6,1,1,1,,75,3,0.000308,0.000000,0.00e+00,155.8420,0.0000
CUDA_WarpRow,CUDA,2000,2000,6,1,1,1,,75,1,0.000330,0.018032,0.00e+00,145.3713,54.6102
CUDA_WarpRow,CUDA,2000,2000,6,1,1,1,,75,2,0.000330,0.000000,0.00e+00,145.5783,0.0000
CUDA_WarpRow,CUDA,2000,2000,6,1,1,1,,75,3,0.000330,0.000000,0.00e+00,145.3904,0.0000
CUDA_Transposed,CUDA,2000,2000,6,1,1,1,,75,1,0.000195,0.017701,0.00e+00,246.5401,90.9171
CUDA_Transposed,CUDA,2000,2000,6,1,1,1,,75,2,0.000194,0.000000,0.00e+00,247.7540,0.0000
CUDA_Transposed,CUDA,2000,2000,6,1,1,1,,75,3,0.000194,0.000000,0.00e+00,247.7072,0.0000
CUDA_Naive,CUDA,2000,2000,8,1,1,1,,75,1,0.000332,0.013262,0.00e+00,192.6844,39.9269
CUDA_Naive,CUDA,2000,2000,8,1,1,1,,75,2,0.000333,0.000000,0.00e+00,192.2573,0.0000
CUDA_Naive,CUDA,2000,2000,8,1,1,1,,75,3,0.000332,0.000000,0.00e+00,192.8324,0.0000
CUDA_Opt2D,CUDA,2000,2000,8,1,1,1,,75,1,0.000332,0.012852,0.00e+00,192.9380,38.7437
CUDA_Opt2D,CUDA,2000,2000,8,1,1,1,,75,2,0.000333,0.000000,0.00e+00,192.4433,0.0000
CUDA_Opt2D,CUDA,2000,2000,8,1,1,1,,75,3,0.000332,0.000000,0.00e+00,192.7185,0.0000
CUDA_Tiled,CUDA,2000,2000,8,1,1,1,,75,1,0.000306,0.012666,0.00e+00,209.3855,41.4378
CUDA_Tiled,CUDA,2000,2000,8,1,1,1,,75,2,0.000308,0.000000,0.00e+00,207.6615,0.0000
CUDA_Tiled,CUDA,2000,2000,8,1,1,1,,75,3,0.000308,0.000000,0.00e+00,207.8160,0.0000
CUDA_WarpRow,CUDA,2000,2000,8,1,1,1,,75,1,0.000327,0.012683,0.00e+00,195.6326,38.7680
CUDA_WarpRow,CUDA,2000,2000,8,1,1,1,,75,2,0.000327,0.000000,0.00e+00,195.7082,0.0000
CUDA_WarpRow,CUDA,2000,2000,8,1,1,1,,75,3,0.000329,0.000000,0.00e+00,194.6587,0.0000
CUDA_Transposed,CUDA,2000,2000,8,1,1,1,,75,1,0.000196,0.012965,0.00e+00,326.3198,66.1043
CUDA_Transposed,CUDA,2000,2000,8,1,1,1,,75,2,0.000196,0.000000,0.00e+00,327.2168,0.0000
CUDA_Transposed,CUDA,2000,2000,8,1,1,1,,75,3,0.000196,0.000000,0.00e+00,327.0623,0.0000
CUDA_Naive,CUDA,2000,2000,20,1,1,1,,75,1,0.000341,0.020707,2.79e-08,468.9619,60.6913
CUDA_Naive,CUDA,2000,2000,20,1,1,1,,75,2,0.000338,0.000000,0.00e+00,472.7683,0.0000
CUDA_Naive,CUDA,2000,2000,20,1,1,1,,75,3,0.000338,0.000000,0.00e+00,473.7968,0.0000
CUDA_Opt2D,CUDA,2000,2000,20,1,1,1,,75,1,0.000338,0.020265,2.79e-08,473.3455,59.9512
CUDA_Opt2D,CUDA,2000,2000,20,1,1,1,,75,2,0.000338,0.000000,0.00e+00,473.5402,0.0000
CUDA_Opt2D,CUDA,2000,2000,20,1,1,1,,75,3,0.000339,0.000000,0.00e+00,471.4597,0.0000
CUDA_Tiled,CUDA,2000,2000,20,1,1,1,,75,1,0.000309,0.020273,2.79e-08,517.7498,65.6030
CUDA_Tiled,CUDA,2000,2000,20,1,1,1,,75,2,0.000309,0.000000,0.00e+00,517.5595,0.0000
CUDA_Tiled,CUDA,2000,2000,20,1,1,1,,75,3,0.000310,0.000000,0.00e+00,516.6437,0.0000
CUDA_WarpRow,CUDA,2000,2000,20,1,1,1,,75,1,0.000333,0.021253,2.79e-08,480.4577,63.8202
CUDA_WarpRow,CUDA,2000,2000,20,1,1,1,,75,2,0.000330,0.000000,0.00e+00,485.1127,0.0000
CUDA_WarpRow,CUDA,2000,2000,20,1,1,1,,75,3,0.000331,0.000000,0.00e+00,483.4037,0.0000
CUDA_Transposed,CUDA,2000,2000,20,1,1,1,,75,1,0.000278,0.021218,2.79e-08,574.9902,76.2519
CUDA_Transposed,CUDA,2000,2000,20,1,1,1,,75,2,0.000278,0.000000,0.00e+00,576.1601,0.0000
CUDA_Transposed,CUDA,2000,2000,20,1,1,1,,75,3,0.000277,0.000000,0.00e+00,577.2456,0.0000
CUDA_Naive,CUDA,2000,2000,32,1,1,1,,75,1,0.000335,0.028640,2.56e-08,764.2783,85.5040
CUDA_Naive,CUDA,2000,2000,32,1,1,1,,75,2,0.000337,0.000000,0.00e+00,759.2981,0.0000
CUDA_Naive,CUDA,2000,2000,32,1,1,1,,75,3,0.000337,0.000000,0.00e+00,759.3602,0.0000
CUDA_Opt2D,CUDA,2000,2000,32,1,1,1,,75,1,0.000338,0.027809,2.56e-08,756.7461,82.2040
CUDA_Opt2D,CUDA,2000,2000,32,1,1,1,,75,2,0.000338,0.000000,0.00e+00,758.1539,0.0000
CUDA_Opt2D,CUDA,2000,2000,32,1,1,1,,75,3,0.000337,0.000000,0.00e+00,758.9035,0.0000
CUDA_Tiled,CUDA,2000,2000,32,1,1,1,,75,1,0.000310,0.029151,2.56e-08,825.2730,93.9740
CUDA_Tiled,CUDA,2000,2000,32,1,1,1,,75,2,0.000307,0.000000,0.00e+00,832.8342,0.0000
CUDA_Tiled,CUDA,2000,2000,32,1,1,1,,75,3,0.000307,0.000000,0.00e+00,833.1514,0.0000
CUDA_WarpRow,CUDA,2000,2000,32,1,1,1,,75,1,0.000329,0.028454,2.56e-08,778.9304,86.5765
CUDA_WarpRow,CUDA,2000,2000,32,1,1,1,,75,2,0.000328,0.000000,0.00e+00,779.4028,0.0000
CUDA_WarpRow,CUDA,2000,2000,32,1,1,1,,75,3,0.000329,0.000000,0.00e+00,778.8363,0.0000
CUDA_Transposed,CUDA,2000,2000,32,1,1,1,,75,1,0.000433,0.029664,2.56e-08,590.6217,68.4377
CUDA_Transposed,CUDA,2000,2000,32,1,1,1,,75,2,0.000434,0.000000,0.00e+00,589.2818,0.0000
CUDA_Transposed,CUDA,2000,2000,32,1,1,1,,75,3,0.000434,0.000000,0.00e+00,589.2833,0.0000
CUDA_Naive,CUDA,2000,2000,64,1,1,1,,75,1,0.000582,0.051457,1.28e-08,880.0413,88.4462
CUDA_Naive,CUDA,2000,2000,64,1,1,1,,75,2,0.000577,0.000000,0.00e+00,887.7005,0.0000
CUDA_Naive,CUDA,2000,2000,64,1,1,1,,75,3,0.000577,0.000000,0.00e+00,887.7901,0.0000
CUDA_Opt2D,CUDA,2000,2000,64,1,1,1,,75,1,0.000577,0.052564,1.28e-08,887.9929,91.1657
CUDA_Opt2D,CUDA,2000,2000,64,1,1,1,,75,2,0.000581,0.000000,0.00e+00,881.9700,0.0000
CUDA_Opt2D,CUDA,2000,2000,64,1,1,1,,75,3,0.000581,0.000000,0.00e+00,881.1008,0.0000
CUDA_Tiled,CUDA,2000,2000,64,1,1,1,,75,1,0.000460,0.052932,1.28e-08,1114.1353,115.1832
CUDA_Tiled,CUDA,2000,2000,64,1,1,1,,75,2,0.000456,0.000000,0.00e+00,1121.9695,0.0000
CUDA_Tiled,CUDA,2000,2000,64,1,1,1,,75,3,0.000457,0.000000,0.00e+00,1121.0578,0.0000
CUDA_WarpRow,CUDA,2000,2000,64,1,1,1,,75,1,0.000646,0.052161,1.28e-08,792.9142,80.7797
CUDA_WarpRow,CUDA,2000,2000,64,1,1,1,,75,2,0.000650,0.000000,0.00e+00,787.9630,0.0000
CUDA_WarpRow,CUDA,2000,2000,64,1,1,1,,75,3,0.000651,0.000000,0.00e+00,786.7420,0.0000
CUDA_Transposed,CUDA,2000,2000,64,1,1,1,,75,1,0.000653,0.051421,1.28e-08,784.2804,78.7660
CUDA_Transposed,CUDA,2000,2000,64,1,1,1,,75,2,0.000646,0.000000,0.00e+00,792.0341,0.0000
CUDA_Transposed,CUDA,2000,2000,64,1,1,1,,75,3,0.000647,0.000000,0.00e+00,791.5245,0.0000
CUDA_Naive,CUDA,2000,2000,128,1,1,1,,75,1,0.001060,0.105813,1.57e-08,965.6152,99.7796
CUDA_Naive,CUDA,2000,2000,128,1,1,1,,75,2,0.001061,0.000000,0.00e+00,965.4038,0.0000
CUDA_Naive,CUDA,2000,2000,128,1,1,1,,75,3,0.001060,0.000000,0.00e+00,965.8786,0.0000
CUDA_Opt2D,CUDA,2000,2000,128,1,1,1,,75,1,0.001061,0.102314,1.57e-08,965.2267,96.4412
CUDA_Opt2D,CUDA,2000,2000,128,1,1,1,,75,2,0.001070,0.000000,0.00e+00,957.3973,0.0000
CUDA_Opt2D,CUDA,2000,2000,128,1,1,1,,75,3,0.001070,0.000000,0.00e+00,956.7952,0.0000
CUDA_Tiled,CUDA,2000,2000,128,1,1,1,,75,1,0.000901,0.103574,1.57e-08,1136.9245,114.9964
CUDA_Tiled,CUDA,2000,2000,128,1,1,1,,75,2,0.000904,0.000000,0.00e+00,1132.7229,0.0000
CUDA_Tiled,CUDA,2000,2000,128,1,1,1,,75,3,0.000902,0.000000,0.00e+00,1135.0411,0.0000
CUDA_WarpRow,CUDA,2000,2000,128,1,1,1,,75,1,0.001285,0.101146,1.57e-08,797.1189,78.7358
CUDA_WarpRow,CUDA,2000,2000,128,1,1,1,,75,2,0.001273,0.000000,0.00e+00,804.6095,0.0000
CUDA_WarpRow,CUDA,2000,2000,128,1,1,1,,75,3,0.001270,0.000000,0.00e+00,806.1087,0.0000
CUDA_Transposed,CUDA,2000,2000,128,1,1,1,,75,1,0.001279,0.098963,1.57e-08,800.4125,77.3547
CUDA_Transposed,CUDA,2000,2000,128,1,1,1,,75,2,0.001280,0.000000,0.00e+00,800.0278,0.0000
CUDA_Transposed,CUDA,2000,2000,128,1,1,1,,75,3,0.001279,0.000000,0.00e+00,800.8938,0.0000
CUDA_Naive,CUDA,2000,4000,3,1,1,1,,75,1,0.000667,0.026712,0.00e+00,71.9544,40.0427
CUDA_Naive,CUDA,2000,4000,3,1,1,1,,75,2,0.000673,0.000000,0.00e+00,71.3011,0.0000
CUDA_Naive,CUDA,2000,4000,3,1,1,1,,75,3,0.000675,0.000000,0.00e+00,71.1102,0.0000
CUDA_Opt2D,CUDA,2000,4000,3,1,1,1,,75,1,0.000668,0.026518,0.00e+00,71.9043,39.7248
CUDA_Opt2D,CUDA,2000,4000,3,1,1,1,,75,2,0.000668,0.000000,0.00e+00,71.8159,0.0000
CUDA_Opt2D,CUDA,2000,4000,3,1,1,1,,75,3,0.000673,0.000000,0.00e+00,71.3456,0.0000
CUDA_Tiled,CUDA,2000,4000,3,1,1,1,,75,1,0.000603,0.025510,0.00e+00,79.5925,42.2994
CUDA_Tiled,CUDA,2000,4000,3,1,1,1,,75,2,0.000598,0.000000,0.00e+00,80.3265,0.0000
CUDA_Tiled,CUDA,2000,4000,3,1,1,1,,75,3,0.000598,0.000000,0.00e+00,80.2891,0.0000
CUDA_WarpRow,CUDA,2000,4000,3,1,1,1,,75,1,0.000650,0.025473,0.00e+00,73.7903,39.1601
CUDA_WarpRow,CUDA,2000,4000,3,1,1,1,,75,2,0.000655,0.000000,0.00e+00,73.2481,0.0000
CUDA_WarpRow,CUDA,2000,4000,3,1,1,1,,75,3,0.000657,0.000000,0.00e+00,73.0953,0.0000
CUDA_Transposed,CUDA,2000,4000,3,1,1,1,,75,1,0.000379,0.026476,0.00e+00,126.7517,69.9153
CUDA_Transposed,CUDA,2000,4000,3,1,1,1,,75,2,0.000378,0.000000,0.00e+00,127.1305,0.0000
CUDA_Transposed,CUDA,2000,4000,3,1,1,1,,75,3,0.000377,0.000000,0.00e+00,127.2328,0.0000
CUDA_Naive,CUDA,2000,4000,6,1,1,1,,75,1,0.000670,0.033957,0.00e+00,143.3517,50.7063
CUDA_Naive,CUDA,2000,4000,6,1,1,1,,75,2,0.000676,0.000000,0.00e+00,142.0799,0.0000
CUDA_Naive,CUDA,2000,4000,6,1,1,1,,75,3,0.000676,0.000000,0.00e+00,141.9922,0.0000
CUDA_Opt2D,CUDA,2000,4000,6,1,1,1,,75,1,0.000670,0.033087,0.00e+00,143.3210,49.3970
CUDA_Opt2D,CUDA,2000,4000,6,1,1,1,,75,2,0.000670,0.000000,0.00e+00,143.2706,0.0000
CUDA_Opt2D,CUDA,2000,4000,6,1,1,1,,75,3,0.000671,0.000000,0.00e+00,143.0972,0.0000
CUDA_Tiled,CUDA,2000,4000,6,1,1,1,,75,1,0.000602,0.032920,0.00e+00,159.5115,54.6992
CUDA_Tiled,CUDA,2000,4000,6,1,1,1,,75,2,0.000604,0.000000,0.00e+00,158.9845,0.0000
CUDA_Tiled,CUDA,2000,4000,6,1,1,1,,75,3,0.000599,0.000000,0.00e+00,160.3991,0.0000
CUDA_WarpRow,CUDA,2000,4000,6,1,1,1,,75,1,0.000654,0.036604,0.00e+00,146.8573,55.9962
CUDA_WarpRow,CUDA,2000,4000,6,1,1,1,,75,2,0.000659,0.000000,0.00e+00,145.7793,0.0000
CUDA_WarpRow,CUDA,2000,4000,6,1,1,1,,75,3,0.000660,0.000000,0.00e+00,145.4249,0.0000
CUDA_Transposed,CUDA,2000,4000,6,1,1,1,,75,1,0.000385,0.035834,0.00e+00,249.3641,93.0806
CUDA_Transposed,CUDA,2000,4000,6,1,1,1,,75,2,0.000384,0.000000,0.00e+00,250.1155,0.0000
CUDA_Transposed,CUDA,2000,4000,6,1,1,1,,75,3,0.000383,0.000000,0.00e+00,250.7365,0.0000
CUDA_Naive,CUDA,2000,4000,8,1,1,1,,75,1,0.000664,0.025289,0.00e+00,192.6823,38.0689
CUDA_Naive,CUDA,2000,4000,8,1,1,1,,75,2,0.000665,0.000000,0.00e+00,192.5595,0.0000
CUDA_Naive,CUDA,2000,4000,8,1,1,1,,75,3,0.000664,0.000000,0.00e+00,192.8130,0.0000
CUDA_Opt2D,CUDA,2000,4000,8,1,1,1,,75,1,0.000665,0.025266,0.00e+00,192.4996,37.9978
CUDA_Opt2D,CUDA,2000,4000,8,1,1,1,,75,2,0.000671,0.000000,0.00e+00,190.8629,0.0000
CUDA_Opt2D,CUDA,2000,4000,8,1,1,1,,75,3,0.000670,0.000000,0.00e+00,190.9549,0.0000
CUDA_Tiled,CUDA,2000,4000,8,1,1,1,,75,1,0.000603,0.026663,0.00e+00,212.2097,44.2047
CUDA_Tiled,CUDA,2000,4000,8,1,1,1,,75,2,0.000599,0.000000,0.00e+00,213.6278,0.0000
CUDA_Tiled,CUDA,2000,4000,8,1,1,1,,75,3,0.000599,0.000000,0.00e+00,213.5221,0.0000
CUDA_WarpRow,CUDA,2000,4000,8,1,1,1,,75,1,0.000654,0.026365,0.00e+00,195.8618,40.3429
CUDA_WarpRow,CUDA,2000,4000,8,1,1,1,,75,2,0.000657,0.000000,0.00e+00,194.7037,0.0000
CUDA_WarpRow,CUDA,2000,4000,8,1,1,1,,75,3,0.000654,0.000000,0.00e+00,195.5839,0.0000
CUDA_Transposed,CUDA,2000,4000,8,1,1,1,,75,1,0.000385,0.025761,0.00e+00,332.3778,66.8946
CUDA_Transposed,CUDA,2000,4000,8,1,1,1,,75,2,0.000387,0.000000,0.00e+00,331.1483,0.0000
CUDA_Transposed,CUDA,2000,4000,8,1,1,1,,75,3,0.000389,0.000000,0.00e+00,329.2788,0.0000
CUDA_Naive,CUDA,2000,4000,20,1,1,1,,75,1,0.000679,0.043117,1.61e-08,471.4345,63.5216
CUDA_Naive,CUDA,2000,4000,20,1,1,1,,75,2,0.000674,0.000000,0.00e+00,474.9485,0.0000
CUDA_Naive,CUDA,2000,4000,20,1,1,1,,75,3,0.000674,0.000000,0.00e+00,474.5410,0.0000
CUDA_Opt2D,CUDA,2000,4000,20,1,1,1,,75,1,0.000674,0.041237,1.61e-08,474.5158,61.1490
CUDA_Opt2D,CUDA,2000,4000,20,1,1,1,,75,2,0.000680,0.000000,0.00e+00,470.5760,0.0000
CUDA_Opt2D,CUDA,2000,4000,20,1,1,1,,75,3,0.000680,0.000000,0.00e+00,470.3918,0.0000
CUDA_Tiled,CUDA,2000,4000,20,1,1,1,,75,1,0.000601,0.041641,1.61e-08,532.4893,69.2911
CUDA_Tiled,CUDA,2000,4000,20,1,1,1,,75,2,0.000601,0.000000,0.00e+00,532.4807,0.0000
CUDA_Tiled,CUDA,2000,4000,20,1,1,1,,75,3,0.000600,0.000000,0.00e+00,532.9108,0.0000
CUDA_WarpRow,CUDA,2000,4000,20,1,1,1,,75,1,0.000668,0.041507,1.61e-08,478.7794,62.1022
CUDA_WarpRow,CUDA,2000,4000,20,1,1,1,,75,2,0.000665,0.000000,0.00e+00,481.2440,0.0000
CUDA_WarpRow,CUDA,2000,4000,20,1,1,1,,75,3,0.000665,0.000000,0.00e+00,481.2069,0.0000
CUDA_Transposed,CUDA,2000,4000,20,1,1,1,,75,1,0.000548,0.041248,1.61e-08,584.0933,75.2895
CUDA_Transposed,CUDA,2000,4000,20,1,1,1,,75,2,0.000554,0.000000,0.00e+00,578.1080,0.0000
CUDA_Transposed,CUDA,2000,4000,20,1,1,1,,75,3,0.000551,0.000000,0.00e+00,580.8592,0.0000
CUDA_Naive,CUDA,2000,4000,32,1,1,1,,75,1,0.000668,0.056947,1.81e-08,766.2343,85.2244
CUDA_Naive,CUDA,2000,4000,32,1,1,1,,75,2,0.000663,0.000000,0.00e+00,771.9986,0.0000
CUDA_Naive,CUDA,2000,4000,32,1,1,1,,75,3,0.000662,0.000000,0.00e+00,772.9844,0.0000
CUDA_Opt2D,CUDA,2000,4000,32,1,1,1,,75,1,0.000664,0.057128,1.81e-08,771.2923,86.0597
CUDA_Opt2D,CUDA,2000,4000,32,1,1,1,,75,2,0.000664,0.000000,0.00e+00,770.5228,0.0000
CUDA_Opt2D,CUDA,2000,4000,32,1,1,1,,75,3,0.000662,0.000000,0.00e+00,772.8829,0.0000
CUDA_Tiled,CUDA,2000,4000,32,1,1,1,,75,1,0.000603,0.060359,1.81e-08,849.6326,100.1613
CUDA_Tiled,CUDA,2000,4000,32,1,1,1,,75,2,0.000606,0.000000,0.00e+00,845.1422,0.0000
CUDA_Tiled,CUDA,2000,4000,32,1,1,1,,75,3,0.000606,0.000000,0.00e+00,844.7650,0.0000
CUDA_WarpRow,CUDA,2000,4000,32,1,1,1,,75,1,0.000660,0.055749,1.81e-08,775.4468,84.4346
CUDA_WarpRow,CUDA,2000,4000,32,1,1,1,,75,2,0.000656,0.000000,0.00e+00,780.0275,0.0000
CUDA_WarpRow,CUDA,2000,4000,32,1,1,1,,75,3,0.000660,0.000000,0.00e+00,775.5597,0.0000
CUDA_Transposed,CUDA,2000,4000,32,1,1,1,,75,1,0.000859,0.056880,1.81e-08,596.3025,66.2457
CUDA_Transposed,CUDA,2000,4000,32,1,1,1,,75,2,0.000854,0.000000,0.00e+00,599.2747,0.0000
CUDA_Transposed,CUDA,2000,4000,32,1,1,1,,75,3,0.000853,0.000000,0.00e+00,599.9281,0.0000
CUDA_Naive,CUDA,2000,4000,64,1,1,1,,75,1,0.001168,0.109518,0.00e+00,876.3412,93.7259
CUDA_Naive,CUDA,2000,4000,64,1,1,1,,75,2,0.001166,0.000000,0.00e+00,877.8429,0.0000
CUDA_Naive,CUDA,2000,4000,64,1,1,1,,75,3,0.001164,0.000000,0.00e+00,879.4683,0.0000
CUDA_Opt2D,CUDA,2000,4000,64,1,1,1,,75,1,0.001172,0.105156,0.00e+00,873.5109,89.7018
CUDA_Opt2D,CUDA,2000,4000,64,1,1,1,,75,2,0.001165,0.000000,0.00e+00,879.2577,0.0000
CUDA_Opt2D,CUDA,2000,4000,64,1,1,1,,75,3,0.001166,0.000000,0.00e+00,878.1148,0.0000
CUDA_Tiled,CUDA,2000,4000,64,1,1,1,,75,1,0.000904,0.102367,0.00e+00,1132.5115,113.2147
CUDA_Tiled,CUDA,2000,4000,64,1,1,1,,75,2,0.000900,0.000000,0.00e+00,1137.2826,0.0000
CUDA_Tiled,CUDA,2000,4000,64,1,1,1,,75,3,0.000901,0.000000,0.00e+00,1136.9808,0.0000
CUDA_WarpRow,CUDA,2000,4000,64,1,1,1,,75,1,0.001310,0.102818,0.00e+00,781.4507,78.4643
CUDA_WarpRow,CUDA,2000,4000,64,1,1,1,,75,2,0.001301,0.000000,0.00e+00,787.0428,0.0000
CUDA_WarpRow,CUDA,2000,4000,64,1,1,1,,75,3,0.001313,0.000000,0.00e+00,780.0002,0.0000
CUDA_Transposed,CUDA,2000,4000,64,1,1,1,,75,1,0.001295,0.112126,0.00e+00,790.6888,86.5789
CUDA_Transposed,CUDA,2000,4000,64,1,1,1,,75,2,0.001294,0.000000,0.00e+00,791.3815,0.0000
CUDA_Transposed,CUDA,2000,4000,64,1,1,1,,75,3,0.001295,0.000000,0.00e+00,790.9405,0.0000
CUDA_Naive,CUDA,2000,4000,128,1,1,1,,75,1,0.002175,0.227938,1.28e-08,941.5636,104.7941
CUDA_Naive,CUDA,2000,4000,128,1,1,1,,75,2,0.002159,0.000000,0.00e+00,948.6154,0.0000
CUDA_Naive,CUDA,2000,4000,128,1,1,1,,75,3,0.002159,0.000000,0.00e+00,948.3733,0.0000
CUDA_Opt2D,CUDA,2000,4000,128,1,1,1,,75,1,0.002174,0.234044,1.28e-08,941.9086,107.6409
CUDA_Opt2D,CUDA,2000,4000,128,1,1,1,,75,2,0.002160,0.000000,0.00e+00,948.0415,0.0000
CUDA_Opt2D,CUDA,2000,4000,128,1,1,1,,75,3,0.002160,0.000000,0.00e+00,948.1511,0.0000
CUDA_Tiled,CUDA,2000,4000,128,1,1,1,,75,1,0.001778,0.232035,1.28e-08,1151.8326,130.5005
CUDA_Tiled,CUDA,2000,4000,128,1,1,1,,75,2,0.001769,0.000000,0.00e+00,1157.8086,0.0000
CUDA_Tiled,CUDA,2000,4000,128,1,1,1,,75,3,0.001765,0.000000,0.00e+00,1160.5027,0.0000
CUDA_WarpRow,CUDA,2000,4000,128,1,1,1,,75,1,0.002575,0.231946,1.28e-08,795.2477,90.0656
CUDA_WarpRow,CUDA,2000,4000,128,1,1,1,,75,2,0.002584,0.000000,0.00e+00,792.6678,0.0000
CUDA_WarpRow,CUDA,2000,4000,128,1,1,1,,75,3,0.002572,0.000000,0.00e+00,796.3347,0.0000
CUDA_Transposed,CUDA,2000,4000,128,1,1,1,,75,1,0.002554,0.228483,1.28e-08,802.0104,89.4754
CUDA_Transposed,CUDA,2000,4000,128,1,1,1,,75,2,0.002565,0.000000,0.00e+00,798.4447,0.0000
CUDA_Transposed,CUDA,2000,4000,128,1,1,1,,75,3,0.002551,0.000000,0.00e+00,802.7655,0.0000
CUDA_Naive,CUDA,4000,2000,3,1,1,1,,75,1,0.000602,0.026263,0.00e+00,79.7731,43.6468
CUDA_Naive,CUDA,4000,2000,3,1,1,1,,75,2,0.000605,0.000000,0.00e+00,79.3731,0.0000
CUDA_Naive,CUDA,4000,2000,3,1,1,1,,75,3,0.000605,0.000000,0.00e+00,79.2889,0.0000
CUDA_Opt2D,CUDA,4000,2000,3,1,1,1,,75,1,0.000605,0.026330,0.00e+00,79.3101,43.5050
CUDA_Opt2D,CUDA,4000,2000,3,1,1,1,,75,2,0.000603,0.000000,0.00e+00,79.6287,0.0000
CUDA_Opt2D,CUDA,4000,2000,3,1,1,1,,75,3,0.000603,0.000000,0.00e+00,79.6076,0.0000
CUDA_Tiled,CUDA,4000,2000,3,1,1,1,,75,1,0.000458,0.025548,0.00e+00,104.8695,55.8158
CUDA_Tiled,CUDA,4000,2000,3,1,1,1,,75,2,0.000461,0.000000,0.00e+00,104.1383,0.0000
CUDA_Tiled,CUDA,4000,2000,3,1,1,1,,75,3,0.000461,0.000000,0.00e+00,104.0602,0.0000
CUDA_WarpRow,CUDA,4000,2000,3,1,1,1,,75,1,0.000593,0.025716,0.00e+00,80.9716,43.3805
CUDA_WarpRow,CUDA,4000,2000,3,1,1,1,,75,2,0.000590,0.000000,0.00e+00,81.3461,0.0000
CUDA_WarpRow,CUDA,4000,2000,3,1,1,1,,75,3,0.000590,0.000000,0.00e+00,81.3045,0.0000
CUDA_Transposed,CUDA,4000,2000,3,1,1,1,,75,1,0.000289,0.026202,0.00e+00,166.3393,90.7994
CUDA_Transposed,CUDA,4000,2000,3,1,1,1,,75,2,0.000289,0.000000,0.00e+00,166.0767,0.0000
CUDA_Transposed,CUDA,4000,2000,3,1,1,1,,75,3,0.000290,0.000000,0.00e+00,165.2738,0.0000
CUDA_Naive,CUDA,4000,2000,6,1,1,1,,75,1,0.000614,0.033820,0.00e+00,156.3770,55.0911
CUDA_Naive,CUDA,4000,2000,6,1,1,1,,75,2,0.000609,0.000000,0.00e+00,157.5204,0.0000
CUDA_Naive,CUDA,4000,2000,6,1,1,1,,75,3,0.000609,0.000000,0.00e+00,157.5424,0.0000
CUDA_Opt2D,CUDA,4000,2000,6,1,1,1,,75,1,0.000608,0.033385,0.00e+00,157.8178,54.8832
CUDA_Opt2D,CUDA,4000,2000,6,1,1,1,,75,2,0.000613,0.000000,0.00e+00,156.5413,0.0000
CUDA_Opt2D,CUDA,4000,2000,6,1,1,1,,75,3,0.000614,0.000000,0.00e+00,156.4628,0.0000
CUDA_Tiled,CUDA,4000,2000,6,1,1,1,,75,1,0.000458,0.033000,0.00e+00,209.4312,71.9911
CUDA_Tiled,CUDA,4000,2000,6,1,1,1,,75,2,0.000458,0.000000,0.00e+00,209.5070,0.0000
CUDA_Tiled,CUDA,4000,2000,6,1,1,1,,75,3,0.000460,0.000000,0.00e+00,208.8745,0.0000
CUDA_WarpRow,CUDA,4000,2000,6,1,1,1,,75,1,0.000599,0.036416,0.00e+00,160.3456,60.8242
CUDA_WarpRow,CUDA,4000,2000,6,1,1,1,,75,2,0.000595,0.000000,0.00e+00,161.2359,0.0000
CUDA_WarpRow,CUDA,4000,2000,6,1,1,1,,75,3,0.000595,0.000000,0.00e+00,161.3781,0.0000
CUDA_Transposed,CUDA,4000,2000,6,1,1,1,,75,1,0.000298,0.036743,0.00e+00,322.4269,123.4056
CUDA_Transposed,CUDA,4000,2000,6,1,1,1,,75,2,0.000296,0.000000,0.00e+00,324.1293,0.0000
CUDA_Transposed,CUDA,4000,2000,6,1,1,1,,75,3,0.000297,0.000000,0.00e+00,323.6292,0.0000
CUDA_Naive,CUDA,4000,2000,8,1,1,1,,75,1,0.000608,0.026002,0.00e+00,210.5365,42.7681
CUDA_Naive,CUDA,4000,2000,8,1,1,1,,75,2,0.000604,0.000000,0.00e+00,211.7561,0.0000
CUDA_Naive,CUDA,4000,2000,8,1,1,1,,75,3,0.000604,0.000000,0.00e+00,211.8352,0.0000
CUDA_Opt2D,CUDA,4000,2000,8,1,1,1,,75,1,0.000604,0.025694,0.00e+00,211.8385,42.5239
CUDA_Opt2D,CUDA,4000,2000,8,1,1,1,,75,2,0.000608,0.000000,0.00e+00,210.6156,0.0000
CUDA_Opt2D,CUDA,4000,2000,8,1,1,1,,75,3,0.000608,0.000000,0.00e+00,210.5851,0.0000
CUDA_Tiled,CUDA,4000,2000,8,1,1,1,,75,1,0.000462,0.025478,0.00e+00,277.2292,55.1811
CUDA_Tiled,CUDA,4000,2000,8,1,1,1,,75,2,0.000458,0.000000,0.00e+00,279.4518,0.0000
CUDA_Tiled,CUDA,4000,2000,8,1,1,1,,75,3,0.000458,0.000000,0.00e+00,279.3934,0.0000
CUDA_WarpRow,CUDA,4000,2000,8,1,1,1,,75,1,0.000592,0.025760,0.00e+00,216.2639,43.5238
CUDA_WarpRow,CUDA,4000,2000,8,1,1,1,,75,2,0.000595,0.000000,0.00e+00,215.1306,0.0000
CUDA_WarpRow,CUDA,4000,2000,8,1,1,1,,75,3,0.000596,0.000000,0.00e+00,214.8627,0.0000
CUDA_Transposed,CUDA,4000,2000,8,1,1,1,,75,1,0.000297,0.025334,0.00e+00,430.2524,85.1577
CUDA_Transposed,CUDA,4000,2000,8,1,1,1,,75,2,0.000297,0.000000,0.00e+00,431.2061,0.0000
CUDA_Transposed,CUDA,4000,2000,8,1,1,1,,75,3,0.000298,0.000000,0.00e+00,430.1383,0.0000
CUDA_Naive,CUDA,4000,2000,20,1,1,1,,75,1,0.000613,0.040567,2.79e-08,522.0030,66.1758
CUDA_Naive,CUDA,4000,2000,20,1,1,1,,75,2,0.000618,0.000000,0.00e+00,517.6930,0.0000
CUDA_Naive,CUDA,4000,2000,20,1,1,1,,75,3,0.000613,0.000000,0.00e+00,522.1018,0.0000
CUDA_Opt2D,CUDA,4000,2000,20,1,1,1,,75,1,0.000614,0.040637,2.79e-08,521.4946,66.2255
CUDA_Opt2D,CUDA,4000,2000,20,1,1,1,,75,2,0.000617,0.000000,0.00e+00,519.0357,0.0000
CUDA_Opt2D,CUDA,4000,2000,20,1,1,1,,75,3,0.000618,0.000000,0.00e+00,517.8610,0.0000
CUDA_Tiled,CUDA,4000,2000,20,1,1,1,,75,1,0.000463,0.040552,2.79e-08,691.7425,87.6606
CUDA_Tiled,CUDA,4000,2000,20,1,1,1,,75,2,0.000459,0.000000,0.00e+00,696.4883,0.0000
CUDA_Tiled,CUDA,4000,2000,20,1,1,1,,75,3,0.000459,0.000000,0.00e+00,697.2358,0.0000
CUDA_WarpRow,CUDA,4000,2000,20,1,1,1,,75,1,0.000601,0.040818,2.79e-08,532.6765,67.9467
CUDA_WarpRow,CUDA,4000,2000,20,1,1,1,,75,2,0.000605,0.000000,0.00e+00,529.2781,0.0000
CUDA_WarpRow,CUDA,4000,2000,20,1,1,1,,75,3,0.000605,0.000000,0.00e+00,529.0391,0.0000
CUDA_Transposed,CUDA,4000,2000,20,1,1,1,,75,1,0.000417,0.040597,2.79e-08,766.9851,97.3045
CUDA_Transposed,CUDA,4000,2000,20,1,1,1,,75,2,0.000414,0.000000,0.00e+00,772.0819,0.0000
CUDA_Transposed,CUDA,4000,2000,20,1,1,1,,75,3,0.000414,0.000000,0.00e+00,773.1340,0.0000
CUDA_Naive,CUDA,4000,2000,32,1,1,1,,75,1,0.000607,0.055890,2.56e-08,843.7290,92.1018
CUDA_Naive,CUDA,4000,2000,32,1,1,1,,75,2,0.000612,0.000000,0.00e+00,836.7305,0.0000
CUDA_Naive,CUDA,4000,2000,32,1,1,1,,75,3,0.000612,0.000000,0.00e+00,836.6557,0.0000
CUDA_Opt2D,CUDA,4000,2000,32,1,1,1,,75,1,0.000606,0.056053,2.56e-08,844.3770,92.4414
CUDA_Opt2D,CUDA,4000,2000,32,1,1,1,,75,2,0.000607,0.000000,0.00e+00,844.0384,0.0000
CUDA_Opt2D,CUDA,4000,2000,32,1,1,1,,75,3,0.000610,0.000000,0.00e+00,839.9439,0.0000
CUDA_Tiled,CUDA,4000,2000,32,1,1,1,,75,1,0.000463,0.059766,2.56e-08,1106.5555,129.1680
CUDA_Tiled,CUDA,4000,2000,32,1,1,1,,75,2,0.000460,0.000000,0.00e+00,1113.0082,0.0000
CUDA_Tiled,CUDA,4000,2000,32,1,1,1,,75,3,0.000460,0.000000,0.00e+00,1113.4155,0.0000
CUDA_WarpRow,CUDA,4000,2000,32,1,1,1,,75,1,0.000596,0.055729,2.56e-08,859.7805,93.5836
CUDA_WarpRow,CUDA,4000,2000,32,1,1,1,,75,2,0.000600,0.000000,0.00e+00,853.8922,0.0000
CUDA_WarpRow,CUDA,4000,2000,32,1,1,1,,75,3,0.000599,0.000000,0.00e+00,854.6823,0.0000
CUDA_Transposed,CUDA,4000,2000,32,1,1,1,,75,1,0.000645,0.061126,2.56e-08,793.4080,94.7221
CUDA_Transposed,CUDA,4000,2000,32,1,1,1,,75,2,0.000647,0.000000,0.00e+00,791.7902,0.0000
CUDA_Transposed,CUDA,4000,2000,32,1,1,1,,75,3,0.000649,0.000000,0.00e+00,789.3450,0.0000
CUDA_Naive,CUDA,4000,2000,64,1,1,1,,75,1,0.001103,0.104891,1.28e-08,928.1507,95.0729
CUDA_Naive,CUDA,4000,2000,64,1,1,1,,75,2,0.001103,0.000000,0.00e+00,927.9743,0.0000
CUDA_Naive,CUDA,4000,2000,64,1,1,1,,75,3,0.001103,0.000000,0.00e+00,928.3240,0.0000
CUDA_Opt2D,CUDA,4000,2000,64,1,1,1,,75,1,0.001103,0.102692,1.28e-08,928.6756,93.1326
CUDA_Opt2D,CUDA,4000,2000,64,1,1,1,,75,2,0.001103,0.000000,0.00e+00,928.2948,0.0000
CUDA_Opt2D,CUDA,4000,2000,64,1,1,1,,75,3,0.001103,0.000000,0.00e+00,928.7253,0.0000
CUDA_Tiled,CUDA,4000,2000,64,1,1,1,,75,1,0.000907,0.103239,1.28e-08,1129.4936,113.8750
CUDA_Tiled,CUDA,4000,2000,64,1,1,1,,75,2,0.000903,0.000000,0.00e+00,1134.3584,0.0000
CUDA_Tiled,CUDA,4000,2000,64,1,1,1,,75,3,0.000903,0.000000,0.00e+00,1133.4500,0.0000
CUDA_WarpRow,CUDA,4000,2000,64,1,1,1,,75,1,0.001191,0.103110,1.28e-08,859.4556,86.5416
CUDA_WarpRow,CUDA,4000,2000,64,1,1,1,,75,2,0.001193,0.000000,0.00e+00,858.5533,0.0000
CUDA_WarpRow,CUDA,4000,2000,64,1,1,1,,75,3,0.001194,0.000000,0.00e+00,857.8866,0.0000
CUDA_Transposed,CUDA,4000,2000,64,1,1,1,,75,1,0.001282,0.105178,1.28e-08,799.0299,82.0708
CUDA_Transposed,CUDA,4000,2000,64,1,1,1,,75,2,0.001282,0.000000,0.00e+00,798.6332,0.0000
CUDA_Transposed,CUDA,4000,2000,64,1,1,1,,75,3,0.001282,0.000000,0.00e+00,798.6309,0.0000
CUDA_Naive,CUDA,4000,2000,128,1,1,1,,75,1,0.002117,0.193840,1.57e-08,967.4504,91.5677
CUDA_Naive,CUDA,4000,2000,128,1,1,1,,75,2,0.002113,0.000000,0.00e+00,969.0917,0.0000
CUDA_Naive,CUDA,4000,2000,128,1,1,1,,75,3,0.002115,0.000000,0.00e+00,968.1888,0.0000
CUDA_Opt2D,CUDA,4000,2000,128,1,1,1,,75,1,0.002129,0.195773,1.57e-08,961.9626,91.9560
CUDA_Opt2D,CUDA,4000,2000,128,1,1,1,,75,2,0.002130,0.000000,0.00e+00,961.4568,0.0000
CUDA_Opt2D,CUDA,4000,2000,128,1,1,1,,75,3,0.002114,0.000000,0.00e+00,968.5861,0.0000
CUDA_Tiled,CUDA,4000,2000,128,1,1,1,,75,1,0.001643,0.209484,1.57e-08,1246.1940,127.4695
CUDA_Tiled,CUDA,4000,2000,128,1,1,1,,75,2,0.001653,0.000000,0.00e+00,1238.7078,0.0000
CUDA_Tiled,CUDA,4000,2000,128,1,1,1,,75,3,0.001653,0.000000,0.00e+00,1239.1880,0.0000
CUDA_WarpRow,CUDA,4000,2000,128,1,1,1,,75,1,0.002360,0.194655,1.57e-08,867.7583,82.4775
CUDA_WarpRow,CUDA,4000,2000,128,1,1,1,,75,2,0.002351,0.000000,0.00e+00,871.2909,0.0000
CUDA_WarpRow,CUDA,4000,2000,128,1,1,1,,75,3,0.002349,0.000000,0.00e+00,871.7918,0.0000
CUDA_Transposed,CUDA,4000,2000,128,1,1,1,,75,1,0.002355,0.201386,1.57e-08,869.5506,85.5056
CUDA_Transposed,CUDA,4000,2000,128,1,1,1,,75,2,0.002355,0.000000,0.00e+00,869.5427,0.0000
CUDA_Transposed,CUDA,4000,2000,128,1,1,1,,75,3,0.002336,0.000000,0.00e+00,876.7314,0.0000
CUDA_Naive,CUDA,6000,2000,3,1,1,1,,75,1,0.000873,0.038305,0.00e+00,82.4370,43.8578
CUDA_Naive,CUDA,6000,2000,3,1,1,1,,75,2,0.000878,0.000000,0.00e+00,82.0272,0.0000
CUDA_Naive,CUDA,6000,2000,3,1,1,1,,75,3,0.000873,0.000000,0.00e+00,82.5136,0.0000
CUDA_Opt2D,CUDA,6000,2000,3,1,1,1,,75,1,0.000872,0.039190,0.00e+00,82.5473,44.9310
CUDA_Opt2D,CUDA,6000,2000,3,1,1,1,,75,2,0.000879,0.000000,0.00e+00,81.9200,0.0000
CUDA_Opt2D,CUDA,6000,2000,3,1,1,1,,75,3,0.000878,0.000000,0.00e+00,81.9916,0.0000
CUDA_Tiled,CUDA,6000,2000,3,1,1,1,,75,1,0.000611,0.038547,0.00e+00,117.7980,63.0661
CUDA_Tiled,CUDA,6000,2000,3,1,1,1,,75,2,0.000617,0.000000,0.00e+00,116.6433,0.0000
CUDA_Tiled,CUDA,6000,2000,3,1,1,1,,75,3,0.000618,0.000000,0.00e+00,116.4854,0.0000
CUDA_WarpRow,CUDA,6000,2000,3,1,1,1,,75,1,0.000855,0.038703,0.00e+00,84.2206,45.2716
CUDA_WarpRow,CUDA,6000,2000,3,1,1,1,,75,2,0.000859,0.000000,0.00e+00,83.7726,0.0000
CUDA_WarpRow,CUDA,6000,2000,3,1,1,1,,75,3,0.000860,0.000000,0.00e+00,83.7189,0.0000
CUDA_Transposed,CUDA,6000,2000,3,1,1,1,,75,1,0.000407,0.038291,0.00e+00,177.1213,94.1970
CUDA_Transposed,CUDA,6000,2000,3,1,1,1,,75,2,0.000407,0.000000,0.00e+00,176.8933,0.0000
CUDA_Transposed,CUDA,6000,2000,3,1,1,1,,75,3,0.000407,0.000000,0.00e+00,176.7520,0.0000
CUDA_Naive,CUDA,6000,2000,6,1,1,1,,75,1,0.000889,0.049522,0.00e+00,161.9257,55.6863
CUDA_Naive,CUDA,6000,2000,6,1,1,1,,75,2,0.000883,0.000000,0.00e+00,163.0697,0.0000
CUDA_Naive,CUDA,6000,2000,6,1,1,1,,75,3,0.000883,0.000000,0.00e+00,163.0466,0.0000
CUDA_Opt2D,CUDA,6000,2000,6,1,1,1,,75,1,0.000890,0.049617,0.00e+00,161.7263,55.7245
CUDA_Opt2D,CUDA,6000,2000,6,1,1,1,,75,2,0.000883,0.000000,0.00e+00,163.0689,0.0000
CUDA_Opt2D,CUDA,6000,2000,6,1,1,1,,75,3,0.000884,0.000000,0.00e+00,162.9598,0.0000
CUDA_Tiled,CUDA,6000,2000,6,1,1,1,,75,1,0.000618,0.051110,0.00e+00,233.0287,82.7084
CUDA_Tiled,CUDA,6000,2000,6,1,1,1,,75,2,0.000611,0.000000,0.00e+00,235.5456,0.0000
CUDA_Tiled,CUDA,6000,2000,6,1,1,1,,75,3,0.000612,0.000000,0.00e+00,235.2778,0.0000
CUDA_WarpRow,CUDA,6000,2000,6,1,1,1,,75,1,0.000869,0.053611,0.00e+00,165.6975,61.6888
CUDA_WarpRow,CUDA,6000,2000,6,1,1,1,,75,2,0.000863,0.000000,0.00e+00,166.8342,0.0000
CUDA_WarpRow,CUDA,6000,2000,6,1,1,1,,75,3,0.000863,0.000000,0.00e+00,166.7692,0.0000
CUDA_Transposed,CUDA,6000,2000,6,1,1,1,,75,1,0.000413,0.053299,0.00e+00,348.8142,129.1084
CUDA_Transposed,CUDA,6000,2000,6,1,1,1,,75,2,0.000413,0.000000,0.00e+00,348.8066,0.0000
CUDA_Transposed,CUDA,6000,2000,6,1,1,1,,75,3,0.000413,0.000000,0.00e+00,348.6971,0.0000
CUDA_Naive,CUDA,6000,2000,8,1,1,1,,75,1,0.000876,0.038190,0.00e+00,219.1571,43.5921
CUDA_Naive,CUDA,6000,2000,8,1,1,1,,75,2,0.000882,0.000000,0.00e+00,217.6580,0.0000
CUDA_Naive,CUDA,6000,2000,8,1,1,1,,75,3,0.000876,0.000000,0.00e+00,219.1684,0.0000
CUDA_Opt2D,CUDA,6000,2000,8,1,1,1,,75,1,0.000876,0.038567,0.00e+00,219.1153,44.0136
CUDA_Opt2D,CUDA,6000,2000,8,1,1,1,,75,2,0.000884,0.000000,0.00e+00,217.3046,0.0000
CUDA_Opt2D,CUDA,6000,2000,8,1,1,1,,75,3,0.000876,0.000000,0.00e+00,219.2858,0.0000
CUDA_Tiled,CUDA,6000,2000,8,1,1,1,,75,1,0.000612,0.038155,0.00e+00,313.7776,62.3550
CUDA_Tiled,CUDA,6000,2000,8,1,1,1,,75,2,0.000618,0.000000,0.00e+00,310.5549,0.0000
CUDA_Tiled,CUDA,6000,2000,8,1,1,1,,75,3,0.000618,0.000000,0.00e+00,310.7979,0.0000
CUDA_WarpRow,CUDA,6000,2000,8,1,1,1,,75,1,0.000858,0.038034,0.00e+00,223.8011,44.3340
CUDA_WarpRow,CUDA,6000,2000,8,1,1,1,,75,2,0.000864,0.000000,0.00e+00,222.2203,0.0000
CUDA_WarpRow,CUDA,6000,2000,8,1,1,1,,75,3,0.000864,0.000000,0.00e+00,222.2101,0.0000
CUDA_Transposed,CUDA,6000,2000,8,1,1,1,,75,1,0.000414,0.038148,0.00e+00,463.4104,92.0750
CUDA_Transposed,CUDA,6000,2000,8,1,1,1,,75,2,0.000412,0.000000,0.00e+00,465.7366,0.0000
CUDA_Transposed,CUDA,6000,2000,8,1,1,1,,75,3,0.000415,0.000000,0.00e+00,463.0987,0.0000
CUDA_Naive,CUDA,6000,2000,20,1,1,1,,75,1,0.000896,0.062115,2.79e-08,535.7524,69.3294
CUDA_Naive,CUDA,6000,2000,20,1,1,1,,75,2,0.000897,0.000000,0.00e+00,535.2413,0.0000
CUDA_Naive,CUDA,6000,2000,20,1,1,1,,75,3,0.000898,0.000000,0.00e+00,534.2558,0.0000
CUDA_Opt2D,CUDA,6000,2000,20,1,1,1,,75,1,0.000896,0.061195,2.79e-08,535.7272,68.2998
CUDA_Opt2D,CUDA,6000,2000,20,1,1,1,,75,2,0.000897,0.000000,0.00e+00,535.1460,0.0000
CUDA_Opt2D,CUDA,6000,2000,20,1,1,1,,75,3,0.000896,0.000000,0.00e+00,535.5681,0.0000
CUDA_Tiled,CUDA,6000,2000,20,1,1,1,,75,1,0.000619,0.060844,2.79e-08,775.2544,98.2708
CUDA_Tiled,CUDA,6000,2000,20,1,1,1,,75,2,0.000620,0.000000,0.00e+00,774.5173,0.0000
CUDA_Tiled,CUDA,6000,2000,20,1,1,1,,75,3,0.000620,0.000000,0.00e+00,774.7450,0.0000
CUDA_WarpRow,CUDA,6000,2000,20,1,1,1,,75,1,0.000878,0.061536,2.79e-08,546.6267,70.0778
CUDA_WarpRow,CUDA,6000,2000,20,1,1,1,,75,2,0.000878,0.000000,0.00e+00,546.4361,0.0000
CUDA_WarpRow,CUDA,6000,2000,20,1,1,1,,75,3,0.000878,0.000000,0.00e+00,546.4726,0.0000
CUDA_Transposed,CUDA,6000,2000,20,1,1,1,,75,1,0.000564,0.061029,2.79e-08,851.5039,108.2627
CUDA_Transposed,CUDA,6000,2000,20,1,1,1,,75,2,0.000565,0.000000,0.00e+00,849.9313,0.0000
CUDA_Transposed,CUDA,6000,2000,20,1,1,1,,75,3,0.000564,0.000000,0.00e+00,850.6176,0.0000
CUDA_Naive,CUDA,6000,2000,32,1,1,1,,75,1,0.000888,0.083584,2.56e-08,865.0426,94.1451
CUDA_Naive,CUDA,6000,2000,32,1,1,1,,75,2,0.000887,0.000000,0.00e+00,865.8445,0.0000
CUDA_Naive,CUDA,6000,2000,32,1,1,1,,75,3,0.000886,0.000000,0.00e+00,866.5861,0.0000
CUDA_Opt2D,CUDA,6000,2000,32,1,1,1,,75,1,0.000880,0.083581,2.56e-08,872.8706,94.9943
CUDA_Opt2D,CUDA,6000,2000,32,1,1,1,,75,2,0.000887,0.000000,0.00e+00,865.8989,0.0000
CUDA_Opt2D,CUDA,6000,2000,32,1,1,1,,75,3,0.000880,0.000000,0.00e+00,873.0363,0.0000
CUDA_Tiled,CUDA,6000,2000,32,1,1,1,,75,1,0.000614,0.085318,2.56e-08,1251.8193,139.0660
CUDA_Tiled,CUDA,6000,2000,32,1,1,1,,75,2,0.000613,0.000000,0.00e+00,1252.0648,0.0000
CUDA_Tiled,CUDA,6000,2000,32,1,1,1,,75,3,0.000614,0.000000,0.00e+00,1250.2332,0.0000
CUDA_WarpRow,CUDA,6000,2000,32,1,1,1,,75,1,0.000863,0.085138,2.56e-08,890.4014,98.7069
CUDA_WarpRow,CUDA,6000,2000,32,1,1,1,,75,2,0.000863,0.000000,0.00e+00,889.7769,0.0000
CUDA_WarpRow,CUDA,6000,2000,32,1,1,1,,75,3,0.000864,0.000000,0.00e+00,888.5754,0.0000
CUDA_Transposed,CUDA,6000,2000,32,1,1,1,,75,1,0.000873,0.085501,2.56e-08,879.2416,97.8849
CUDA_Transposed,CUDA,6000,2000,32,1,1,1,,75,2,0.000866,0.000000,0.00e+00,886.6386,0.0000
CUDA_Transposed,CUDA,6000,2000,32,1,1,1,,75,3,0.000874,0.000000,0.00e+00,879.0039,0.0000
CUDA_Naive,CUDA,6000,2000,64,1,1,1,,75,1,0.001671,0.146107,1.28e-08,918.9858,87.4155
CUDA_Naive,CUDA,6000,2000,64,1,1,1,,75,2,0.001663,0.000000,0.00e+00,923.4753,0.0000
CUDA_Naive,CUDA,6000,2000,64,1,1,1,,75,3,0.001659,0.000000,0.00e+00,925.9541,0.0000
CUDA_Opt2D,CUDA,6000,2000,64,1,1,1,,75,1,0.001672,0.147045,1.28e-08,918.8576,87.9645
CUDA_Opt2D,CUDA,6000,2000,64,1,1,1,,75,2,0.001671,0.000000,0.00e+00,919.1586,0.0000
CUDA_Opt2D,CUDA,6000,2000,64,1,1,1,,75,3,0.001670,0.000000,0.00e+00,919.6545,0.0000
CUDA_Tiled,CUDA,6000,2000,64,1,1,1,,75,1,0.001211,0.145260,1.28e-08,1268.1283,119.9274
CUDA_Tiled,CUDA,6000,2000,64,1,1,1,,75,2,0.001210,0.000000,0.00e+00,1269.1493,0.0000
CUDA_Tiled,CUDA,6000,2000,64,1,1,1,,75,3,0.001214,0.000000,0.00e+00,1265.1509,0.0000
CUDA_WarpRow,CUDA,6000,2000,64,1,1,1,,75,1,0.001735,0.154106,1.28e-08,885.4485,88.8365
CUDA_WarpRow,CUDA,6000,2000,64,1,1,1,,75,2,0.001734,0.000000,0.00e+00,885.8140,0.0000
CUDA_WarpRow,CUDA,6000,2000,64,1,1,1,,75,3,0.001721,0.000000,0.00e+00,892.6365,0.0000
CUDA_Transposed,CUDA,6000,2000,64,1,1,1,,75,1,0.001722,0.157837,1.28e-08,891.7366,91.6334
CUDA_Transposed,CUDA,6000,2000,64,1,1,1,,75,2,0.001735,0.000000,0.00e+00,885.1185,0.0000
CUDA_Transposed,CUDA,6000,2000,64,1,1,1,,75,3,0.001738,0.000000,0.00e+00,883.8748,0.0000
CUDA_Naive,CUDA,6000,2000,128,1,1,1,,75,1,0.003172,0.293815,1.57e-08,968.3512,92.6160
CUDA_Naive,CUDA,6000,2000,128,1,1,1,,75,2,0.003180,0.000000,0.00e+00,966.1872,0.0000
CUDA_Naive,CUDA,6000,2000,128,1,1,1,,75,3,0.003176,0.000000,0.00e+00,967.3071,0.0000
CUDA_Opt2D,CUDA,6000,2000,128,1,1,1,,75,1,0.003190,0.288786,1.57e-08,962.9080,90.5188
CUDA_Opt2D,CUDA,6000,2000,128,1,1,1,,75,2,0.003185,0.000000,0.00e+00,964.4786,0.0000
CUDA_Opt2D,CUDA,6000,2000,128,1,1,1,,75,3,0.003190,0.000000,0.00e+00,963.0784,0.0000
CUDA_Tiled,CUDA,6000,2000,128,1,1,1,,75,1,0.002393,0.307337,1.57e-08,1283.9501,128.4521
CUDA_Tiled,CUDA,6000,2000,128,1,1,1,,75,2,0.002393,0.000000,0.00e+00,1284.0107,0.0000
CUDA_Tiled,CUDA,6000,2000,128,1,1,1,,75,3,0.002393,0.000000,0.00e+00,1283.8847,0.0000
CUDA_WarpRow,CUDA,6000,2000,128,1,1,1,,75,1,0.003449,0.289051,1.57e-08,890.7084,83.8088
CUDA_WarpRow,CUDA,6000,2000,128,1,1,1,,75,2,0.003450,0.000000,0.00e+00,890.4006,0.0000
CUDA_WarpRow,CUDA,6000,2000,128,1,1,1,,75,3,0.003447,0.000000,0.00e+00,891.1233,0.0000
CUDA_Transposed,CUDA,6000,2000,128,1,1,1,,75,1,0.003447,0.286067,1.57e-08,891.3306,83.0014
CUDA_Transposed,CUDA,6000,2000,128,1,1,1,,75,2,0.003432,0.000000,0.00e+00,894.9989,0.0000
CUDA_Transposed,CUDA,6000,2000,128,1,1,1,,75,3,0.003450,0.000000,0.00e+00,890.3858,0.0000
CUDA_Naive,CUDA,4000,4000,3,1,1,1,,75,1,0.001227,0.052375,0.00e+00,78.2648,42.6991
CUDA_Naive,CUDA,4000,4000,3,1,1,1,,75,2,0.001225,0.000000,0.00e+00,78.3596,0.0000
CUDA_Naive,CUDA,4000,4000,3,1,1,1,,75,3,0.001227,0.000000,0.00e+00,78.2381,0.0000
CUDA_Opt2D,CUDA,4000,4000,3,1,1,1,,75,1,0.001219,0.051133,0.00e+00,78.7252,41.9321
CUDA_Opt2D,CUDA,4000,4000,3,1,1,1,,75,2,0.001226,0.000000,0.00e+00,78.3235,0.0000
CUDA_Opt2D,CUDA,4000,4000,3,1,1,1,,75,3,0.001220,0.000000,0.00e+00,78.7008,0.0000
CUDA_Tiled,CUDA,4000,4000,3,1,1,1,,75,1,0.000899,0.051727,0.00e+00,106.7780,57.5341
CUDA_Tiled,CUDA,4000,4000,3,1,1,1,,75,2,0.000899,0.000000,0.00e+00,106.7422,0.0000
CUDA_Tiled,CUDA,4000,4000,3,1,1,1,,75,3,0.000899,0.000000,0.00e+00,106.7706,0.0000
CUDA_WarpRow,CUDA,4000,4000,3,1,1,1,,75,1,0.001195,0.050974,0.00e+00,80.3422,42.6601
CUDA_WarpRow,CUDA,4000,4000,3,1,1,1,,75,2,0.001190,0.000000,0.00e+00,80.6420,0.0000
CUDA_WarpRow,CUDA,4000,4000,3,1,1,1,,75,3,0.001194,0.000000,0.00e+00,80.3719,0.0000
CUDA_Transposed,CUDA,4000,4000,3,1,1,1,,75,1,0.000569,0.052097,0.00e+00,168.6452,91.5200
CUDA_Transposed,CUDA,4000,4000,3,1,1,1,,75,2,0.000569,0.000000,0.00e+00,168.6198,0.0000
CUDA_Transposed,CUDA,4000,4000,3,1,1,1,,75,3,0.000569,0.000000,0.00e+00,168.6341,0.0000
CUDA_Naive,CUDA,4000,4000,6,1,1,1,,75,1,0.001221,0.066355,0.00e+00,157.2290,54.3379
CUDA_Naive,CUDA,4000,4000,6,1,1,1,,75,2,0.001229,0.000000,0.00e+00,156.1891,0.0000
CUDA_Naive,CUDA,4000,4000,6,1,1,1,,75,3,0.001223,0.000000,0.00e+00,157.0499,0.0000
CUDA_Opt2D,CUDA,4000,4000,6,1,1,1,,75,1,0.001221,0.067395,0.00e+00,157.2832,55.2092
CUDA_Opt2D,CUDA,4000,4000,6,1,1,1,,75,2,0.001223,0.000000,0.00e+00,157.0150,0.0000
CUDA_Opt2D,CUDA,4000,4000,6,1,1,1,,75,3,0.001229,0.000000,0.00e+00,156.2125,0.0000
CUDA_Tiled,CUDA,4000,4000,6,1,1,1,,75,1,0.000907,0.066258,0.00e+00,211.6218,73.0299
CUDA_Tiled,CUDA,4000,4000,6,1,1,1,,75,2,0.000907,0.000000,0.00e+00,211.5706,0.0000
CUDA_Tiled,CUDA,4000,4000,6,1,1,1,,75,3,0.000907,0.000000,0.00e+00,211.6407,0.0000
CUDA_WarpRow,CUDA,4000,4000,6,1,1,1,,75,1,0.001194,0.070822,0.00e+00,160.8038,59.3147
CUDA_WarpRow,CUDA,4000,4000,6,1,1,1,,75,2,0.001194,0.000000,0.00e+00,160.8484,0.0000
CUDA_WarpRow,CUDA,4000,4000,6,1,1,1,,75,3,0.001195,0.000000,0.00e+00,160.6677,0.0000
CUDA_Transposed,CUDA,4000,4000,6,1,1,1,,75,1,0.000584,0.073060,0.00e+00,328.6237,125.0475
CUDA_Transposed,CUDA,4000,4000,6,1,1,1,,75,2,0.000584,0.000000,0.00e+00,328.6497,0.0000
CUDA_Transposed,CUDA,4000,4000,6,1,1,1,,75,3,0.000585,0.000000,0.00e+00,328.2653,0.0000
CUDA_Naive,CUDA,4000,4000,8,1,1,1,,75,1,0.001209,0.051949,0.00e+00,211.7848,42.9762
CUDA_Naive,CUDA,4000,4000,8,1,1,1,,75,2,0.001217,0.000000,0.00e+00,210.3219,0.0000
CUDA_Naive,CUDA,4000,4000,8,1,1,1,,75,3,0.001209,0.000000,0.00e+00,211.7561,0.0000
CUDA_Opt2D,CUDA,4000,4000,8,1,1,1,,75,1,0.001210,0.051867,0.00e+00,211.6344,42.8783
CUDA_Opt2D,CUDA,4000,4000,8,1,1,1,,75,2,0.001210,0.000000,0.00e+00,211.6371,0.0000
CUDA_Opt2D,CUDA,4000,4000,8,1,1,1,,75,3,0.001210,0.000000,0.00e+00,211.5769,0.0000
CUDA_Tiled,CUDA,4000,4000,8,1,1,1,,75,1,0.000907,0.050573,0.00e+00,282.1516,55.7391
CUDA_Tiled,CUDA,4000,4000,8,1,1,1,,75,2,0.000900,0.000000,0.00e+00,284.5407,0.0000
CUDA_Tiled,CUDA,4000,4000,8,1,1,1,,75,3,0.000905,0.000000,0.00e+00,282.8325,0.0000
CUDA_WarpRow,CUDA,4000,4000,8,1,1,1,,75,1,0.001196,0.051510,0.00e+00,214.0981,43.0786
CUDA_WarpRow,CUDA,4000,4000,8,1,1,1,,75,2,0.001190,0.000000,0.00e+00,215.1917,0.0000
CUDA_WarpRow,CUDA,4000,4000,8,1,1,1,,75,3,0.001195,0.000000,0.00e+00,214.1848,0.0000
CUDA_Transposed,CUDA,4000,4000,8,1,1,1,,75,1,0.000586,0.052130,0.00e+00,437.0383,88.9957
CUDA_Transposed,CUDA,4000,4000,8,1,1,1,,75,2,0.000588,0.000000,0.00e+00,435.5657,0.0000
CUDA_Transposed,CUDA,4000,4000,8,1,1,1,,75,3,0.000586,0.000000,0.00e+00,437.0792,0.0000
CUDA_Naive,CUDA,4000,4000,20,1,1,1,,75,1,0.001226,0.084665,1.61e-08,522.1009,69.0684
CUDA_Naive,CUDA,4000,4000,20,1,1,1,,75,2,0.001227,0.000000,0.00e+00,521.5081,0.0000
CUDA_Naive,CUDA,4000,4000,20,1,1,1,,75,3,0.001234,0.000000,0.00e+00,518.5067,0.0000
CUDA_Opt2D,CUDA,4000,4000,20,1,1,1,,75,1,0.001235,0.081400,1.61e-08,518.3904,65.9331
CUDA_Opt2D,CUDA,4000,4000,20,1,1,1,,75,2,0.001235,0.000000,0.00e+00,518.0991,0.0000
CUDA_Opt2D,CUDA,4000,4000,20,1,1,1,,75,3,0.001235,0.000000,0.00e+00,518.1675,0.0000
CUDA_Tiled,CUDA,4000,4000,20,1,1,1,,75,1,0.000901,0.081463,1.61e-08,710.4565,90.4315
CUDA_Tiled,CUDA,4000,4000,20,1,1,1,,75,2,0.000901,0.000000,0.00e+00,710.5319,0.0000
CUDA_Tiled,CUDA,4000,4000,20,1,1,1,,75,3,0.000902,0.000000,0.00e+00,709.9271,0.0000
CUDA_WarpRow,CUDA,4000,4000,20,1,1,1,,75,1,0.001218,0.084356,1.61e-08,525.5497,69.2706
CUDA_WarpRow,CUDA,4000,4000,20,1,1,1,,75,2,0.001217,0.000000,0.00e+00,526.0947,0.0000
CUDA_WarpRow,CUDA,4000,4000,20,1,1,1,,75,3,0.001218,0.000000,0.00e+00,525.3056,0.0000
CUDA_Transposed,CUDA,4000,4000,20,1,1,1,,75,1,0.000818,0.083888,1.61e-08,782.0969,102.5132
CUDA_Transposed,CUDA,4000,4000,20,1,1,1,,75,2,0.000819,0.000000,0.00e+00,781.0142,0.0000
CUDA_Transposed,CUDA,4000,4000,20,1,1,1,,75,3,0.000818,0.000000,0.00e+00,782.0317,0.0000
CUDA_Naive,CUDA,4000,4000,32,1,1,1,,75,1,0.001214,0.111820,1.81e-08,843.5978,92.1201
CUDA_Naive,CUDA,4000,4000,32,1,1,1,,75,2,0.001217,0.000000,0.00e+00,841.3751,0.0000
CUDA_Naive,CUDA,4000,4000,32,1,1,1,,75,3,0.001216,0.000000,0.00e+00,841.7909,0.0000
CUDA_Opt2D,CUDA,4000,4000,32,1,1,1,,75,1,0.001208,0.122118,1.81e-08,847.6665,101.0889
CUDA_Opt2D,CUDA,4000,4000,32,1,1,1,,75,2,0.001209,0.000000,0.00e+00,846.9420,0.0000
CUDA_Opt2D,CUDA,4000,4000,32,1,1,1,,75,3,0.001217,0.000000,0.00e+00,841.4865,0.0000
CUDA_Tiled,CUDA,4000,4000,32,1,1,1,,75,1,0.000909,0.113770,1.81e-08,1126.2354,125.1290
CUDA_Tiled,CUDA,4000,4000,32,1,1,1,,75,2,0.000910,0.000000,0.00e+00,1125.8229,0.0000
CUDA_Tiled,CUDA,4000,4000,32,1,1,1,,75,3,0.000903,0.000000,0.00e+00,1134.1838,0.0000
CUDA_WarpRow,CUDA,4000,4000,32,1,1,1,,75,1,0.001193,0.111830,1.81e-08,858.1798,93.7211
CUDA_WarpRow,CUDA,4000,4000,32,1,1,1,,75,2,0.001193,0.000000,0.00e+00,858.4877,0.0000
CUDA_WarpRow,CUDA,4000,4000,32,1,1,1,,75,3,0.001202,0.000000,0.00e+00,851.7871,0.0000
CUDA_Transposed,CUDA,4000,4000,32,1,1,1,,75,1,0.001283,0.111661,1.81e-08,798.3072,87.0508
CUDA_Transposed,CUDA,4000,4000,32,1,1,1,,75,2,0.001275,0.000000,0.00e+00,802.9639,0.0000
CUDA_Transposed,CUDA,4000,4000,32,1,1,1,,75,3,0.001276,0.000000,0.00e+00,802.3039,0.0000
CUDA_Naive,CUDA,4000,4000,64,1,1,1,,75,1,0.002232,0.215502,0.00e+00,917.5140,96.5460
CUDA_Naive,CUDA,4000,4000,64,1,1,1,,75,2,0.002216,0.000000,0.00e+00,924.0812,0.0000
CUDA_Naive,CUDA,4000,4000,64,1,1,1,,75,3,0.002231,0.000000,0.00e+00,917.7702,0.0000
CUDA_Opt2D,CUDA,4000,4000,64,1,1,1,,75,1,0.002217,0.225982,0.00e+00,923.9657,101.9527
CUDA_Opt2D,CUDA,4000,4000,64,1,1,1,,75,2,0.002232,0.000000,0.00e+00,917.4022,0.0000
CUDA_Opt2D,CUDA,4000,4000,64,1,1,1,,75,3,0.002216,0.000000,0.00e+00,924.0526,0.0000
CUDA_Tiled,CUDA,4000,4000,64,1,1,1,,75,1,0.001763,0.219260,0.00e+00,1161.3615,124.3362
CUDA_Tiled,CUDA,4000,4000,64,1,1,1,,75,2,0.001765,0.000000,0.00e+00,1160.3190,0.0000
CUDA_Tiled,CUDA,4000,4000,64,1,1,1,,75,3,0.001762,0.000000,0.00e+00,1162.2323,0.0000
CUDA_WarpRow,CUDA,4000,4000,64,1,1,1,,75,1,0.002393,0.210884,0.00e+00,855.7141,88.1135
CUDA_WarpRow,CUDA,4000,4000,64,1,1,1,,75,2,0.002382,0.000000,0.00e+00,859.7591,0.0000
CUDA_WarpRow,CUDA,4000,4000,64,1,1,1,,75,3,0.002393,0.000000,0.00e+00,855.7325,0.0000
CUDA_Transposed,CUDA,4000,4000,64,1,1,1,,75,1,0.002542,0.216053,0.00e+00,805.5505,84.9813
CUDA_Transposed,CUDA,4000,4000,64,1,1,1,,75,2,0.002546,0.000000,0.00e+00,804.4122,0.0000
CUDA_Transposed,CUDA,4000,4000,64,1,1,1,,75,3,0.002529,0.000000,0.00e+00,809.9557,0.0000
CUDA_Naive,CUDA,4000,4000,128,1,1,1,,75,1,0.004304,0.467489,1.28e-08,951.6094,108.6102
CUDA_Naive,CUDA,4000,4000,128,1,1,1,,75,2,0.004305,0.000000,0.00e+00,951.5270,0.0000
CUDA_Naive,CUDA,4000,4000,128,1,1,1,,75,3,0.004275,0.000000,0.00e+00,958.2368,0.0000
CUDA_Opt2D,CUDA,4000,4000,128,1,1,1,,75,1,0.004303,0.458895,1.28e-08,951.8042,106.6354
CUDA_Opt2D,CUDA,4000,4000,128,1,1,1,,75,2,0.004301,0.000000,0.00e+00,952.4122,0.0000
CUDA_Opt2D,CUDA,4000,4000,128,1,1,1,,75,3,0.004281,0.000000,0.00e+00,956.8677,0.0000
CUDA_Tiled,CUDA,4000,4000,128,1,1,1,,75,1,0.003287,0.454584,1.28e-08,1246.2184,138.3084
CUDA_Tiled,CUDA,4000,4000,128,1,1,1,,75,2,0.003280,0.000000,0.00e+00,1248.7189,0.0000
CUDA_Tiled,CUDA,4000,4000,128,1,1,1,,75,3,0.003296,0.000000,0.00e+00,1242.8814,0.0000
CUDA_WarpRow,CUDA,4000,4000,128,1,1,1,,75,1,0.004734,0.477788,1.28e-08,865.2669,100.9313
CUDA_WarpRow,CUDA,4000,4000,128,1,1,1,,75,2,0.004719,0.000000,0.00e+00,868.0345,0.0000
CUDA_WarpRow,CUDA,4000,4000,128,1,1,1,,75,3,0.004723,0.000000,0.00e+00,867.2252,0.0000
CUDA_Transposed,CUDA,4000,4000,128,1,1,1,,75,1,0.004673,0.458220,1.28e-08,876.5675,98.0616
CUDA_Transposed,CUDA,4000,4000,128,1,1,1,,75,2,0.004676,0.000000,0.00e+00,875.9450,0.0000
CUDA_Transposed,CUDA,4000,4000,128,1,1,1,,75,3,0.004664,0.000000,0.00e+00,878.1662,0.0000
CUDA_Naive,CUDA,2000,6000,3,1,1,1,,75,1,0.000999,0.038204,0.00e+00,72.0924,38.2534
CUDA_Naive,CUDA,2000,6000,3,1,1,1,,75,2,0.001006,0.000000,0.00e+00,71.5608,0.0000
CUDA_Naive,CUDA,2000,6000,3,1,1,1,,75,3,0.001001,0.000000,0.00e+00,71.9152,0.0000
CUDA_Opt2D,CUDA,2000,6000,3,1,1,1,,75,1,0.000997,0.040218,0.00e+00,72.1824,40.3199
CUDA_Opt2D,CUDA,2000,6000,3,1,1,1,,75,2,0.001004,0.000000,0.00e+00,71.7081,0.0000
CUDA_Opt2D,CUDA,2000,6000,3,1,1,1,,75,3,0.001001,0.000000,0.00e+00,71.9162,0.0000
CUDA_Tiled,CUDA,2000,6000,3,1,1,1,,75,1,0.000898,0.040029,0.00e+00,80.1506,44.5600
CUDA_Tiled,CUDA,2000,6000,3,1,1,1,,75,2,0.000904,0.000000,0.00e+00,79.6852,0.0000
CUDA_Tiled,CUDA,2000,6000,3,1,1,1,,75,3,0.000897,0.000000,0.00e+00,80.2687,0.0000
CUDA_WarpRow,CUDA,2000,6000,3,1,1,1,,75,1,0.000976,0.038886,0.00e+00,73.7695,39.8417
CUDA_WarpRow,CUDA,2000,6000,3,1,1,1,,75,2,0.000984,0.000000,0.00e+00,73.1496,0.0000
CUDA_WarpRow,CUDA,2000,6000,3,1,1,1,,75,3,0.000977,0.000000,0.00e+00,73.7268,0.0000
CUDA_Transposed,CUDA,2000,6000,3,1,1,1,,75,1,0.000564,0.038291,0.00e+00,127.6012,67.8601
CUDA_Transposed,CUDA,2000,6000,3,1,1,1,,75,2,0.000566,0.000000,0.00e+00,127.2043,0.0000
CUDA_Transposed,CUDA,2000,6000,3,1,1,1,,75,3,0.000566,0.000000,0.00e+00,127.1113,0.0000
CUDA_Naive,CUDA,2000,6000,6,1,1,1,,75,1,0.000999,0.050632,0.00e+00,144.1597,50.6883
CUDA_Naive,CUDA,2000,6000,6,1,1,1,,75,2,0.001008,0.000000,0.00e+00,142.8616,0.0000
CUDA_Naive,CUDA,2000,6000,6,1,1,1,,75,3,0.001000,0.000000,0.00e+00,144.0490,0.0000
CUDA_Opt2D,CUDA,2000,6000,6,1,1,1,,75,1,0.001001,0.050847,0.00e+00,143.8809,50.8054
CUDA_Opt2D,CUDA,2000,6000,6,1,1,1,,75,2,0.001010,0.000000,0.00e+00,142.6286,0.0000
CUDA_Opt2D,CUDA,2000,6000,6,1,1,1,,75,3,0.001008,0.000000,0.00e+00,142.7913,0.0000
CUDA_Tiled,CUDA,2000,6000,6,1,1,1,,75,1,0.000898,0.049784,0.00e+00,160.3881,55.4499
CUDA_Tiled,CUDA,2000,6000,6,1,1,1,,75,2,0.000905,0.000000,0.00e+00,159.1754,0.0000
CUDA_Tiled,CUDA,2000,6000,6,1,1,1,,75,3,0.000898,0.000000,0.00e+00,160.3076,0.0000
CUDA_WarpRow,CUDA,2000,6000,6,1,1,1,,75,1,0.000975,0.053360,0.00e+00,147.6540,54.7137
CUDA_WarpRow,CUDA,2000,6000,6,1,1,1,,75,2,0.000985,0.000000,0.00e+00,146.2264,0.0000
CUDA_WarpRow,CUDA,2000,6000,6,1,1,1,,75,3,0.000982,0.000000,0.00e+00,146.6090,0.0000
CUDA_Transposed,CUDA,2000,6000,6,1,1,1,,75,1,0.000573,0.054033,0.00e+00,251.1447,94.2361
CUDA_Transposed,CUDA,2000,6000,6,1,1,1,,75,2,0.000575,0.000000,0.00e+00,250.3335,0.0000
CUDA_Transposed,CUDA,2000,6000,6,1,1,1,,75,3,0.000575,0.000000,0.00e+00,250.3925,0.0000
CUDA_Naive,CUDA,2000,6000,8,1,1,1,,75,1,0.000989,0.039144,0.00e+00,194.0616,39.5646
CUDA_Naive,CUDA,2000,6000,8,1,1,1,,75,2,0.001000,0.000000,0.00e+00,192.0829,0.0000
CUDA_Naive,CUDA,2000,6000,8,1,1,1,,75,3,0.000999,0.000000,0.00e+00,192.1248,0.0000
CUDA_Opt2D,CUDA,2000,6000,8,1,1,1,,75,1,0.000989,0.038310,0.00e+00,194.0681,38.7229
CUDA_Opt2D,CUDA,2000,6000,8,1,1,1,,75,2,0.000997,0.000000,0.00e+00,192.5924,0.0000
CUDA_Opt2D,CUDA,2000,6000,8,1,1,1,,75,3,0.000998,0.000000,0.00e+00,192.3101,0.0000
CUDA_Tiled,CUDA,2000,6000,8,1,1,1,,75,1,0.000899,0.038128,0.00e+00,213.6195,42.4207
CUDA_Tiled,CUDA,2000,6000,8,1,1,1,,75,2,0.000904,0.000000,0.00e+00,212.3570,0.0000
CUDA_Tiled,CUDA,2000,6000,8,1,1,1,,75,3,0.000904,0.000000,0.00e+00,212.3149,0.0000
CUDA_WarpRow,CUDA,2000,6000,8,1,1,1,,75,1,0.000974,0.039273,0.00e+00,197.0270,40.3012
CUDA_WarpRow,CUDA,2000,6000,8,1,1,1,,75,2,0.001000,0.000000,0.00e+00,191.9042,0.0000
CUDA_WarpRow,CUDA,2000,6000,8,1,1,1,,75,3,0.000979,0.000000,0.00e+00,196.0754,0.0000
CUDA_Transposed,CUDA,2000,6000,8,1,1,1,,75,1,0.000580,0.039685,0.00e+00,331.0824,68.4320
CUDA_Transposed,CUDA,2000,6000,8,1,1,1,,75,2,0.000577,0.000000,0.00e+00,332.5447,0.0000
CUDA_Transposed,CUDA,2000,6000,8,1,1,1,,75,3,0.000579,0.000000,0.00e+00,331.3642,0.0000
CUDA_Naive,CUDA,2000,6000,20,1,1,1,,75,1,0.001003,0.060681,0.00e+00,478.3691,60.4750
CUDA_Naive,CUDA,2000,6000,20,1,1,1,,75,2,0.001013,0.000000,0.00e+00,473.8193,0.0000
CUDA_Naive,CUDA,2000,6000,20,1,1,1,,75,3,0.001013,0.000000,0.00e+00,474.0435,0.0000
CUDA_Opt2D,CUDA,2000,6000,20,1,1,1,,75,1,0.001011,0.060929,0.00e+00,474.8657,60.2778
CUDA_Opt2D,CUDA,2000,6000,20,1,1,1,,75,2,0.001014,0.000000,0.00e+00,473.5830,0.0000
CUDA_Opt2D,CUDA,2000,6000,20,1,1,1,,75,3,0.001003,0.000000,0.00e+00,478.4572,0.0000
CUDA_Tiled,CUDA,2000,6000,20,1,1,1,,75,1,0.000899,0.063434,0.00e+00,534.0488,70.5767
CUDA_Tiled,CUDA,2000,6000,20,1,1,1,,75,2,0.000906,0.000000,0.00e+00,529.7525,0.0000
CUDA_Tiled,CUDA,2000,6000,20,1,1,1,,75,3,0.000899,0.000000,0.00e+00,533.9299,0.0000
CUDA_WarpRow,CUDA,2000,6000,20,1,1,1,,75,1,0.000990,0.064580,0.00e+00,484.7437,65.2182
CUDA_WarpRow,CUDA,2000,6000,20,1,1,1,,75,2,0.000995,0.000000,0.00e+00,482.6530,0.0000
CUDA_WarpRow,CUDA,2000,6000,20,1,1,1,,75,3,0.000991,0.000000,0.00e+00,484.5675,0.0000
CUDA_Transposed,CUDA,2000,6000,20,1,1,1,,75,1,0.000815,0.061847,0.00e+00,588.7684,75.8621
CUDA_Transposed,CUDA,2000,6000,20,1,1,1,,75,2,0.000815,0.000000,0.00e+00,589.0804,0.0000
CUDA_Transposed,CUDA,2000,6000,20,1,1,1,,75,3,0.000815,0.000000,0.00e+00,588.6933,0.0000
CUDA_Naive,CUDA,2000,6000,32,1,1,1,,75,1,0.000987,0.087451,0.00e+00,777.7485,88.5608
CUDA_Naive,CUDA,2000,6000,32,1,1,1,,75,2,0.000986,0.000000,0.00e+00,778.8836,0.0000
CUDA_Naive,CUDA,2000,6000,32,1,1,1,,75,3,0.000988,0.000000,0.00e+00,777.7038,0.0000
CUDA_Opt2D,CUDA,2000,6000,32,1,1,1,,75,1,0.000996,0.086421,0.00e+00,771.0286,86.7615
CUDA_Opt2D,CUDA,2000,6000,32,1,1,1,,75,2,0.000989,0.000000,0.00e+00,776.1860,0.0000
CUDA_Opt2D,CUDA,2000,6000,32,1,1,1,,75,3,0.000996,0.000000,0.00e+00,771.1787,0.0000
CUDA_Tiled,CUDA,2000,6000,32,1,1,1,,75,1,0.000907,0.085991,0.00e+00,846.7418,94.8080
CUDA_Tiled,CUDA,2000,6000,32,1,1,1,,75,2,0.000907,0.000000,0.00e+00,847.2119,0.0000
CUDA_Tiled,CUDA,2000,6000,32,1,1,1,,75,3,0.000907,0.000000,0.00e+00,846.5399,0.0000
CUDA_WarpRow,CUDA,2000,6000,32,1,1,1,,75,1,0.000977,0.083907,0.00e+00,785.9895,85.8728
CUDA_WarpRow,CUDA,2000,6000,32,1,1,1,,75,2,0.000985,0.000000,0.00e+00,779.6022,0.0000
CUDA_WarpRow,CUDA,2000,6000,32,1,1,1,,75,3,0.000982,0.000000,0.00e+00,781.9261,0.0000
CUDA_Transposed,CUDA,2000,6000,32,1,1,1,,75,1,0.001272,0.083387,0.00e+00,603.6762,65.5453
CUDA_Transposed,CUDA,2000,6000,32,1,1,1,,75,2,0.001282,0.000000,0.00e+00,598.8920,0.0000
CUDA_Transposed,CUDA,2000,6000,32,1,1,1,,75,3,0.001273,0.000000,0.00e+00,603.2577,0.0000
CUDA_Naive,CUDA,2000,6000,64,1,1,1,,75,1,0.001758,0.173607,1.21e-08,873.5759,98.7363
CUDA_Naive,CUDA,2000,6000,64,1,1,1,,75,2,0.001777,0.000000,0.00e+00,864.6046,0.0000
CUDA_Naive,CUDA,2000,6000,64,1,1,1,,75,3,0.001778,0.000000,0.00e+00,863.9925,0.0000
CUDA_Opt2D,CUDA,2000,6000,64,1,1,1,,75,1,0.001760,0.179245,1.21e-08,872.8041,101.8525
CUDA_Opt2D,CUDA,2000,6000,64,1,1,1,,75,2,0.001764,0.000000,0.00e+00,870.6224,0.0000
CUDA_Opt2D,CUDA,2000,6000,64,1,1,1,,75,3,0.001775,0.000000,0.00e+00,865.5045,0.0000
CUDA_Tiled,CUDA,2000,6000,64,1,1,1,,75,1,0.001360,0.178781,1.21e-08,1129.4557,131.4614
CUDA_Tiled,CUDA,2000,6000,64,1,1,1,,75,2,0.001347,0.000000,0.00e+00,1140.0938,0.0000
CUDA_Tiled,CUDA,2000,6000,64,1,1,1,,75,3,0.001346,0.000000,0.00e+00,1141.4149,0.0000
CUDA_WarpRow,CUDA,2000,6000,64,1,1,1,,75,1,0.001955,0.180379,1.21e-08,785.7598,92.2751
CUDA_WarpRow,CUDA,2000,6000,64,1,1,1,,75,2,0.001948,0.000000,0.00e+00,788.5600,0.0000
CUDA_WarpRow,CUDA,2000,6000,64,1,1,1,,75,3,0.001941,0.000000,0.00e+00,791.1569,0.0000
CUDA_Transposed,CUDA,2000,6000,64,1,1,1,,75,1,0.001931,0.191566,1.21e-08,795.5915,99.2241
CUDA_Transposed,CUDA,2000,6000,64,1,1,1,,75,2,0.001936,0.000000,0.00e+00,793.3490,0.0000
CUDA_Transposed,CUDA,2000,6000,64,1,1,1,,75,3,0.001920,0.000000,0.00e+00,799.9057,0.0000
CUDA_Naive,CUDA,2000,6000,128,1,1,1,,75,1,0.003304,0.353887,2.09e-08,929.8176,107.1128
CUDA_Naive,CUDA,2000,6000,128,1,1,1,,75,2,0.003330,0.000000,0.00e+00,922.5856,0.0000
CUDA_Naive,CUDA,2000,6000,128,1,1,1,,75,3,0.003304,0.000000,0.00e+00,929.7212,0.0000
CUDA_Opt2D,CUDA,2000,6000,128,1,1,1,,75,1,0.003313,0.340691,2.09e-08,927.1785,102.8258
CUDA_Opt2D,CUDA,2000,6000,128,1,1,1,,75,2,0.003329,0.000000,0.00e+00,922.7280,0.0000
CUDA_Opt2D,CUDA,2000,6000,128,1,1,1,,75,3,0.003329,0.000000,0.00e+00,922.7214,0.0000
CUDA_Tiled,CUDA,2000,6000,128,1,1,1,,75,1,0.002659,0.341246,2.09e-08,1155.1789,128.3205
CUDA_Tiled,CUDA,2000,6000,128,1,1,1,,75,2,0.002656,0.000000,0.00e+00,1156.4759,0.0000
CUDA_Tiled,CUDA,2000,6000,128,1,1,1,,75,3,0.002686,0.000000,0.00e+00,1143.4992,0.0000
CUDA_WarpRow,CUDA,2000,6000,128,1,1,1,,75,1,0.003837,0.353671,2.09e-08,800.7104,92.1835
CUDA_WarpRow,CUDA,2000,6000,128,1,1,1,,75,2,0.003836,0.000000,0.00e+00,800.9335,0.0000
CUDA_WarpRow,CUDA,2000,6000,128,1,1,1,,75,3,0.003872,0.000000,0.00e+00,793.3535,0.0000
CUDA_Transposed,CUDA,2000,6000,128,1,1,1,,75,1,0.003808,0.346621,2.09e-08,806.6424,91.0155
CUDA_Transposed,CUDA,2000,6000,128,1,1,1,,75,2,0.003828,0.000000,0.00e+00,802.5151,0.0000
CUDA_Transposed,CUDA,2000,6000,128,1,1,1,,75,3,0.003844,0.000000,0.00e+00,799.2639,0.0000
CUDA_Naive,CUDA,2000,2000,3,2,1,2,,75,1,0.000520,0.012899,2.36e-06,46.1651,24.8122
CUDA_Naive,CUDA,2000,2000,3,2,1,2,,75,2,0.000510,0.000000,0.00e+00,47.0285,0.0000
CUDA_Naive,CUDA,2000,2000,3,2,1,2,,75,3,0.000520,0.000000,0.00e+00,46.1203,0.0000
CUDA_Opt2D,CUDA,2000,2000,3,2,1,2,,75,1,0.000521,0.013390,2.36e-06,46.1017,25.7203
CUDA_Opt2D,CUDA,2000,2000,3,2,1,2,,75,2,0.000520,0.000000,0.00e+00,46.1437,0.0000
CUDA_Opt2D,CUDA,2000,2000,3,2,1,2,,75,3,0.000520,0.000000,0.00e+00,46.1419,0.0000
CUDA_Tiled,CUDA,2000,2000,3,2,1,2,,75,1,0.000521,0.012902,2.36e-06,46.0696,24.7667
CUDA_Tiled,CUDA,2000,2000,3,2,1,2,,75,2,0.000519,0.000000,0.00e+00,46.2069,0.0000
CUDA_Tiled,CUDA,2000,2000,3,2,1,2,,75,3,0.000517,0.000000,0.00e+00,46.3845,0.0000
CUDA_WarpRow,CUDA,2000,2000,3,2,1,2,,75,1,0.000469,0.012778,2.36e-06,51.1805,27.2483
CUDA_WarpRow,CUDA,2000,2000,3,2,1,2,,75,2,0.000448,0.000000,0.00e+00,53.5195,0.0000
CUDA_WarpRow,CUDA,2000,2000,3,2,1,2,,75,3,0.000507,0.000000,0.00e+00,47.3006,0.0000
CUDA_Transposed,CUDA,2000,2000,3,2,1,2,,75,1,0.000406,0.013678,2.36e-06,59.1094,33.6865
CUDA_Transposed,CUDA,2000,2000,3,2,1,2,,75,2,0.000407,0.000000,0.00e+00,59.0262,0.0000
CUDA_Transposed,CUDA,2000,2000,3,2,1,2,,75,3,0.000407,0.000000,0.00e+00,59.0096,0.0000
CUDA_Naive,CUDA,2000,2000,6,2,1,2,,75,1,0.000522,0.016679,2.37e-06,91.8950,31.9312
CUDA_Naive,CUDA,2000,2000,6,2,1,2,,75,2,0.000512,0.000000,0.00e+00,93.6607,0.0000
CUDA_Naive,CUDA,2000,2000,6,2,1,2,,75,3,0.000526,0.000000,0.00e+00,91.2118,0.0000
CUDA_Opt2D,CUDA,2000,2000,6,2,1,2,,75,1,0.000526,0.016967,2.37e-06,91.2563,32.2566
CUDA_Opt2D,CUDA,2000,2000,6,2,1,2,,75,2,0.000526,0.000000,0.00e+00,91.2780,0.0000
CUDA_Opt2D,CUDA,2000,2000,6,2,1,2,,75,3,0.000476,0.000000,0.00e+00,100.8245,0.0000
CUDA_Tiled,CUDA,2000,2000,6,2,1,2,,75,1,0.000481,0.016566,2.37e-06,99.7065,34.4106
CUDA_Tiled,CUDA,2000,2000,6,2,1,2,,75,2,0.000501,0.000000,0.00e+00,95.7472,0.0000
CUDA_Tiled,CUDA,2000,2000,6,2,1,2,,75,3,0.000520,0.000000,0.00e+00,92.3671,0.0000
CUDA_WarpRow,CUDA,2000,2000,6,2,1,2,,75,1,0.000520,0.018523,2.37e-06,92.3416,35.6333
CUDA_WarpRow,CUDA,2000,2000,6,2,1,2,,75,2,0.000520,0.000000,0.00e+00,92.2733,0.0000
CUDA_WarpRow,CUDA,2000,2000,6,2,1,2,,75,3,0.000520,0.000000,0.00e+00,92.3265,0.0000
CUDA_Transposed,CUDA,2000,2000,6,2,1,2,,75,1,0.000411,0.018158,2.37e-06,116.8077,44.1879
CUDA_Transposed,CUDA,2000,2000,6,2,1,2,,75,2,0.000411,0.000000,0.00e+00,116.8160,0.0000
CUDA_Transposed,CUDA,2000,2000,6,2,1,2,,75,3,0.000411,0.000000,0.00e+00,116.8644,0.0000
CUDA_Naive,CUDA,2000,2000,8,2,1,2,,75,1,0.000524,0.012947,1.13e-06,122.2347,24.7280
CUDA_Naive,CUDA,2000,2000,8,2,1,2,,75,2,0.000524,0.000000,0.00e+00,122.1948,0.0000
CUDA_Naive,CUDA,2000,2000,8,2,1,2,,75,3,0.000517,0.000000,0.00e+00,123.9033,0.0000
CUDA_Opt2D,CUDA,2000,2000,8,2,1,2,,75,1,0.000512,0.012734,1.13e-06,124.9120,24.8531
CUDA_Opt2D,CUDA,2000,2000,8,2,1,2,,75,2,0.000527,0.000000,0.00e+00,121.3904,0.0000
CUDA_Opt2D,CUDA,2000,2000,8,2,1,2,,75,3,0.000489,0.000000,0.00e+00,130.9446,0.0000
CUDA_Tiled,CUDA,2000,2000,8,2,1,2,,75,1,0.000491,0.012704,1.13e-06,130.2906,25.8630
CUDA_Tiled,CUDA,2000,2000,8,2,1,2,,75,2,0.000502,0.000000,0.00e+00,127.5222,0.0000
CUDA_Tiled,CUDA,2000,2000,8,2,1,2,,75,3,0.000522,0.000000,0.00e+00,122.6572,0.0000
CUDA_WarpRow,CUDA,2000,2000,8,2,1,2,,75,1,0.000521,0.012737,1.13e-06,122.8495,24.4498
CUDA_WarpRow,CUDA,2000,2000,8,2,1,2,,75,2,0.000520,0.000000,0.00e+00,123.0594,0.0000
CUDA_WarpRow,CUDA,2000,2000,8,2,1,2,,75,3,0.000521,0.000000,0.00e+00,122.9190,0.0000
CUDA_Transposed,CUDA,2000,2000,8,2,1,2,,75,1,0.000414,0.013390,1.13e-06,154.5576,32.3354
CUDA_Transposed,CUDA,2000,2000,8,2,1,2,,75,2,0.000414,0.000000,0.00e+00,154.5876,0.0000
CUDA_Transposed,CUDA,2000,2000,8,2,1,2,,75,3,0.000415,0.000000,0.00e+00,154.0674,0.0000
CUDA_Naive,CUDA,2000,2000,20,2,1,2,,75,1,0.000509,0.020339,1.90e-06,314.1095,39.9296
CUDA_Naive,CUDA,2000,2000,20,2,1,2,,75,2,0.000532,0.000000,0.00e+00,300.7880,0.0000
CUDA_Naive,CUDA,2000,2000,20,2,1,2,,75,3,0.000482,0.000000,0.00e+00,332.0223,0.0000
CUDA_Opt2D,CUDA,2000,2000,20,2,1,2,,75,1,0.000517,0.021534,1.90e-06,309.2815,41.6246
CUDA_Opt2D,CUDA,2000,2000,20,2,1,2,,75,2,0.000501,0.000000,0.00e+00,319.1559,0.0000
CUDA_Opt2D,CUDA,2000,2000,20,2,1,2,,75,3,0.000532,0.000000,0.00e+00,300.5219,0.0000
CUDA_Tiled,CUDA,2000,2000,20,2,1,2,,75,1,0.000519,0.021459,1.90e-06,308.1246,41.3249
CUDA_Tiled,CUDA,2000,2000,20,2,1,2,,75,2,0.000510,0.000000,0.00e+00,313.5466,0.0000
CUDA_Tiled,CUDA,2000,2000,20,2,1,2,,75,3,0.000522,0.000000,0.00e+00,306.2849,0.0000
CUDA_WarpRow,CUDA,2000,2000,20,2,1,2,,75,1,0.000530,0.021555,1.90e-06,302.0410,40.6910
CUDA_WarpRow,CUDA,2000,2000,20,2,1,2,,75,2,0.000529,0.000000,0.00e+00,302.3365,0.0000
CUDA_WarpRow,CUDA,2000,2000,20,2,1,2,,75,3,0.000529,0.000000,0.00e+00,302.2702,0.0000
CUDA_Transposed,CUDA,2000,2000,20,2,1,2,,75,1,0.000490,0.020587,1.90e-06,326.8157,42.0503
CUDA_Transposed,CUDA,2000,2000,20,2,1,2,,75,2,0.000490,0.000000,0.00e+00,326.4510,0.0000
CUDA_Transposed,CUDA,2000,2000,20,2,1,2,,75,3,0.000489,0.000000,0.00e+00,326.9897,0.0000
CUDA_Naive,CUDA,2000,2000,32,2,1,2,,75,1,0.000520,0.031265,1.56e-06,492.2877,60.1230
CUDA_Naive,CUDA,2000,2000,32,2,1,2,,75,2,0.000531,0.000000,0.00e+00,482.3927,0.0000
CUDA_Naive,CUDA,2000,2000,32,2,1,2,,75,3,0.000531,0.000000,0.00e+00,481.9103,0.0000
CUDA_Opt2D,CUDA,2000,2000,32,2,1,2,,75,1,0.000520,0.030895,1.56e-06,491.9391,59.3691
CUDA_Opt2D,CUDA,2000,2000,32,2,1,2,,75,2,0.000531,0.000000,0.00e+00,482.5480,0.0000
CUDA_Opt2D,CUDA,2000,2000,32,2,1,2,,75,3,0.000531,0.000000,0.00e+00,482.3569,0.0000
CUDA_Tiled,CUDA,2000,2000,32,2,1,2,,75,1,0.000525,0.029724,1.56e-06,487.6255,56.6181
CUDA_Tiled,CUDA,2000,2000,32,2,1,2,,75,2,0.000511,0.000000,0.00e+00,501.4080,0.0000
CUDA_Tiled,CUDA,2000,2000,32,2,1,2,,75,3,0.000525,0.000000,0.00e+00,487.3783,0.0000
CUDA_WarpRow,CUDA,2000,2000,32,2,1,2,,75,1,0.000530,0.031072,1.56e-06,483.1635,58.6436
CUDA_WarpRow,CUDA,2000,2000,32,2,1,2,,75,2,0.000531,0.000000,0.00e+00,482.1945,0.0000
CUDA_WarpRow,CUDA,2000,2000,32,2,1,2,,75,3,0.000509,0.000000,0.00e+00,502.7934,0.0000
CUDA_Transposed,CUDA,2000,2000,32,2,1,2,,75,1,0.000606,0.029152,1.56e-06,422.7588,48.1409
CUDA_Transposed,CUDA,2000,2000,32,2,1,2,,75,2,0.000647,0.000000,0.00e+00,395.3957,0.0000
CUDA_Transposed,CUDA,2000,2000,32,2,1,2,,75,3,0.000616,0.000000,0.00e+00,415.6977,0.0000
CUDA_Naive,CUDA,2000,2000,64,2,1,2,,75,1,0.000729,0.051947,1.65e-06,702.1586,71.2407
CUDA_Naive,CUDA,2000,2000,64,2,1,2,,75,2,0.000788,0.000000,0.00e+00,649.7150,0.0000
CUDA_Naive,CUDA,2000,2000,64,2,1,2,,75,3,0.000793,0.000000,0.00e+00,646.0216,0.0000
CUDA_Opt2D,CUDA,2000,2000,64,2,1,2,,75,1,0.000787,0.051735,1.65e-06,650.5081,65.7303
CUDA_Opt2D,CUDA,2000,2000,64,2,1,2,,75,2,0.000787,0.000000,0.00e+00,650.3944,0.0000
CUDA_Opt2D,CUDA,2000,2000,64,2,1,2,,75,3,0.000788,0.000000,0.00e+00,650.1330,0.0000
CUDA_Tiled,CUDA,2000,2000,64,2,1,2,,75,1,0.000677,0.055039,1.65e-06,756.1382,81.2836
CUDA_Tiled,CUDA,2000,2000,64,2,1,2,,75,2,0.000675,0.000000,0.00e+00,758.3201,0.0000
CUDA_Tiled,CUDA,2000,2000,64,2,1,2,,75,3,0.000676,0.000000,0.00e+00,757.2449,0.0000
CUDA_WarpRow,CUDA,2000,2000,64,2,1,2,,75,1,0.000825,0.052869,1.65e-06,620.4823,64.0706
CUDA_WarpRow,CUDA,2000,2000,64,2,1,2,,75,2,0.000825,0.000000,0.00e+00,620.5696,0.0000
CUDA_WarpRow,CUDA,2000,2000,64,2,1,2,,75,3,0.000825,0.000000,0.00e+00,620.4449,0.0000
CUDA_Transposed,CUDA,2000,2000,64,2,1,2,,75,1,0.000860,0.051754,1.65e-06,595.1760,60.1621
CUDA_Transposed,CUDA,2000,2000,64,2,1,2,,75,2,0.000860,0.000000,0.00e+00,595.2114,0.0000
CUDA_Transposed,CUDA,2000,2000,64,2,1,2,,75,3,0.000860,0.000000,0.00e+00,595.1781,0.0000
CUDA_Naive,CUDA,2000,2000,128,2,1,2,,75,1,0.001291,0.106794,1.66e-06,793.2290,82.7264
CUDA_Naive,CUDA,2000,2000,128,2,1,2,,75,2,0.001173,0.000000,0.00e+00,872.6693,0.0000
CUDA_Naive,CUDA,2000,2000,128,2,1,2,,75,3,0.001173,0.000000,0.00e+00,872.6287,0.0000
CUDA_Opt2D,CUDA,2000,2000,128,2,1,2,,75,1,0.001216,0.105313,1.66e-06,842.0557,86.6006
CUDA_Opt2D,CUDA,2000,2000,128,2,1,2,,75,2,0.001291,0.000000,0.00e+00,793.4334,0.0000
CUDA_Opt2D,CUDA,2000,2000,128,2,1,2,,75,3,0.001291,0.000000,0.00e+00,792.9558,0.0000
CUDA_Tiled,CUDA,2000,2000,128,2,1,2,,75,1,0.001124,0.106696,1.66e-06,910.9943,94.9215
CUDA_Tiled,CUDA,2000,2000,128,2,1,2,,75,2,0.001086,0.000000,0.00e+00,942.7949,0.0000
CUDA_Tiled,CUDA,2000,2000,128,2,1,2,,75,3,0.001125,0.000000,0.00e+00,910.4236,0.0000
CUDA_WarpRow,CUDA,2000,2000,128,2,1,2,,75,1,0.001434,0.108489,1.66e-06,714.3129,75.6788
CUDA_WarpRow,CUDA,2000,2000,128,2,1,2,,75,2,0.001444,0.000000,0.00e+00,709.0454,0.0000
CUDA_WarpRow,CUDA,2000,2000,128,2,1,2,,75,3,0.001441,0.000000,0.00e+00,710.3933,0.0000
CUDA_Transposed,CUDA,2000,2000,128,2,1,2,,75,1,0.001508,0.105183,1.66e-06,679.2138,69.7674
CUDA_Transposed,CUDA,2000,2000,128,2,1,2,,75,2,0.001497,0.000000,0.00e+00,683.8409,0.0000
CUDA_Transposed,CUDA,2000,2000,128,2,1,2,,75,3,0.001497,0.000000,0.00e+00,684.1785,0.0000
CUDA_Naive,CUDA,2000,4000,3,2,1,2,,75,1,0.000868,0.027102,6.80e-06,55.2825,31.2138
CUDA_Naive,CUDA,2000,4000,3,2,1,2,,75,2,0.000786,0.000000,0.00e+00,61.0899,0.0000
CUDA_Naive,CUDA,2000,4000,3,2,1,2,,75,3,0.000833,0.000000,0.00e+00,57.6464,0.0000
CUDA_Opt2D,CUDA,2000,4000,3,2,1,2,,75,1,0.000839,0.026930,6.80e-06,57.1817,32.0809
CUDA_Opt2D,CUDA,2000,4000,3,2,1,2,,75,2,0.000787,0.000000,0.00e+00,60.9724,0.0000
CUDA_Opt2D,CUDA,2000,4000,3,2,1,2,,75,3,0.000810,0.000000,0.00e+00,59.2538,0.0000
CUDA_Tiled,CUDA,2000,4000,3,2,1,2,,75,1,0.000790,0.025648,6.80e-06,60.7218,32.4460
CUDA_Tiled,CUDA,2000,4000,3,2,1,2,,75,2,0.000821,0.000000,0.00e+00,58.4879,0.0000
CUDA_Tiled,CUDA,2000,4000,3,2,1,2,,75,3,0.000789,0.000000,0.00e+00,60.8626,0.0000
CUDA_WarpRow,CUDA,2000,4000,3,2,1,2,,75,1,0.000806,0.027266,6.80e-06,59.5498,33.8265
CUDA_WarpRow,CUDA,2000,4000,3,2,1,2,,75,2,0.000847,0.000000,0.00e+00,56.6810,0.0000
CUDA_WarpRow,CUDA,2000,4000,3,2,1,2,,75,3,0.000858,0.000000,0.00e+00,55.9357,0.0000
CUDA_Transposed,CUDA,2000,4000,3,2,1,2,,75,1,0.000594,0.025770,6.80e-06,80.8094,43.3854
CUDA_Transposed,CUDA,2000,4000,3,2,1,2,,75,2,0.000591,0.000000,0.00e+00,81.2081,0.0000
CUDA_Transposed,CUDA,2000,4000,3,2,1,2,,75,3,0.000591,0.000000,0.00e+00,81.2241,0.0000
CUDA_Naive,CUDA,2000,4000,6,2,1,2,,75,1,0.000878,0.032925,3.43e-06,109.2855,37.4812
CUDA_Naive,CUDA,2000,4000,6,2,1,2,,75,2,0.000873,0.000000,0.00e+00,109.9644,0.0000
CUDA_Naive,CUDA,2000,4000,6,2,1,2,,75,3,0.000873,0.000000,0.00e+00,109.9875,0.0000
CUDA_Opt2D,CUDA,2000,4000,6,2,1,2,,75,1,0.000873,0.034592,3.43e-06,109.9344,39.6128
CUDA_Opt2D,CUDA,2000,4000,6,2,1,2,,75,2,0.000873,0.000000,0.00e+00,109.9655,0.0000
CUDA_Opt2D,CUDA,2000,4000,6,2,1,2,,75,3,0.000874,0.000000,0.00e+00,109.8959,0.0000
CUDA_Tiled,CUDA,2000,4000,6,2,1,2,,75,1,0.000816,0.033965,3.43e-06,117.6837,41.6373
CUDA_Tiled,CUDA,2000,4000,6,2,1,2,,75,2,0.000816,0.000000,0.00e+00,117.5915,0.0000
CUDA_Tiled,CUDA,2000,4000,6,2,1,2,,75,3,0.000816,0.000000,0.00e+00,117.6495,0.0000
CUDA_WarpRow,CUDA,2000,4000,6,2,1,2,,75,1,0.000859,0.036715,3.43e-06,111.8158,42.7634
CUDA_WarpRow,CUDA,2000,4000,6,2,1,2,,75,2,0.000824,0.000000,0.00e+00,116.4412,0.0000
CUDA_WarpRow,CUDA,2000,4000,6,2,1,2,,75,3,0.000858,0.000000,0.00e+00,111.8372,0.0000
CUDA_Transposed,CUDA,2000,4000,6,2,1,2,,75,1,0.000597,0.037730,3.43e-06,160.6781,63.1505
CUDA_Transposed,CUDA,2000,4000,6,2,1,2,,75,2,0.000556,0.000000,0.00e+00,172.6763,0.0000
CUDA_Transposed,CUDA,2000,4000,6,2,1,2,,75,3,0.000566,0.000000,0.00e+00,169.6111,0.0000
CUDA_Naive,CUDA,2000,4000,8,2,1,2,,75,1,0.000852,0.026945,3.35e-06,150.1484,31.6077
CUDA_Naive,CUDA,2000,4000,8,2,1,2,,75,2,0.000792,0.000000,0.00e+00,161.5543,0.0000
CUDA_Naive,CUDA,2000,4000,8,2,1,2,,75,3,0.000788,0.000000,0.00e+00,162.3377,0.0000
CUDA_Opt2D,CUDA,2000,4000,8,2,1,2,,75,1,0.000780,0.025276,3.35e-06,164.0777,32.4006
CUDA_Opt2D,CUDA,2000,4000,8,2,1,2,,75,2,0.000791,0.000000,0.00e+00,161.7905,0.0000
CUDA_Opt2D,CUDA,2000,4000,8,2,1,2,,75,3,0.000778,0.000000,0.00e+00,164.4263,0.0000
CUDA_Tiled,CUDA,2000,4000,8,2,1,2,,75,1,0.000816,0.025400,3.35e-06,156.9000,31.1343
CUDA_Tiled,CUDA,2000,4000,8,2,1,2,,75,2,0.000724,0.000000,0.00e+00,176.8577,0.0000
CUDA_Tiled,CUDA,2000,4000,8,2,1,2,,75,3,0.000736,0.000000,0.00e+00,173.9383,0.0000
CUDA_WarpRow,CUDA,2000,4000,8,2,1,2,,75,1,0.000858,0.026042,3.35e-06,149.2546,30.3667
CUDA_WarpRow,CUDA,2000,4000,8,2,1,2,,75,2,0.000781,0.000000,0.00e+00,163.9393,0.0000
CUDA_WarpRow,CUDA,2000,4000,8,2,1,2,,75,3,0.000764,0.000000,0.00e+00,167.6232,0.0000
CUDA_Transposed,CUDA,2000,4000,8,2,1,2,,75,1,0.000574,0.026522,3.35e-06,222.9285,46.1907
CUDA_Transposed,CUDA,2000,4000,8,2,1,2,,75,2,0.000562,0.000000,0.00e+00,227.7295,0.0000
CUDA_Transposed,CUDA,2000,4000,8,2,1,2,,75,3,0.000582,0.000000,0.00e+00,219.8623,0.0000
CUDA_Naive,CUDA,2000,4000,20,2,1,2,,75,1,0.000851,0.040549,2.61e-06,375.8804,47.6305
CUDA_Naive,CUDA,2000,4000,20,2,1,2,,75,2,0.000887,0.000000,0.00e+00,360.9073,0.0000
CUDA_Naive,CUDA,2000,4000,20,2,1,2,,75,3,0.000800,0.000000,0.00e+00,399.9013,0.0000
CUDA_Opt2D,CUDA,2000,4000,20,2,1,2,,75,1,0.000816,0.042230,2.61e-06,392.2048,51.7589
CUDA_Opt2D,CUDA,2000,4000,20,2,1,2,,75,2,0.000859,0.000000,0.00e+00,372.7123,0.0000
CUDA_Opt2D,CUDA,2000,4000,20,2,1,2,,75,3,0.000802,0.000000,0.00e+00,399.0504,0.0000
CUDA_Tiled,CUDA,2000,4000,20,2,1,2,,75,1,0.000727,0.043145,2.61e-06,440.3861,59.3767
CUDA_Tiled,CUDA,2000,4000,20,2,1,2,,75,2,0.000823,0.000000,0.00e+00,388.9758,0.0000
CUDA_Tiled,CUDA,2000,4000,20,2,1,2,,75,3,0.000823,0.000000,0.00e+00,388.8319,0.0000
CUDA_WarpRow,CUDA,2000,4000,20,2,1,2,,75,1,0.000876,0.043680,2.61e-06,365.4139,49.8791
CUDA_WarpRow,CUDA,2000,4000,20,2,1,2,,75,2,0.000870,0.000000,0.00e+00,367.9871,0.0000
CUDA_WarpRow,CUDA,2000,4000,20,2,1,2,,75,3,0.000871,0.000000,0.00e+00,367.3406,0.0000
CUDA_Transposed,CUDA,2000,4000,20,2,1,2,,75,1,0.000759,0.042891,2.61e-06,421.4732,56.4925
CUDA_Transposed,CUDA,2000,4000,20,2,1,2,,75,2,0.000760,0.000000,0.00e+00,421.3247,0.0000
CUDA_Transposed,CUDA,2000,4000,20,2,1,2,,75,3,0.000759,0.000000,0.00e+00,421.5281,0.0000
CUDA_Naive,CUDA,2000,4000,32,2,1,2,,75,1,0.000873,0.055970,2.81e-06,586.3474,64.0979
CUDA_Naive,CUDA,2000,4000,32,2,1,2,,75,2,0.000837,0.000000,0.00e+00,611.6625,0.0000
CUDA_Naive,CUDA,2000,4000,32,2,1,2,,75,3,0.000874,0.000000,0.00e+00,586.0440,0.0000
CUDA_Opt2D,CUDA,2000,4000,32,2,1,2,,75,1,0.000874,0.059700,2.81e-06,585.8834,68.3153
CUDA_Opt2D,CUDA,2000,4000,32,2,1,2,,75,2,0.000879,0.000000,0.00e+00,582.7063,0.0000
CUDA_Opt2D,CUDA,2000,4000,32,2,1,2,,75,3,0.000880,0.000000,0.00e+00,582.0742,0.0000
CUDA_Tiled,CUDA,2000,4000,32,2,1,2,,75,1,0.000824,0.058938,2.81e-06,621.3723,71.5279
CUDA_Tiled,CUDA,2000,4000,32,2,1,2,,75,2,0.000818,0.000000,0.00e+00,625.8637,0.0000
CUDA_Tiled,CUDA,2000,4000,32,2,1,2,,75,3,0.000819,0.000000,0.00e+00,625.2096,0.0000
CUDA_WarpRow,CUDA,2000,4000,32,2,1,2,,75,1,0.000865,0.063804,2.81e-06,592.1459,73.7911
CUDA_WarpRow,CUDA,2000,4000,32,2,1,2,,75,2,0.000846,0.000000,0.00e+00,604.8648,0.0000
CUDA_WarpRow,CUDA,2000,4000,32,2,1,2,,75,3,0.000864,0.000000,0.00e+00,592.2869,0.0000
CUDA_Transposed,CUDA,2000,4000,32,2,1,2,,75,1,0.001063,0.059367,2.81e-06,481.7894,55.8643
CUDA_Transposed,CUDA,2000,4000,32,2,1,2,,75,2,0.000970,0.000000,0.00e+00,527.5719,0.0000
CUDA_Transposed,CUDA,2000,4000,32,2,1,2,,75,3,0.000956,0.000000,0.00e+00,535.6519,0.0000
CUDA_Naive,CUDA,2000,4000,64,2,1,2,,75,1,0.001342,0.107955,3.29e-06,763.0503,80.4446
CUDA_Naive,CUDA,2000,4000,64,2,1,2,,75,2,0.001371,0.000000,0.00e+00,747.0845,0.0000
CUDA_Naive,CUDA,2000,4000,64,2,1,2,,75,3,0.001371,0.000000,0.00e+00,747.0599,0.0000
CUDA_Opt2D,CUDA,2000,4000,64,2,1,2,,75,1,0.001370,0.112489,3.29e-06,747.3439,82.0979
CUDA_Opt2D,CUDA,2000,4000,64,2,1,2,,75,2,0.001366,0.000000,0.00e+00,749.6998,0.0000
CUDA_Opt2D,CUDA,2000,4000,64,2,1,2,,75,3,0.001380,0.000000,0.00e+00,742.1016,0.0000
CUDA_Tiled,CUDA,2000,4000,64,2,1,2,,75,1,0.001126,0.106758,3.29e-06,909.7647,94.8484
CUDA_Tiled,CUDA,2000,4000,64,2,1,2,,75,2,0.001037,0.000000,0.00e+00,987.3046,0.0000
CUDA_Tiled,CUDA,2000,4000,64,2,1,2,,75,3,0.001118,0.000000,0.00e+00,915.7971,0.0000
CUDA_WarpRow,CUDA,2000,4000,64,2,1,2,,75,1,0.001495,0.117404,3.29e-06,685.1708,78.5565
CUDA_WarpRow,CUDA,2000,4000,64,2,1,2,,75,2,0.001497,0.000000,0.00e+00,683.9101,0.0000
CUDA_WarpRow,CUDA,2000,4000,64,2,1,2,,75,3,0.001486,0.000000,0.00e+00,688.9020,0.0000
CUDA_Transposed,CUDA,2000,4000,64,2,1,2,,75,1,0.001498,0.112431,3.29e-06,683.3548,75.0298
CUDA_Transposed,CUDA,2000,4000,64,2,1,2,,75,2,0.001376,0.000000,0.00e+00,744.4418,0.0000
CUDA_Transposed,CUDA,2000,4000,64,2,1,2,,75,3,0.001354,0.000000,0.00e+00,756.4998,0.0000
CUDA_Naive,CUDA,2000,4000,128,2,1,2,,75,1,0.002211,0.235717,3.47e-06,926.3738,106.6221
CUDA_Naive,CUDA,2000,4000,128,2,1,2,,75,2,0.002360,0.000000,0.00e+00,867.6136,0.0000
CUDA_Naive,CUDA,2000,4000,128,2,1,2,,75,3,0.002354,0.000000,0.00e+00,870.1038,0.0000
CUDA_Opt2D,CUDA,2000,4000,128,2,1,2,,75,1,0.002350,0.239215,3.47e-06,871.5443,101.8002
CUDA_Opt2D,CUDA,2000,4000,128,2,1,2,,75,2,0.002347,0.000000,0.00e+00,872.4956,0.0000
CUDA_Opt2D,CUDA,2000,4000,128,2,1,2,,75,3,0.002348,0.000000,0.00e+00,872.2903,0.0000
CUDA_Tiled,CUDA,2000,4000,128,2,1,2,,75,1,0.001997,0.233132,3.47e-06,1025.4999,116.7370
CUDA_Tiled,CUDA,2000,4000,128,2,1,2,,75,2,0.001818,0.000000,0.00e+00,1126.8198,0.0000
CUDA_Tiled,CUDA,2000,4000,128,2,1,2,,75,3,0.001818,0.000000,0.00e+00,1126.7474,0.0000
CUDA_WarpRow,CUDA,2000,4000,128,2,1,2,,75,1,0.002502,0.241644,3.47e-06,818.4036,96.5637
CUDA_WarpRow,CUDA,2000,4000,128,2,1,2,,75,2,0.002752,0.000000,0.00e+00,744.1535,0.0000
CUDA_WarpRow,CUDA,2000,4000,128,2,1,2,,75,3,0.002751,0.000000,0.00e+00,744.5854,0.0000
CUDA_Transposed,CUDA,2000,4000,128,2,1,2,,75,1,0.002762,0.234631,3.47e-06,741.4132,84.9406
CUDA_Transposed,CUDA,2000,4000,128,2,1,2,,75,2,0.002607,0.000000,0.00e+00,785.6675,0.0000
CUDA_Transposed,CUDA,2000,4000,128,2,1,2,,75,3,0.002607,0.000000,0.00e+00,785.6681,0.0000
CUDA_Naive,CUDA,4000,2000,3,2,1,2,,75,1,0.000724,0.025598,2.36e-06,66.3004,35.3577
CUDA_Naive,CUDA,4000,2000,3,2,1,2,,75,2,0.000691,0.000000,0.00e+00,69.4815,0.0000
CUDA_Naive,CUDA,4000,2000,3,2,1,2,,75,3,0.000724,0.000000,0.00e+00,66.3089,0.0000
CUDA_Opt2D,CUDA,4000,2000,3,2,1,2,,75,1,0.000706,0.026798,2.36e-06,68.0054,37.9666
CUDA_Opt2D,CUDA,4000,2000,3,2,1,2,,75,2,0.000707,0.000000,0.00e+00,67.8680,0.0000
CUDA_Opt2D,CUDA,4000,2000,3,2,1,2,,75,3,0.000690,0.000000,0.00e+00,69.5427,0.0000
CUDA_Tiled,CUDA,4000,2000,3,2,1,2,,75,1,0.000644,0.027114,2.36e-06,74.5740,42.1253
CUDA_Tiled,CUDA,4000,2000,3,2,1,2,,75,2,0.000627,0.000000,0.00e+00,76.5071,0.0000
CUDA_Tiled,CUDA,4000,2000,3,2,1,2,,75,3,0.000613,0.000000,0.00e+00,78.3373,0.0000
CUDA_WarpRow,CUDA,4000,2000,3,2,1,2,,75,1,0.000743,0.025633,2.36e-06,64.5813,34.4875
CUDA_WarpRow,CUDA,4000,2000,3,2,1,2,,75,2,0.000702,0.000000,0.00e+00,68.4150,0.0000
CUDA_WarpRow,CUDA,4000,2000,3,2,1,2,,75,3,0.000708,0.000000,0.00e+00,67.7749,0.0000
CUDA_Transposed,CUDA,4000,2000,3,2,1,2,,75,1,0.000494,0.025564,2.36e-06,97.1101,51.7190
CUDA_Transposed,CUDA,4000,2000,3,2,1,2,,75,2,0.000457,0.000000,0.00e+00,104.9234,0.0000
CUDA_Transposed,CUDA,4000,2000,3,2,1,2,,75,3,0.000489,0.000000,0.00e+00,98.2363,0.0000
CUDA_Naive,CUDA,4000,2000,6,2,1,2,,75,1,0.000753,0.034938,2.37e-06,127.5428,46.4175
CUDA_Naive,CUDA,4000,2000,6,2,1,2,,75,2,0.000766,0.000000,0.00e+00,125.3248,0.0000
CUDA_Naive,CUDA,4000,2000,6,2,1,2,,75,3,0.000740,0.000000,0.00e+00,129.6668,0.0000
CUDA_Opt2D,CUDA,4000,2000,6,2,1,2,,75,1,0.000704,0.033871,2.37e-06,136.4149,48.1299
CUDA_Opt2D,CUDA,4000,2000,6,2,1,2,,75,2,0.000778,0.000000,0.00e+00,123.3509,0.0000
CUDA_Opt2D,CUDA,4000,2000,6,2,1,2,,75,3,0.000778,0.000000,0.00e+00,123.4360,0.0000
CUDA_Tiled,CUDA,4000,2000,6,2,1,2,,75,1,0.000663,0.034822,2.37e-06,144.7701,52.5125
CUDA_Tiled,CUDA,4000,2000,6,2,1,2,,75,2,0.000677,0.000000,0.00e+00,141.7580,0.0000
CUDA_Tiled,CUDA,4000,2000,6,2,1,2,,75,3,0.000677,0.000000,0.00e+00,141.7261,0.0000
CUDA_WarpRow,CUDA,4000,2000,6,2,1,2,,75,1,0.000768,0.035653,2.37e-06,125.0089,46.4263
CUDA_WarpRow,CUDA,4000,2000,6,2,1,2,,75,2,0.000768,0.000000,0.00e+00,125.0464,0.0000
CUDA_WarpRow,CUDA,4000,2000,6,2,1,2,,75,3,0.000768,0.000000,0.00e+00,124.9856,0.0000
CUDA_Transposed,CUDA,4000,2000,6,2,1,2,,75,1,0.000511,0.036308,2.37e-06,187.8531,71.0472
CUDA_Transposed,CUDA,4000,2000,6,2,1,2,,75,2,0.000511,0.000000,0.00e+00,187.7562,0.0000
CUDA_Transposed,CUDA,4000,2000,6,2,1,2,,75,3,0.000511,0.000000,0.00e+00,187.8560,0.0000
CUDA_Naive,CUDA,4000,2000,8,2,1,2,,75,1,0.000764,0.026468,1.13e-06,167.5940,34.6550
CUDA_Naive,CUDA,4000,2000,8,2,1,2,,75,2,0.000773,0.000000,0.00e+00,165.5673,0.0000
CUDA_Naive,CUDA,4000,2000,8,2,1,2,,75,3,0.000774,0.000000,0.00e+00,165.3255,0.0000
CUDA_Opt2D,CUDA,4000,2000,8,2,1,2,,75,1,0.000774,0.025544,1.13e-06,165.3982,33.0069
CUDA_Opt2D,CUDA,4000,2000,8,2,1,2,,75,2,0.000774,0.000000,0.00e+00,165.3191,0.0000
CUDA_Opt2D,CUDA,4000,2000,8,2,1,2,,75,3,0.000774,0.000000,0.00e+00,165.3464,0.0000
CUDA_Tiled,CUDA,4000,2000,8,2,1,2,,75,1,0.000678,0.026653,1.13e-06,188.8805,39.3306
CUDA_Tiled,CUDA,4000,2000,8,2,1,2,,75,2,0.000658,0.000000,0.00e+00,194.5543,0.0000
CUDA_Tiled,CUDA,4000,2000,8,2,1,2,,75,3,0.000678,0.000000,0.00e+00,188.9073,0.0000
CUDA_WarpRow,CUDA,4000,2000,8,2,1,2,,75,1,0.000758,0.026737,1.13e-06,168.7815,35.2554
CUDA_WarpRow,CUDA,4000,2000,8,2,1,2,,75,2,0.000690,0.000000,0.00e+00,185.5213,0.0000
CUDA_WarpRow,CUDA,4000,2000,8,2,1,2,,75,3,0.000697,0.000000,0.00e+00,183.7413,0.0000
CUDA_Transposed,CUDA,4000,2000,8,2,1,2,,75,1,0.000514,0.026879,1.13e-06,249.1799,52.3252
CUDA_Transposed,CUDA,4000,2000,8,2,1,2,,75,2,0.000465,0.000000,0.00e+00,275.2985,0.0000
CUDA_Transposed,CUDA,4000,2000,8,2,1,2,,75,3,0.000514,0.000000,0.00e+00,249.0760,0.0000
CUDA_Naive,CUDA,4000,2000,20,2,1,2,,75,1,0.000796,0.043205,1.90e-06,402.2604,54.3115
CUDA_Naive,CUDA,4000,2000,20,2,1,2,,75,2,0.000762,0.000000,0.00e+00,419.8146,0.0000
CUDA_Naive,CUDA,4000,2000,20,2,1,2,,75,3,0.000729,0.000000,0.00e+00,438.9395,0.0000
CUDA_Opt2D,CUDA,4000,2000,20,2,1,2,,75,1,0.000763,0.042607,1.90e-06,419.6172,55.8707
CUDA_Opt2D,CUDA,4000,2000,20,2,1,2,,75,2,0.000800,0.000000,0.00e+00,399.8907,0.0000
CUDA_Opt2D,CUDA,4000,2000,20,2,1,2,,75,3,0.000741,0.000000,0.00e+00,431.7035,0.0000
CUDA_Tiled,CUDA,4000,2000,20,2,1,2,,75,1,0.000618,0.041729,1.90e-06,518.1581,67.5690
CUDA_Tiled,CUDA,4000,2000,20,2,1,2,,75,2,0.000683,0.000000,0.00e+00,468.8263,0.0000
CUDA_Tiled,CUDA,4000,2000,20,2,1,2,,75,3,0.000683,0.000000,0.00e+00,468.8382,0.0000
CUDA_WarpRow,CUDA,4000,2000,20,2,1,2,,75,1,0.000795,0.042487,1.90e-06,402.6729,53.4641
CUDA_WarpRow,CUDA,4000,2000,20,2,1,2,,75,2,0.000789,0.000000,0.00e+00,405.7158,0.0000
CUDA_WarpRow,CUDA,4000,2000,20,2,1,2,,75,3,0.000789,0.000000,0.00e+00,405.7423,0.0000
CUDA_Transposed,CUDA,4000,2000,20,2,1,2,,75,1,0.000627,0.042644,1.90e-06,510.6539,68.0509
CUDA_Transposed,CUDA,4000,2000,20,2,1,2,,75,2,0.000626,0.000000,0.00e+00,510.8262,0.0000
CUDA_Transposed,CUDA,4000,2000,20,2,1,2,,75,3,0.000627,0.000000,0.00e+00,510.5412,0.0000
CUDA_Naive,CUDA,4000,2000,32,2,1,2,,75,1,0.000791,0.055997,1.56e-06,647.1014,70.7734
CUDA_Naive,CUDA,4000,2000,32,2,1,2,,75,2,0.000759,0.000000,0.00e+00,674.2691,0.0000
CUDA_Naive,CUDA,4000,2000,32,2,1,2,,75,3,0.000791,0.000000,0.00e+00,647.0343,0.0000
CUDA_Opt2D,CUDA,4000,2000,32,2,1,2,,75,1,0.000791,0.059203,1.56e-06,647.0727,74.8219
CUDA_Opt2D,CUDA,4000,2000,32,2,1,2,,75,2,0.000733,0.000000,0.00e+00,698.8137,0.0000
CUDA_Opt2D,CUDA,4000,2000,32,2,1,2,,75,3,0.000715,0.000000,0.00e+00,716.5037,0.0000
CUDA_Tiled,CUDA,4000,2000,32,2,1,2,,75,1,0.000634,0.058377,1.56e-06,807.9006,92.1153
CUDA_Tiled,CUDA,4000,2000,32,2,1,2,,75,2,0.000683,0.000000,0.00e+00,749.1979,0.0000
CUDA_Tiled,CUDA,4000,2000,32,2,1,2,,75,3,0.000683,0.000000,0.00e+00,749.4969,0.0000
CUDA_WarpRow,CUDA,4000,2000,32,2,1,2,,75,1,0.000791,0.058555,1.56e-06,647.5640,74.0586
CUDA_WarpRow,CUDA,4000,2000,32,2,1,2,,75,2,0.000785,0.000000,0.00e+00,652.3649,0.0000
CUDA_WarpRow,CUDA,4000,2000,32,2,1,2,,75,3,0.000785,0.000000,0.00e+00,652.5752,0.0000
CUDA_Transposed,CUDA,4000,2000,32,2,1,2,,75,1,0.000857,0.059769,1.56e-06,597.6635,69.7688
CUDA_Transposed,CUDA,4000,2000,32,2,1,2,,75,2,0.000856,0.000000,0.00e+00,597.8897,0.0000
CUDA_Transposed,CUDA,4000,2000,32,2,1,2,,75,3,0.000857,0.000000,0.00e+00,597.5387,0.0000
CUDA_Naive,CUDA,4000,2000,64,2,1,2,,75,1,0.001305,0.100023,1.65e-06,784.8907,76.6668
CUDA_Naive,CUDA,4000,2000,64,2,1,2,,75,2,0.001304,0.000000,0.00e+00,785.1245,0.0000
CUDA_Naive,CUDA,4000,2000,64,2,1,2,,75,3,0.001304,0.000000,0.00e+00,785.1492,0.0000
CUDA_Opt2D,CUDA,4000,2000,64,2,1,2,,75,1,0.001305,0.108841,1.65e-06,784.5335,83.3881
CUDA_Opt2D,CUDA,4000,2000,64,2,1,2,,75,2,0.001167,0.000000,0.00e+00,877.8386,0.0000
CUDA_Opt2D,CUDA,4000,2000,64,2,1,2,,75,3,0.001178,0.000000,0.00e+00,869.2809,0.0000
CUDA_Tiled,CUDA,4000,2000,64,2,1,2,,75,1,0.001088,0.109507,1.65e-06,940.8934,100.6194
CUDA_Tiled,CUDA,4000,2000,64,2,1,2,,75,2,0.001125,0.000000,0.00e+00,910.6180,0.0000
CUDA_Tiled,CUDA,4000,2000,64,2,1,2,,75,3,0.001126,0.000000,0.00e+00,909.2907,0.0000
CUDA_WarpRow,CUDA,4000,2000,64,2,1,2,,75,1,0.001330,0.103821,1.65e-06,769.7647,78.0449
CUDA_WarpRow,CUDA,4000,2000,64,2,1,2,,75,2,0.001252,0.000000,0.00e+00,817.7122,0.0000
CUDA_WarpRow,CUDA,4000,2000,64,2,1,2,,75,3,0.001217,0.000000,0.00e+00,841.2066,0.0000
CUDA_Transposed,CUDA,4000,2000,64,2,1,2,,75,1,0.001315,0.107523,1.65e-06,778.9805,81.7950
CUDA_Transposed,CUDA,4000,2000,64,2,1,2,,75,2,0.001488,0.000000,0.00e+00,688.2524,0.0000
CUDA_Transposed,CUDA,4000,2000,64,2,1,2,,75,3,0.001487,0.000000,0.00e+00,688.6560,0.0000
CUDA_Naive,CUDA,4000,2000,128,2,1,2,,75,1,0.002355,0.194787,1.66e-06,869.5524,82.7040
CUDA_Naive,CUDA,4000,2000,128,2,1,2,,75,2,0.002357,0.000000,0.00e+00,868.8943,0.0000
CUDA_Naive,CUDA,4000,2000,128,2,1,2,,75,3,0.002259,0.000000,0.00e+00,906.6652,0.0000
CUDA_Opt2D,CUDA,4000,2000,128,2,1,2,,75,1,0.002159,0.198722,1.66e-06,948.4777,92.0327
CUDA_Opt2D,CUDA,4000,2000,128,2,1,2,,75,2,0.002141,0.000000,0.00e+00,956.6015,0.0000
CUDA_Opt2D,CUDA,4000,2000,128,2,1,2,,75,3,0.002140,0.000000,0.00e+00,956.8850,0.0000
CUDA_Tiled,CUDA,4000,2000,128,2,1,2,,75,1,0.001709,0.208973,1.66e-06,1198.5146,122.2934
CUDA_Tiled,CUDA,4000,2000,128,2,1,2,,75,2,0.001899,0.000000,0.00e+00,1078.2552,0.0000
CUDA_Tiled,CUDA,4000,2000,128,2,1,2,,75,3,0.001899,0.000000,0.00e+00,1078.4831,0.0000
CUDA_WarpRow,CUDA,4000,2000,128,2,1,2,,75,1,0.002478,0.208131,1.66e-06,826.4948,83.9939
CUDA_WarpRow,CUDA,4000,2000,128,2,1,2,,75,2,0.002465,0.000000,0.00e+00,830.6923,0.0000
CUDA_WarpRow,CUDA,4000,2000,128,2,1,2,,75,3,0.002465,0.000000,0.00e+00,830.9837,0.0000
CUDA_Transposed,CUDA,4000,2000,128,2,1,2,,75,1,0.002557,0.195292,1.66e-06,800.9857,76.3798
CUDA_Transposed,CUDA,4000,2000,128,2,1,2,,75,2,0.002556,0.000000,0.00e+00,801.2965,0.0000
CUDA_Transposed,CUDA,4000,2000,128,2,1,2,,75,3,0.002410,0.000000,0.00e+00,849.7724,0.0000
CUDA_Naive,CUDA,6000,2000,3,2,1,2,,75,1,0.000904,0.040098,2.37e-06,79.6269,44.3452
CUDA_Naive,CUDA,6000,2000,3,2,1,2,,75,2,0.001024,0.000000,0.00e+00,70.2870,0.0000
CUDA_Naive,CUDA,6000,2000,3,2,1,2,,75,3,0.001025,0.000000,0.00e+00,70.2766,0.0000
CUDA_Opt2D,CUDA,6000,2000,3,2,1,2,,75,1,0.001024,0.039946,2.37e-06,70.3148,39.0110
CUDA_Opt2D,CUDA,6000,2000,3,2,1,2,,75,2,0.001017,0.000000,0.00e+00,70.7650,0.0000
CUDA_Opt2D,CUDA,6000,2000,3,2,1,2,,75,3,0.001017,0.000000,0.00e+00,70.7926,0.0000
CUDA_Tiled,CUDA,6000,2000,3,2,1,2,,75,1,0.000836,0.039433,2.37e-06,86.1480,47.1815
CUDA_Tiled,CUDA,6000,2000,3,2,1,2,,75,2,0.000800,0.000000,0.00e+00,90.0504,0.0000
CUDA_Tiled,CUDA,6000,2000,3,2,1,2,,75,3,0.000800,0.000000,0.00e+00,89.9941,0.0000
CUDA_WarpRow,CUDA,6000,2000,3,2,1,2,,75,1,0.000976,0.040564,2.37e-06,73.7551,41.5532
CUDA_WarpRow,CUDA,6000,2000,3,2,1,2,,75,2,0.001017,0.000000,0.00e+00,70.7957,0.0000
CUDA_WarpRow,CUDA,6000,2000,3,2,1,2,,75,3,0.001018,0.000000,0.00e+00,70.7585,0.0000
CUDA_Transposed,CUDA,6000,2000,3,2,1,2,,75,1,0.000612,0.040544,2.37e-06,117.5992,66.2211
CUDA_Transposed,CUDA,6000,2000,3,2,1,2,,75,2,0.000619,0.000000,0.00e+00,116.2414,0.0000
CUDA_Transposed,CUDA,6000,2000,3,2,1,2,,75,3,0.000618,0.000000,0.00e+00,116.4201,0.0000
CUDA_Naive,CUDA,6000,2000,6,2,1,2,,75,1,0.001023,0.049995,2.37e-06,140.7032,48.8504
CUDA_Naive,CUDA,6000,2000,6,2,1,2,,75,2,0.000938,0.000000,0.00e+00,153.4922,0.0000
CUDA_Naive,CUDA,6000,2000,6,2,1,2,,75,3,0.000988,0.000000,0.00e+00,145.7891,0.0000
CUDA_Opt2D,CUDA,6000,2000,6,2,1,2,,75,1,0.000996,0.052115,2.37e-06,144.5736,52.3226
CUDA_Opt2D,CUDA,6000,2000,6,2,1,2,,75,2,0.001026,0.000000,0.00e+00,140.3767,0.0000
CUDA_Opt2D,CUDA,6000,2000,6,2,1,2,,75,3,0.001023,0.000000,0.00e+00,140.7428,0.0000
CUDA_Tiled,CUDA,6000,2000,6,2,1,2,,75,1,0.000836,0.051878,2.37e-06,172.3496,62.0909
CUDA_Tiled,CUDA,6000,2000,6,2,1,2,,75,2,0.000836,0.000000,0.00e+00,172.1988,0.0000
CUDA_Tiled,CUDA,6000,2000,6,2,1,2,,75,3,0.000836,0.000000,0.00e+00,172.2707,0.0000
CUDA_WarpRow,CUDA,6000,2000,6,2,1,2,,75,1,0.001016,0.056156,2.37e-06,141.7793,55.2903
CUDA_WarpRow,CUDA,6000,2000,6,2,1,2,,75,2,0.001022,0.000000,0.00e+00,140.8445,0.0000
CUDA_WarpRow,CUDA,6000,2000,6,2,1,2,,75,3,0.001019,0.000000,0.00e+00,141.2462,0.0000
CUDA_Transposed,CUDA,6000,2000,6,2,1,2,,75,1,0.000627,0.055677,2.37e-06,229.6288,88.7856
CUDA_Transposed,CUDA,6000,2000,6,2,1,2,,75,2,0.000608,0.000000,0.00e+00,236.7660,0.0000
CUDA_Transposed,CUDA,6000,2000,6,2,1,2,,75,3,0.000594,0.000000,0.00e+00,242.2642,0.0000
CUDA_Naive,CUDA,6000,2000,8,2,1,2,,75,1,0.000997,0.040112,1.13e-06,192.6679,40.2517
CUDA_Naive,CUDA,6000,2000,8,2,1,2,,75,2,0.001033,0.000000,0.00e+00,185.9182,0.0000
CUDA_Naive,CUDA,6000,2000,8,2,1,2,,75,3,0.001033,0.000000,0.00e+00,185.9421,0.0000
CUDA_Opt2D,CUDA,6000,2000,8,2,1,2,,75,1,0.001032,0.038181,1.13e-06,186.0967,37.0074
CUDA_Opt2D,CUDA,6000,2000,8,2,1,2,,75,2,0.001025,0.000000,0.00e+00,187.3295,0.0000
CUDA_Opt2D,CUDA,6000,2000,8,2,1,2,,75,3,0.001026,0.000000,0.00e+00,187.2068,0.0000
CUDA_Tiled,CUDA,6000,2000,8,2,1,2,,75,1,0.000836,0.038154,1.13e-06,229.7504,45.6560
CUDA_Tiled,CUDA,6000,2000,8,2,1,2,,75,2,0.000835,0.000000,0.00e+00,229.9780,0.0000
CUDA_Tiled,CUDA,6000,2000,8,2,1,2,,75,3,0.000807,0.000000,0.00e+00,238.0126,0.0000
CUDA_WarpRow,CUDA,6000,2000,8,2,1,2,,75,1,0.001008,0.039230,1.13e-06,190.4764,38.9183
CUDA_WarpRow,CUDA,6000,2000,8,2,1,2,,75,2,0.001023,0.000000,0.00e+00,187.6666,0.0000
CUDA_WarpRow,CUDA,6000,2000,8,2,1,2,,75,3,0.001025,0.000000,0.00e+00,187.3474,0.0000
CUDA_Transposed,CUDA,6000,2000,8,2,1,2,,75,1,0.000631,0.039412,1.13e-06,304.3011,62.4642
CUDA_Transposed,CUDA,6000,2000,8,2,1,2,,75,2,0.000628,0.000000,0.00e+00,305.9574,0.0000
CUDA_Transposed,CUDA,6000,2000,8,2,1,2,,75,3,0.000628,0.000000,0.00e+00,305.5269,0.0000
CUDA_Naive,CUDA,6000,2000,20,2,1,2,,75,1,0.001048,0.061728,1.90e-06,458.0226,58.9016
CUDA_Naive,CUDA,6000,2000,20,2,1,2,,75,2,0.000969,0.000000,0.00e+00,495.1656,0.0000
CUDA_Naive,CUDA,6000,2000,20,2,1,2,,75,3,0.000995,0.000000,0.00e+00,482.4719,0.0000
CUDA_Opt2D,CUDA,6000,2000,20,2,1,2,,75,1,0.000985,0.063039,1.90e-06,487.3046,63.9979
CUDA_Opt2D,CUDA,6000,2000,20,2,1,2,,75,2,0.001058,0.000000,0.00e+00,453.4890,0.0000
CUDA_Opt2D,CUDA,6000,2000,20,2,1,2,,75,3,0.001058,0.000000,0.00e+00,453.5895,0.0000
CUDA_Tiled,CUDA,6000,2000,20,2,1,2,,75,1,0.000838,0.063339,1.90e-06,572.7110,75.5723
CUDA_Tiled,CUDA,6000,2000,20,2,1,2,,75,2,0.000787,0.000000,0.00e+00,609.5620,0.0000
CUDA_Tiled,CUDA,6000,2000,20,2,1,2,,75,3,0.000802,0.000000,0.00e+00,598.3747,0.0000
CUDA_WarpRow,CUDA,6000,2000,20,2,1,2,,75,1,0.001006,0.061553,1.90e-06,477.3582,61.2142
CUDA_WarpRow,CUDA,6000,2000,20,2,1,2,,75,2,0.001049,0.000000,0.00e+00,457.5121,0.0000
CUDA_WarpRow,CUDA,6000,2000,20,2,1,2,,75,3,0.001050,0.000000,0.00e+00,457.3576,0.0000
CUDA_Transposed,CUDA,6000,2000,20,2,1,2,,75,1,0.000775,0.061506,1.90e-06,619.5533,79.3882
CUDA_Transposed,CUDA,6000,2000,20,2,1,2,,75,2,0.000775,0.000000,0.00e+00,619.4542,0.0000
CUDA_Transposed,CUDA,6000,2000,20,2,1,2,,75,3,0.000775,0.000000,0.00e+00,619.4398,0.0000
CUDA_Naive,CUDA,6000,2000,32,2,1,2,,75,1,0.001029,0.087959,1.56e-06,746.0390,85.4439
CUDA_Naive,CUDA,6000,2000,32,2,1,2,,75,2,0.001053,0.000000,0.00e+00,729.3853,0.0000
CUDA_Naive,CUDA,6000,2000,32,2,1,2,,75,3,0.001053,0.000000,0.00e+00,729.4492,0.0000
CUDA_Opt2D,CUDA,6000,2000,32,2,1,2,,75,1,0.001053,0.094656,1.56e-06,729.6159,89.9247
CUDA_Opt2D,CUDA,6000,2000,32,2,1,2,,75,2,0.001059,0.000000,0.00e+00,724.8825,0.0000
CUDA_Opt2D,CUDA,6000,2000,32,2,1,2,,75,3,0.001059,0.000000,0.00e+00,725.5066,0.0000
CUDA_Tiled,CUDA,6000,2000,32,2,1,2,,75,1,0.000845,0.084288,1.56e-06,909.3432,99.8000
CUDA_Tiled,CUDA,6000,2000,32,2,1,2,,75,2,0.000839,0.000000,0.00e+00,915.3097,0.0000
CUDA_Tiled,CUDA,6000,2000,32,2,1,2,,75,3,0.000839,0.000000,0.00e+00,915.3106,0.0000
CUDA_WarpRow,CUDA,6000,2000,32,2,1,2,,75,1,0.001044,0.087182,1.56e-06,735.7307,83.5188
CUDA_WarpRow,CUDA,6000,2000,32,2,1,2,,75,2,0.001050,0.000000,0.00e+00,731.4487,0.0000
CUDA_WarpRow,CUDA,6000,2000,32,2,1,2,,75,3,0.001046,0.000000,0.00e+00,734.2541,0.0000
CUDA_Transposed,CUDA,6000,2000,32,2,1,2,,75,1,0.001086,0.093102,1.56e-06,707.4225,85.7581
CUDA_Transposed,CUDA,6000,2000,32,2,1,2,,75,2,0.000991,0.000000,0.00e+00,774.6419,0.0000
CUDA_Transposed,CUDA,6000,2000,32,2,1,2,,75,3,0.001018,0.000000,0.00e+00,754.1479,0.0000
CUDA_Naive,CUDA,6000,2000,64,2,1,2,,75,1,0.001796,0.148169,1.65e-06,855.2529,82.5011
CUDA_Naive,CUDA,6000,2000,64,2,1,2,,75,2,0.001858,0.000000,0.00e+00,826.8543,0.0000
CUDA_Naive,CUDA,6000,2000,64,2,1,2,,75,3,0.001783,0.000000,0.00e+00,861.5539,0.0000
CUDA_Opt2D,CUDA,6000,2000,64,2,1,2,,75,1,0.001752,0.154893,1.65e-06,876.9167,88.4296
CUDA_Opt2D,CUDA,6000,2000,64,2,1,2,,75,2,0.001811,0.000000,0.00e+00,848.2807,0.0000
CUDA_Opt2D,CUDA,6000,2000,64,2,1,2,,75,3,0.001682,0.000000,0.00e+00,913.2743,0.0000
CUDA_Tiled,CUDA,6000,2000,64,2,1,2,,75,1,0.001310,0.153150,1.65e-06,1172.8443,116.9411
CUDA_Tiled,CUDA,6000,2000,64,2,1,2,,75,2,0.001402,0.000000,0.00e+00,1095.3007,0.0000
CUDA_Tiled,CUDA,6000,2000,64,2,1,2,,75,3,0.001382,0.000000,0.00e+00,1111.8060,0.0000
CUDA_WarpRow,CUDA,6000,2000,64,2,1,2,,75,1,0.001789,0.149272,1.65e-06,858.4888,83.4298
CUDA_WarpRow,CUDA,6000,2000,64,2,1,2,,75,2,0.001798,0.000000,0.00e+00,854.3256,0.0000
CUDA_WarpRow,CUDA,6000,2000,64,2,1,2,,75,3,0.001668,0.000000,0.00e+00,921.0140,0.0000
CUDA_Transposed,CUDA,6000,2000,64,2,1,2,,75,1,0.001724,0.150816,1.65e-06,890.7898,87.4643
CUDA_Transposed,CUDA,6000,2000,64,2,1,2,,75,2,0.001889,0.000000,0.00e+00,813.3107,0.0000
CUDA_Transposed,CUDA,6000,2000,64,2,1,2,,75,3,0.001863,0.000000,0.00e+00,824.6236,0.0000
CUDA_Naive,CUDA,6000,2000,128,2,1,2,,75,1,0.003169,0.319592,1.66e-06,969.3717,100.8476
CUDA_Naive,CUDA,6000,2000,128,2,1,2,,75,2,0.003418,0.000000,0.00e+00,898.7131,0.0000
CUDA_Naive,CUDA,6000,2000,128,2,1,2,,75,3,0.003222,0.000000,0.00e+00,953.4096,0.0000
CUDA_Opt2D,CUDA,6000,2000,128,2,1,2,,75,1,0.003094,0.309237,1.66e-06,993.0213,99.9604
CUDA_Opt2D,CUDA,6000,2000,128,2,1,2,,75,2,0.003418,0.000000,0.00e+00,898.7667,0.0000
CUDA_Opt2D,CUDA,6000,2000,128,2,1,2,,75,3,0.003184,0.000000,0.00e+00,964.8178,0.0000
CUDA_Tiled,CUDA,6000,2000,128,2,1,2,,75,1,0.002414,0.317993,1.66e-06,1272.6623,131.7375
CUDA_Tiled,CUDA,6000,2000,128,2,1,2,,75,2,0.002540,0.000000,0.00e+00,1209.5202,0.0000
CUDA_Tiled,CUDA,6000,2000,128,2,1,2,,75,3,0.002376,0.000000,0.00e+00,1292.6675,0.0000
CUDA_WarpRow,CUDA,6000,2000,128,2,1,2,,75,1,0.003167,0.330221,1.66e-06,970.0340,104.2728
CUDA_WarpRow,CUDA,6000,2000,128,2,1,2,,75,2,0.003298,0.000000,0.00e+00,931.5682,0.0000
CUDA_WarpRow,CUDA,6000,2000,128,2,1,2,,75,3,0.003167,0.000000,0.00e+00,970.1357,0.0000
CUDA_Transposed,CUDA,6000,2000,128,2,1,2,,75,1,0.003350,0.316759,1.66e-06,916.9933,94.5528
CUDA_Transposed,CUDA,6000,2000,128,2,1,2,,75,2,0.003389,0.000000,0.00e+00,906.3983,0.0000
CUDA_Transposed,CUDA,6000,2000,128,2,1,2,,75,3,0.003309,0.000000,0.00e+00,928.2737,0.0000
CUDA_Naive,CUDA,4000,4000,3,2,1,2,,75,1,0.001407,0.053289,6.80e-06,68.2240,37.8710
CUDA_Naive,CUDA,4000,4000,3,2,1,2,,75,2,0.001405,0.000000,0.00e+00,68.3395,0.0000
CUDA_Naive,CUDA,4000,4000,3,2,1,2,,75,3,0.001406,0.000000,0.00e+00,68.2781,0.0000
CUDA_Opt2D,CUDA,4000,4000,3,2,1,2,,75,1,0.001406,0.053174,6.80e-06,68.2586,37.8079
CUDA_Opt2D,CUDA,4000,4000,3,2,1,2,,75,2,0.001405,0.000000,0.00e+00,68.3097,0.0000
CUDA_Opt2D,CUDA,4000,4000,3,2,1,2,,75,3,0.001405,0.000000,0.00e+00,68.3191,0.0000
CUDA_Tiled,CUDA,4000,4000,3,2,1,2,,75,1,0.001120,0.051503,6.80e-06,85.7430,46.0003
CUDA_Tiled,CUDA,4000,4000,3,2,1,2,,75,2,0.001019,0.000000,0.00e+00,94.2251,0.0000
CUDA_Tiled,CUDA,4000,4000,3,2,1,2,,75,3,0.001019,0.000000,0.00e+00,94.2450,0.0000
CUDA_WarpRow,CUDA,4000,4000,3,2,1,2,,75,1,0.001265,0.052741,6.80e-06,75.9156,41.7072
CUDA_WarpRow,CUDA,4000,4000,3,2,1,2,,75,2,0.001382,0.000000,0.00e+00,69.4675,0.0000
CUDA_WarpRow,CUDA,4000,4000,3,2,1,2,,75,3,0.001383,0.000000,0.00e+00,69.4325,0.0000
CUDA_Transposed,CUDA,4000,4000,3,2,1,2,,75,1,0.000785,0.053454,6.80e-06,122.3289,68.1148
CUDA_Transposed,CUDA,4000,4000,3,2,1,2,,75,2,0.000788,0.000000,0.00e+00,121.7796,0.0000
CUDA_Transposed,CUDA,4000,4000,3,2,1,2,,75,3,0.000787,0.000000,0.00e+00,122.0351,0.0000
CUDA_Naive,CUDA,4000,4000,6,2,1,2,,75,1,0.001431,0.069739,3.43e-06,134.1639,48.7314
CUDA_Naive,CUDA,4000,4000,6,2,1,2,,75,2,0.001338,0.000000,0.00e+00,143.4756,0.0000
CUDA_Naive,CUDA,4000,4000,6,2,1,2,,75,3,0.001371,0.000000,0.00e+00,140.0282,0.0000
CUDA_Opt2D,CUDA,4000,4000,6,2,1,2,,75,1,0.001317,0.069385,3.43e-06,145.8112,52.6932
CUDA_Opt2D,CUDA,4000,4000,6,2,1,2,,75,2,0.001420,0.000000,0.00e+00,135.1889,0.0000
CUDA_Opt2D,CUDA,4000,4000,6,2,1,2,,75,3,0.001421,0.000000,0.00e+00,135.1589,0.0000
CUDA_Tiled,CUDA,4000,4000,6,2,1,2,,75,1,0.001120,0.068791,3.43e-06,171.4403,61.4251
CUDA_Tiled,CUDA,4000,4000,6,2,1,2,,75,2,0.001122,0.000000,0.00e+00,171.1356,0.0000
CUDA_Tiled,CUDA,4000,4000,6,2,1,2,,75,3,0.001121,0.000000,0.00e+00,171.3059,0.0000
CUDA_WarpRow,CUDA,4000,4000,6,2,1,2,,75,1,0.001394,0.075062,3.43e-06,137.6976,53.8328
CUDA_WarpRow,CUDA,4000,4000,6,2,1,2,,75,2,0.001285,0.000000,0.00e+00,149.4667,0.0000
CUDA_WarpRow,CUDA,4000,4000,6,2,1,2,,75,3,0.001267,0.000000,0.00e+00,151.5247,0.0000
CUDA_Transposed,CUDA,4000,4000,6,2,1,2,,75,1,0.000742,0.073302,3.43e-06,258.7197,98.7745
CUDA_Transposed,CUDA,4000,4000,6,2,1,2,,75,2,0.000799,0.000000,0.00e+00,240.1670,0.0000
CUDA_Transposed,CUDA,4000,4000,6,2,1,2,,75,3,0.000799,0.000000,0.00e+00,240.1981,0.0000
CUDA_Naive,CUDA,4000,4000,8,2,1,2,,75,1,0.001411,0.053126,3.35e-06,181.4075,37.6462
CUDA_Naive,CUDA,4000,4000,8,2,1,2,,75,2,0.001354,0.000000,0.00e+00,189.0530,0.0000
CUDA_Naive,CUDA,4000,4000,8,2,1,2,,75,3,0.001423,0.000000,0.00e+00,179.9554,0.0000
CUDA_Opt2D,CUDA,4000,4000,8,2,1,2,,75,1,0.001411,0.053215,3.35e-06,181.3973,37.7071
CUDA_Opt2D,CUDA,4000,4000,8,2,1,2,,75,2,0.001321,0.000000,0.00e+00,193.7418,0.0000
CUDA_Opt2D,CUDA,4000,4000,8,2,1,2,,75,3,0.001309,0.000000,0.00e+00,195.5874,0.0000
CUDA_Tiled,CUDA,4000,4000,8,2,1,2,,75,1,0.001055,0.050816,3.35e-06,242.7214,48.1804
CUDA_Tiled,CUDA,4000,4000,8,2,1,2,,75,2,0.001120,0.000000,0.00e+00,228.5592,0.0000
CUDA_Tiled,CUDA,4000,4000,8,2,1,2,,75,3,0.001120,0.000000,0.00e+00,228.4907,0.0000
CUDA_WarpRow,CUDA,4000,4000,8,2,1,2,,75,1,0.001391,0.053260,3.35e-06,184.0736,38.2961
CUDA_WarpRow,CUDA,4000,4000,8,2,1,2,,75,2,0.001261,0.000000,0.00e+00,202.9500,0.0000
CUDA_WarpRow,CUDA,4000,4000,8,2,1,2,,75,3,0.001263,0.000000,0.00e+00,202.6861,0.0000
CUDA_Transposed,CUDA,4000,4000,8,2,1,2,,75,1,0.000748,0.053231,3.35e-06,342.0903,71.1314
CUDA_Transposed,CUDA,4000,4000,8,2,1,2,,75,2,0.000802,0.000000,0.00e+00,319.0544,0.0000
CUDA_Transposed,CUDA,4000,4000,8,2,1,2,,75,3,0.000803,0.000000,0.00e+00,318.7283,0.0000
CUDA_Naive,CUDA,4000,4000,20,2,1,2,,75,1,0.001432,0.085458,2.61e-06,446.9189,59.6763
CUDA_Naive,CUDA,4000,4000,20,2,1,2,,75,2,0.001434,0.000000,0.00e+00,446.2632,0.0000
CUDA_Naive,CUDA,4000,4000,20,2,1,2,,75,3,0.001431,0.000000,0.00e+00,447.2447,0.0000
CUDA_Opt2D,CUDA,4000,4000,20,2,1,2,,75,1,0.001430,0.081786,2.61e-06,447.4135,57.1753
CUDA_Opt2D,CUDA,4000,4000,20,2,1,2,,75,2,0.001312,0.000000,0.00e+00,487.6512,0.0000
CUDA_Opt2D,CUDA,4000,4000,20,2,1,2,,75,3,0.001384,0.000000,0.00e+00,462.4574,0.0000
CUDA_Tiled,CUDA,4000,4000,20,2,1,2,,75,1,0.001098,0.081155,2.61e-06,582.6373,73.8807
CUDA_Tiled,CUDA,4000,4000,20,2,1,2,,75,2,0.001122,0.000000,0.00e+00,570.2701,0.0000
CUDA_Tiled,CUDA,4000,4000,20,2,1,2,,75,3,0.001122,0.000000,0.00e+00,570.1751,0.0000
CUDA_WarpRow,CUDA,4000,4000,20,2,1,2,,75,1,0.001409,0.084253,2.61e-06,454.3632,59.8151
CUDA_WarpRow,CUDA,4000,4000,20,2,1,2,,75,2,0.001411,0.000000,0.00e+00,453.6680,0.0000
CUDA_WarpRow,CUDA,4000,4000,20,2,1,2,,75,3,0.001409,0.000000,0.00e+00,454.3358,0.0000
CUDA_Transposed,CUDA,4000,4000,20,2,1,2,,75,1,0.001031,0.086360,2.61e-06,620.8124,83.7713
CUDA_Transposed,CUDA,4000,4000,20,2,1,2,,75,2,0.001035,0.000000,0.00e+00,618.5339,0.0000
CUDA_Transposed,CUDA,4000,4000,20,2,1,2,,75,3,0.001032,0.000000,0.00e+00,619.9778,0.0000
CUDA_Naive,CUDA,4000,4000,32,2,1,2,,75,1,0.001417,0.113538,2.81e-06,722.4966,80.1083
CUDA_Naive,CUDA,4000,4000,32,2,1,2,,75,2,0.001428,0.000000,0.00e+00,717.0130,0.0000
CUDA_Naive,CUDA,4000,4000,32,2,1,2,,75,3,0.001427,0.000000,0.00e+00,717.6853,0.0000
CUDA_Opt2D,CUDA,4000,4000,32,2,1,2,,75,1,0.001419,0.112627,2.81e-06,721.8342,79.3924
CUDA_Opt2D,CUDA,4000,4000,32,2,1,2,,75,2,0.001358,0.000000,0.00e+00,754.0039,0.0000
CUDA_Opt2D,CUDA,4000,4000,32,2,1,2,,75,3,0.001370,0.000000,0.00e+00,747.6587,0.0000
CUDA_Tiled,CUDA,4000,4000,32,2,1,2,,75,1,0.001131,0.125094,2.81e-06,905.0894,110.5672
CUDA_Tiled,CUDA,4000,4000,32,2,1,2,,75,2,0.001031,0.000000,0.00e+00,993.6894,0.0000
CUDA_Tiled,CUDA,4000,4000,32,2,1,2,,75,3,0.001122,0.000000,0.00e+00,912.6154,0.0000
CUDA_WarpRow,CUDA,4000,4000,32,2,1,2,,75,1,0.001407,0.115137,2.81e-06,727.8886,81.8426
CUDA_WarpRow,CUDA,4000,4000,32,2,1,2,,75,2,0.001274,0.000000,0.00e+00,803.8715,0.0000
CUDA_WarpRow,CUDA,4000,4000,32,2,1,2,,75,3,0.001274,0.000000,0.00e+00,803.8306,0.0000
CUDA_Transposed,CUDA,4000,4000,32,2,1,2,,75,1,0.001355,0.112448,2.81e-06,755.5889,82.9731
CUDA_Transposed,CUDA,4000,4000,32,2,1,2,,75,2,0.001490,0.000000,0.00e+00,687.3550,0.0000
CUDA_Transposed,CUDA,4000,4000,32,2,1,2,,75,3,0.001491,0.000000,0.00e+00,686.9988,0.0000
CUDA_Naive,CUDA,4000,4000,64,2,1,2,,75,1,0.002328,0.222710,3.29e-06,879.6000,95.6523
CUDA_Naive,CUDA,4000,4000,64,2,1,2,,75,2,0.002408,0.000000,0.00e+00,850.4066,0.0000
CUDA_Naive,CUDA,4000,4000,64,2,1,2,,75,3,0.002407,0.000000,0.00e+00,850.8319,0.0000
CUDA_Opt2D,CUDA,4000,4000,64,2,1,2,,75,1,0.002407,0.222334,3.29e-06,850.8518,92.3697
CUDA_Opt2D,CUDA,4000,4000,64,2,1,2,,75,2,0.002188,0.000000,0.00e+00,935.8093,0.0000
CUDA_Opt2D,CUDA,4000,4000,64,2,1,2,,75,3,0.002357,0.000000,0.00e+00,869.0579,0.0000
CUDA_Tiled,CUDA,4000,4000,64,2,1,2,,75,1,0.002007,0.209102,3.29e-06,1020.6820,104.2122
CUDA_Tiled,CUDA,4000,4000,64,2,1,2,,75,2,0.001991,0.000000,0.00e+00,1028.6938,0.0000
CUDA_Tiled,CUDA,4000,4000,64,2,1,2,,75,3,0.001995,0.000000,0.00e+00,1026.6047,0.0000
CUDA_WarpRow,CUDA,4000,4000,64,2,1,2,,75,1,0.002572,0.215209,3.29e-06,796.2981,83.6770
CUDA_WarpRow,CUDA,4000,4000,64,2,1,2,,75,2,0.002425,0.000000,0.00e+00,844.3652,0.0000
CUDA_WarpRow,CUDA,4000,4000,64,2,1,2,,75,3,0.002594,0.000000,0.00e+00,789.5148,0.0000
CUDA_Transposed,CUDA,4000,4000,64,2,1,2,,75,1,0.002747,0.230939,3.29e-06,745.4777,84.0625
CUDA_Transposed,CUDA,4000,4000,64,2,1,2,,75,2,0.002747,0.000000,0.00e+00,745.5490,0.0000
CUDA_Transposed,CUDA,4000,4000,64,2,1,2,,75,3,0.002592,0.000000,0.00e+00,790.0779,0.0000
CUDA_Naive,CUDA,4000,4000,128,2,1,2,,75,1,0.004111,0.473495,3.47e-06,996.3792,115.1808
CUDA_Naive,CUDA,4000,4000,128,2,1,2,,75,2,0.004722,0.000000,0.00e+00,867.4526,0.0000
CUDA_Naive,CUDA,4000,4000,128,2,1,2,,75,3,0.004046,0.000000,0.00e+00,1012.3301,0.0000
CUDA_Opt2D,CUDA,4000,4000,128,2,1,2,,75,1,0.004289,0.468560,3.47e-06,954.8929,109.2346
CUDA_Opt2D,CUDA,4000,4000,128,2,1,2,,75,2,0.004303,0.000000,0.00e+00,951.8954,0.0000
CUDA_Opt2D,CUDA,4000,4000,128,2,1,2,,75,3,0.004029,0.000000,0.00e+00,1016.7474,0.0000
CUDA_Tiled,CUDA,4000,4000,128,2,1,2,,75,1,0.003498,0.477136,3.47e-06,1171.0074,136.4087
CUDA_Tiled,CUDA,4000,4000,128,2,1,2,,75,2,0.003209,0.000000,0.00e+00,1276.5727,0.0000
CUDA_Tiled,CUDA,4000,4000,128,2,1,2,,75,3,0.003500,0.000000,0.00e+00,1170.2222,0.0000
CUDA_WarpRow,CUDA,4000,4000,128,2,1,2,,75,1,0.005216,0.460454,3.47e-06,785.2904,88.2789
CUDA_WarpRow,CUDA,4000,4000,128,2,1,2,,75,2,0.005222,0.000000,0.00e+00,784.4131,0.0000
CUDA_WarpRow,CUDA,4000,4000,128,2,1,2,,75,3,0.005216,0.000000,0.00e+00,785.3380,0.0000
CUDA_Transposed,CUDA,4000,4000,128,2,1,2,,75,1,0.005350,0.464293,3.47e-06,765.5778,86.7803
CUDA_Transposed,CUDA,4000,4000,128,2,1,2,,75,2,0.005352,0.000000,0.00e+00,765.3652,0.0000
CUDA_Transposed,CUDA,4000,4000,128,2,1,2,,75,3,0.004780,0.000000,0.00e+00,856.8901,0.0000
CUDA_Naive,CUDA,2000,6000,3,2,1,2,,75,1,0.001131,0.038451,4.53e-06,63.6369,33.9847
CUDA_Naive,CUDA,2000,6000,3,2,1,2,,75,2,0.001143,0.000000,0.00e+00,63.0106,0.0000
CUDA_Naive,CUDA,2000,6000,3,2,1,2,,75,3,0.001142,0.000000,0.00e+00,63.0204,0.0000
CUDA_Opt2D,CUDA,2000,6000,3,2,1,2,,75,1,0.001143,0.039608,4.53e-06,62.9841,34.6485
CUDA_Opt2D,CUDA,2000,6000,3,2,1,2,,75,2,0.001061,0.000000,0.00e+00,67.8685,0.0000
CUDA_Opt2D,CUDA,2000,6000,3,2,1,2,,75,3,0.001120,0.000000,0.00e+00,64.2624,0.0000
CUDA_Tiled,CUDA,2000,6000,3,2,1,2,,75,1,0.001087,0.039394,4.53e-06,66.2073,36.2247
CUDA_Tiled,CUDA,2000,6000,3,2,1,2,,75,2,0.001117,0.000000,0.00e+00,64.4587,0.0000
CUDA_Tiled,CUDA,2000,6000,3,2,1,2,,75,3,0.001117,0.000000,0.00e+00,64.4773,0.0000
CUDA_WarpRow,CUDA,2000,6000,3,2,1,2,,75,1,0.001142,0.039447,4.53e-06,63.0286,34.5315
CUDA_WarpRow,CUDA,2000,6000,3,2,1,2,,75,2,0.001135,0.000000,0.00e+00,63.4602,0.0000
CUDA_WarpRow,CUDA,2000,6000,3,2,1,2,,75,3,0.001135,0.000000,0.00e+00,63.4356,0.0000
CUDA_Transposed,CUDA,2000,6000,3,2,1,2,,75,1,0.000778,0.038483,4.53e-06,92.5038,49.4415
CUDA_Transposed,CUDA,2000,6000,3,2,1,2,,75,2,0.000778,0.000000,0.00e+00,92.5675,0.0000
CUDA_Transposed,CUDA,2000,6000,3,2,1,2,,75,3,0.000778,0.000000,0.00e+00,92.5902,0.0000
CUDA_Naive,CUDA,2000,6000,6,2,1,2,,75,1,0.001148,0.051779,4.42e-06,125.4030,45.0917
CUDA_Naive,CUDA,2000,6000,6,2,1,2,,75,2,0.001126,0.000000,0.00e+00,127.8542,0.0000
CUDA_Naive,CUDA,2000,6000,6,2,1,2,,75,3,0.001074,0.000000,0.00e+00,134.1004,0.0000
CUDA_Opt2D,CUDA,2000,6000,6,2,1,2,,75,1,0.001047,0.052246,4.42e-06,137.4879,49.8833
CUDA_Opt2D,CUDA,2000,6000,6,2,1,2,,75,2,0.001148,0.000000,0.00e+00,125.3973,0.0000
CUDA_Opt2D,CUDA,2000,6000,6,2,1,2,,75,3,0.001149,0.000000,0.00e+00,125.3510,0.0000
CUDA_Tiled,CUDA,2000,6000,6,2,1,2,,75,1,0.001110,0.052575,4.42e-06,129.7689,47.3795
CUDA_Tiled,CUDA,2000,6000,6,2,1,2,,75,2,0.001045,0.000000,0.00e+00,137.7531,0.0000
CUDA_Tiled,CUDA,2000,6000,6,2,1,2,,75,3,0.001080,0.000000,0.00e+00,133.3595,0.0000
CUDA_WarpRow,CUDA,2000,6000,6,2,1,2,,75,1,0.001093,0.053178,4.42e-06,131.7464,48.6533
CUDA_WarpRow,CUDA,2000,6000,6,2,1,2,,75,2,0.001139,0.000000,0.00e+00,126.4558,0.0000
CUDA_WarpRow,CUDA,2000,6000,6,2,1,2,,75,3,0.001140,0.000000,0.00e+00,126.3671,0.0000
CUDA_Transposed,CUDA,2000,6000,6,2,1,2,,75,1,0.000787,0.056503,4.42e-06,182.9231,71.7752
CUDA_Transposed,CUDA,2000,6000,6,2,1,2,,75,2,0.000779,0.000000,0.00e+00,184.8966,0.0000
CUDA_Transposed,CUDA,2000,6000,6,2,1,2,,75,3,0.000787,0.000000,0.00e+00,182.9418,0.0000
CUDA_Naive,CUDA,2000,6000,8,2,1,2,,75,1,0.001149,0.040211,1.49e-06,167.0537,34.9863
CUDA_Naive,CUDA,2000,6000,8,2,1,2,,75,2,0.001158,0.000000,0.00e+00,165.8541,0.0000
CUDA_Naive,CUDA,2000,6000,8,2,1,2,,75,3,0.001108,0.000000,0.00e+00,173.3479,0.0000
CUDA_Opt2D,CUDA,2000,6000,8,2,1,2,,75,1,0.001046,0.040109,1.49e-06,183.5212,38.3382
CUDA_Opt2D,CUDA,2000,6000,8,2,1,2,,75,2,0.001149,0.000000,0.00e+00,167.0950,0.0000
CUDA_Opt2D,CUDA,2000,6000,8,2,1,2,,75,3,0.001149,0.000000,0.00e+00,167.0437,0.0000
CUDA_Tiled,CUDA,2000,6000,8,2,1,2,,75,1,0.001110,0.039483,1.49e-06,173.0164,35.5791
CUDA_Tiled,CUDA,2000,6000,8,2,1,2,,75,2,0.001110,0.000000,0.00e+00,172.9637,0.0000
CUDA_Tiled,CUDA,2000,6000,8,2,1,2,,75,3,0.001110,0.000000,0.00e+00,173.0086,0.0000
CUDA_WarpRow,CUDA,2000,6000,8,2,1,2,,75,1,0.001130,0.040139,1.49e-06,169.9292,35.5254
CUDA_WarpRow,CUDA,2000,6000,8,2,1,2,,75,2,0.001150,0.000000,0.00e+00,167.0287,0.0000
CUDA_WarpRow,CUDA,2000,6000,8,2,1,2,,75,3,0.001147,0.000000,0.00e+00,167.3492,0.0000
CUDA_Transposed,CUDA,2000,6000,8,2,1,2,,75,1,0.000793,0.039172,1.49e-06,242.0107,49.3752
CUDA_Transposed,CUDA,2000,6000,8,2,1,2,,75,2,0.000790,0.000000,0.00e+00,243.1324,0.0000
CUDA_Transposed,CUDA,2000,6000,8,2,1,2,,75,3,0.000791,0.000000,0.00e+00,242.8257,0.0000
CUDA_Naive,CUDA,2000,6000,20,2,1,2,,75,1,0.001166,0.061261,3.59e-06,411.6016,52.5317
CUDA_Naive,CUDA,2000,6000,20,2,1,2,,75,2,0.001055,0.000000,0.00e+00,454.9563,0.0000
CUDA_Naive,CUDA,2000,6000,20,2,1,2,,75,3,0.001070,0.000000,0.00e+00,448.5695,0.0000
CUDA_Opt2D,CUDA,2000,6000,20,2,1,2,,75,1,0.001087,0.063257,3.59e-06,441.6453,58.2023
CUDA_Opt2D,CUDA,2000,6000,20,2,1,2,,75,2,0.001168,0.000000,0.00e+00,411.1213,0.0000
CUDA_Opt2D,CUDA,2000,6000,20,2,1,2,,75,3,0.001168,0.000000,0.00e+00,411.0204,0.0000
CUDA_Tiled,CUDA,2000,6000,20,2,1,2,,75,1,0.001112,0.064513,3.59e-06,431.8476,58.0416
CUDA_Tiled,CUDA,2000,6000,20,2,1,2,,75,2,0.001006,0.000000,0.00e+00,477.1000,0.0000
CUDA_Tiled,CUDA,2000,6000,20,2,1,2,,75,3,0.001066,0.000000,0.00e+00,450.4844,0.0000
CUDA_WarpRow,CUDA,2000,6000,20,2,1,2,,75,1,0.001064,0.064743,3.59e-06,450.9832,60.8291
CUDA_WarpRow,CUDA,2000,6000,20,2,1,2,,75,2,0.001158,0.000000,0.00e+00,414.6067,0.0000
CUDA_WarpRow,CUDA,2000,6000,20,2,1,2,,75,3,0.001157,0.000000,0.00e+00,414.6901,0.0000
CUDA_Transposed,CUDA,2000,6000,20,2,1,2,,75,1,0.001028,0.064482,3.59e-06,466.8474,62.7154
CUDA_Transposed,CUDA,2000,6000,20,2,1,2,,75,2,0.001030,0.000000,0.00e+00,466.0002,0.0000
CUDA_Transposed,CUDA,2000,6000,20,2,1,2,,75,3,0.001028,0.000000,0.00e+00,466.7466,0.0000
CUDA_Naive,CUDA,2000,6000,32,2,1,2,,75,1,0.001157,0.087914,3.14e-06,663.8509,75.9922
CUDA_Naive,CUDA,2000,6000,32,2,1,2,,75,2,0.001157,0.000000,0.00e+00,663.8985,0.0000
CUDA_Naive,CUDA,2000,6000,32,2,1,2,,75,3,0.001147,0.000000,0.00e+00,669.6455,0.0000
CUDA_Opt2D,CUDA,2000,6000,32,2,1,2,,75,1,0.001158,0.089405,3.14e-06,663.4044,77.2288
CUDA_Opt2D,CUDA,2000,6000,32,2,1,2,,75,2,0.001062,0.000000,0.00e+00,723.2344,0.0000
CUDA_Opt2D,CUDA,2000,6000,32,2,1,2,,75,3,0.001053,0.000000,0.00e+00,729.5967,0.0000
CUDA_Tiled,CUDA,2000,6000,32,2,1,2,,75,1,0.001013,0.089602,3.14e-06,758.2275,88.4617
CUDA_Tiled,CUDA,2000,6000,32,2,1,2,,75,2,0.001115,0.000000,0.00e+00,689.0485,0.0000
CUDA_Tiled,CUDA,2000,6000,32,2,1,2,,75,3,0.001118,0.000000,0.00e+00,686.8488,0.0000
CUDA_WarpRow,CUDA,2000,6000,32,2,1,2,,75,1,0.001157,0.085316,3.14e-06,664.0172,73.7645
CUDA_WarpRow,CUDA,2000,6000,32,2,1,2,,75,2,0.001096,0.000000,0.00e+00,700.5341,0.0000
CUDA_WarpRow,CUDA,2000,6000,32,2,1,2,,75,3,0.001086,0.000000,0.00e+00,707.2652,0.0000
CUDA_Transposed,CUDA,2000,6000,32,2,1,2,,75,1,0.001347,0.090138,3.14e-06,570.3393,66.9391
CUDA_Transposed,CUDA,2000,6000,32,2,1,2,,75,2,0.001488,0.000000,0.00e+00,516.0766,0.0000
CUDA_Transposed,CUDA,2000,6000,32,2,1,2,,75,3,0.001486,0.000000,0.00e+00,516.7372,0.0000
CUDA_Naive,CUDA,2000,6000,64,2,1,2,,75,1,0.001923,0.181879,3.72e-06,798.7207,94.5772
CUDA_Naive,CUDA,2000,6000,64,2,1,2,,75,2,0.001922,0.000000,0.00e+00,799.0219,0.0000
CUDA_Naive,CUDA,2000,6000,64,2,1,2,,75,3,0.001858,0.000000,0.00e+00,826.5950,0.0000
CUDA_Opt2D,CUDA,2000,6000,64,2,1,2,,75,1,0.001748,0.177199,3.72e-06,878.8492,101.3875
CUDA_Opt2D,CUDA,2000,6000,64,2,1,2,,75,2,0.001781,0.000000,0.00e+00,862.6063,0.0000
CUDA_Opt2D,CUDA,2000,6000,64,2,1,2,,75,3,0.001747,0.000000,0.00e+00,879.1465,0.0000
CUDA_Tiled,CUDA,2000,6000,64,2,1,2,,75,1,0.001389,0.177373,3.72e-06,1105.8916,127.7052
CUDA_Tiled,CUDA,2000,6000,64,2,1,2,,75,2,0.001432,0.000000,0.00e+00,1072.3465,0.0000
CUDA_Tiled,CUDA,2000,6000,64,2,1,2,,75,3,0.001420,0.000000,0.00e+00,1081.3614,0.0000
CUDA_WarpRow,CUDA,2000,6000,64,2,1,2,,75,1,0.001885,0.180163,3.72e-06,815.0043,95.5951
CUDA_WarpRow,CUDA,2000,6000,64,2,1,2,,75,2,0.002075,0.000000,0.00e+00,740.1870,0.0000
CUDA_WarpRow,CUDA,2000,6000,64,2,1,2,,75,3,0.002090,0.000000,0.00e+00,734.7998,0.0000
CUDA_Transposed,CUDA,2000,6000,64,2,1,2,,75,1,0.002141,0.186833,3.72e-06,717.3206,87.2520
CUDA_Transposed,CUDA,2000,6000,64,2,1,2,,75,2,0.002136,0.000000,0.00e+00,719.0453,0.0000
CUDA_Transposed,CUDA,2000,6000,64,2,1,2,,75,3,0.002136,0.000000,0.00e+00,719.0020,0.0000
CUDA_Naive,CUDA,2000,6000,128,2,1,2,,75,1,0.003436,0.351158,3.33e-06,894.0291,102.1957
CUDA_Naive,CUDA,2000,6000,128,2,1,2,,75,2,0.003438,0.000000,0.00e+00,893.5532,0.0000
CUDA_Naive,CUDA,2000,6000,128,2,1,2,,75,3,0.003076,0.000000,0.00e+00,998.5517,0.0000
CUDA_Opt2D,CUDA,2000,6000,128,2,1,2,,75,1,0.003124,0.359607,3.33e-06,983.2472,115.0984
CUDA_Opt2D,CUDA,2000,6000,128,2,1,2,,75,2,0.003241,0.000000,0.00e+00,947.9405,0.0000
CUDA_Opt2D,CUDA,2000,6000,128,2,1,2,,75,3,0.003447,0.000000,0.00e+00,891.1938,0.0000
CUDA_Tiled,CUDA,2000,6000,128,2,1,2,,75,1,0.002873,0.362307,3.33e-06,1069.4438,126.1287
CUDA_Tiled,CUDA,2000,6000,128,2,1,2,,75,2,0.002866,0.000000,0.00e+00,1071.9787,0.0000
CUDA_Tiled,CUDA,2000,6000,128,2,1,2,,75,3,0.002868,0.000000,0.00e+00,1070.9843,0.0000
CUDA_WarpRow,CUDA,2000,6000,128,2,1,2,,75,1,0.003893,0.344855,3.33e-06,789.1176,88.5843
CUDA_WarpRow,CUDA,2000,6000,128,2,1,2,,75,2,0.003894,0.000000,0.00e+00,788.8294,0.0000
CUDA_WarpRow,CUDA,2000,6000,128,2,1,2,,75,3,0.003659,0.000000,0.00e+00,839.5118,0.0000
CUDA_Transposed,CUDA,2000,6000,128,2,1,2,,75,1,0.003672,0.356866,3.33e-06,836.5679,97.1817
CUDA_Transposed,CUDA,2000,6000,128,2,1,2,,75,2,0.003697,0.000000,0.00e+00,831.0252,0.0000
CUDA_Transposed,CUDA,2000,6000,128,2,1,2,,75,3,0.004040,0.000000,0.00e+00,760.3192,0.0000
CUDA_Naive,CUDA,2000,2000,3,2,2,1,,75,1,0.000553,0.013084,0.00e+00,43.3740,23.6459
CUDA_Naive,CUDA,2000,2000,3,2,2,1,,75,2,0.000553,0.000000,0.00e+00,43.3767,0.0000
CUDA_Naive,CUDA,2000,2000,3,2,2,1,,75,3,0.000557,0.000000,0.00e+00,43.1193,0.0000
CUDA_Opt2D,CUDA,2000,2000,3,2,2,1,,75,1,0.000552,0.013543,0.00e+00,43.4705,24.5307
CUDA_Opt2D,CUDA,2000,2000,3,2,2,1,,75,2,0.000556,0.000000,0.00e+00,43.1623,0.0000
CUDA_Opt2D,CUDA,2000,2000,3,2,2,1,,75,3,0.000534,0.000000,0.00e+00,44.9522,0.0000
CUDA_Tiled,CUDA,2000,2000,3,2,2,1,,75,1,0.000478,0.013681,0.00e+00,50.1636,28.5954
CUDA_Tiled,CUDA,2000,2000,3,2,2,1,,75,2,0.000467,0.000000,0.00e+00,51.3602,0.0000
CUDA_Tiled,CUDA,2000,2000,3,2,2,1,,75,3,0.000521,0.000000,0.00e+00,46.0822,0.0000
CUDA_WarpRow,CUDA,2000,2000,3,2,2,1,,75,1,0.000547,0.012893,0.00e+00,43.8587,23.5614
CUDA_WarpRow,CUDA,2000,2000,3,2,2,1,,75,2,0.000539,0.000000,0.00e+00,44.5427,0.0000
CUDA_WarpRow,CUDA,2000,2000,3,2,2,1,,75,3,0.000548,0.000000,0.00e+00,43.7771,0.0000
CUDA_Transposed,CUDA,2000,2000,3,2,2,1,,75,1,0.000410,0.013463,0.00e+00,58.6027,32.8736
CUDA_Transposed,CUDA,2000,2000,3,2,2,1,,75,2,0.000409,0.000000,0.00e+00,58.6257,0.0000
CUDA_Transposed,CUDA,2000,2000,3,2,2,1,,75,3,0.000410,0.000000,0.00e+00,58.5850,0.0000
CUDA_Naive,CUDA,2000,2000,6,2,2,1,,75,1,0.000556,0.017442,0.00e+00,86.3043,31.3602
CUDA_Naive,CUDA,2000,2000,6,2,2,1,,75,2,0.000544,0.000000,0.00e+00,88.2600,0.0000
CUDA_Naive,CUDA,2000,2000,6,2,2,1,,75,3,0.000554,0.000000,0.00e+00,86.6023,0.0000
CUDA_Opt2D,CUDA,2000,2000,6,2,2,1,,75,1,0.000557,0.017418,0.00e+00,86.2060,31.2813
CUDA_Opt2D,CUDA,2000,2000,6,2,2,1,,75,2,0.000557,0.000000,0.00e+00,86.1695,0.0000
CUDA_Opt2D,CUDA,2000,2000,6,2,2,1,,75,3,0.000517,0.000000,0.00e+00,92.8379,0.0000
CUDA_Tiled,CUDA,2000,2000,6,2,2,1,,75,1,0.000472,0.017251,0.00e+00,101.6761,36.5422
CUDA_Tiled,CUDA,2000,2000,6,2,2,1,,75,2,0.000463,0.000000,0.00e+00,103.6675,0.0000
CUDA_Tiled,CUDA,2000,2000,6,2,2,1,,75,3,0.000510,0.000000,0.00e+00,94.0958,0.0000
CUDA_WarpRow,CUDA,2000,2000,6,2,2,1,,75,1,0.000548,0.018813,0.00e+00,87.5669,34.3207
CUDA_WarpRow,CUDA,2000,2000,6,2,2,1,,75,2,0.000544,0.000000,0.00e+00,88.1770,0.0000
CUDA_WarpRow,CUDA,2000,2000,6,2,2,1,,75,3,0.000548,0.000000,0.00e+00,87.5695,0.0000
CUDA_Transposed,CUDA,2000,2000,6,2,2,1,,75,1,0.000412,0.018560,0.00e+00,116.5696,45.0733
CUDA_Transposed,CUDA,2000,2000,6,2,2,1,,75,2,0.000390,0.000000,0.00e+00,123.0757,0.0000
CUDA_Transposed,CUDA,2000,2000,6,2,2,1,,75,3,0.000412,0.000000,0.00e+00,116.6195,0.0000
CUDA_Naive,CUDA,2000,2000,8,2,2,1,,75,1,0.000553,0.013428,0.00e+00,115.7502,24.2867
CUDA_Naive,CUDA,2000,2000,8,2,2,1,,75,2,0.000553,0.000000,0.00e+00,115.7777,0.0000
CUDA_Naive,CUDA,2000,2000,8,2,2,1,,75,3,0.000552,0.000000,0.00e+00,115.9592,0.0000
CUDA_Opt2D,CUDA,2000,2000,8,2,2,1,,75,1,0.000553,0.013380,0.00e+00,115.6968,24.1885
CUDA_Opt2D,CUDA,2000,2000,8,2,2,1,,75,2,0.000553,0.000000,0.00e+00,115.7640,0.0000
CUDA_Opt2D,CUDA,2000,2000,8,2,2,1,,75,3,0.000554,0.000000,0.00e+00,115.6087,0.0000
CUDA_Tiled,CUDA,2000,2000,8,2,2,1,,75,1,0.000525,0.012774,0.00e+00,121.8453,24.3199
CUDA_Tiled,CUDA,2000,2000,8,2,2,1,,75,2,0.000525,0.000000,0.00e+00,121.7889,0.0000
CUDA_Tiled,CUDA,2000,2000,8,2,2,1,,75,3,0.000525,0.000000,0.00e+00,121.8193,0.0000
CUDA_WarpRow,CUDA,2000,2000,8,2,2,1,,75,1,0.000504,0.013383,0.00e+00,126.9975,26.5565
CUDA_WarpRow,CUDA,2000,2000,8,2,2,1,,75,2,0.000499,0.000000,0.00e+00,128.1785,0.0000
CUDA_WarpRow,CUDA,2000,2000,8,2,2,1,,75,3,0.000516,0.000000,0.00e+00,123.9498,0.0000
CUDA_Transposed,CUDA,2000,2000,8,2,2,1,,75,1,0.000419,0.013284,0.00e+00,152.7578,31.7078
CUDA_Transposed,CUDA,2000,2000,8,2,2,1,,75,2,0.000405,0.000000,0.00e+00,158.1846,0.0000
CUDA_Transposed,CUDA,2000,2000,8,2,2,1,,75,3,0.000420,0.000000,0.00e+00,152.3023,0.0000
CUDA_Naive,CUDA,2000,2000,20,2,2,1,,75,1,0.000560,0.021464,2.79e-08,285.8264,38.3428
CUDA_Naive,CUDA,2000,2000,20,2,2,1,,75,2,0.000560,0.000000,0.00e+00,285.6336,0.0000
CUDA_Naive,CUDA,2000,2000,20,2,2,1,,75,3,0.000550,0.000000,0.00e+00,291.1429,0.0000
CUDA_Opt2D,CUDA,2000,2000,20,2,2,1,,75,1,0.000559,0.021139,2.79e-08,286.1888,37.8110
CUDA_Opt2D,CUDA,2000,2000,20,2,2,1,,75,2,0.000561,0.000000,0.00e+00,285.1028,0.0000
CUDA_Opt2D,CUDA,2000,2000,20,2,2,1,,75,3,0.000560,0.000000,0.00e+00,285.6486,0.0000
CUDA_Tiled,CUDA,2000,2000,20,2,2,1,,75,1,0.000523,0.021096,2.79e-08,306.2186,40.3755
CUDA_Tiled,CUDA,2000,2000,20,2,2,1,,75,2,0.000522,0.000000,0.00e+00,306.3697,0.0000
CUDA_Tiled,CUDA,2000,2000,20,2,2,1,,75,3,0.000513,0.000000,0.00e+00,312.0609,0.0000
CUDA_WarpRow,CUDA,2000,2000,20,2,2,1,,75,1,0.000554,0.021228,2.79e-08,288.8648,38.3260
CUDA_WarpRow,CUDA,2000,2000,20,2,2,1,,75,2,0.000554,0.000000,0.00e+00,288.8336,0.0000
CUDA_WarpRow,CUDA,2000,2000,20,2,2,1,,75,3,0.000554,0.000000,0.00e+00,289.0052,0.0000
CUDA_Transposed,CUDA,2000,2000,20,2,2,1,,75,1,0.000500,0.021309,2.79e-08,319.8832,42.6027
CUDA_Transposed,CUDA,2000,2000,20,2,2,1,,75,2,0.000500,0.000000,0.00e+00,320.0112,0.0000
CUDA_Transposed,CUDA,2000,2000,20,2,2,1,,75,3,0.000500,0.000000,0.00e+00,320.1680,0.0000
CUDA_Naive,CUDA,2000,2000,32,2,2,1,,75,1,0.000550,0.028040,2.56e-08,465.2629,50.9606
CUDA_Naive,CUDA,2000,2000,32,2,2,1,,75,2,0.000557,0.000000,0.00e+00,459.6851,0.0000
CUDA_Naive,CUDA,2000,2000,32,2,2,1,,75,3,0.000562,0.000000,0.00e+00,455.7334,0.0000
CUDA_Opt2D,CUDA,2000,2000,32,2,2,1,,75,1,0.000542,0.029681,2.56e-08,472.3120,54.7612
CUDA_Opt2D,CUDA,2000,2000,32,2,2,1,,75,2,0.000561,0.000000,0.00e+00,456.6871,0.0000
CUDA_Opt2D,CUDA,2000,2000,32,2,2,1,,75,3,0.000542,0.000000,0.00e+00,472.2514,0.0000
CUDA_Tiled,CUDA,2000,2000,32,2,2,1,,75,1,0.000473,0.031752,2.56e-08,541.4466,67.1562
CUDA_Tiled,CUDA,2000,2000,32,2,2,1,,75,2,0.000487,0.000000,0.00e+00,526.0213,0.0000
CUDA_Tiled,CUDA,2000,2000,32,2,2,1,,75,3,0.000484,0.000000,0.00e+00,528.8993,0.0000
CUDA_WarpRow,CUDA,2000,2000,32,2,2,1,,75,1,0.000551,0.028139,2.56e-08,464.5505,51.0627
CUDA_WarpRow,CUDA,2000,2000,32,2,2,1,,75,2,0.000542,0.000000,0.00e+00,472.5573,0.0000
CUDA_WarpRow,CUDA,2000,2000,32,2,2,1,,75,3,0.000551,0.000000,0.00e+00,464.3914,0.0000
CUDA_Transposed,CUDA,2000,2000,32,2,2,1,,75,1,0.000642,0.028945,2.56e-08,398.6635,45.0747
CUDA_Transposed,CUDA,2000,2000,32,2,2,1,,75,2,0.000653,0.000000,0.00e+00,392.0285,0.0000
CUDA_Transposed,CUDA,2000,2000,32,2,2,1,,75,3,0.000653,0.000000,0.00e+00,391.8087,0.0000
CUDA_Naive,CUDA,2000,2000,64,2,2,1,,75,1,0.000848,0.054884,1.28e-08,603.4294,64.6849
CUDA_Naive,CUDA,2000,2000,64,2,2,1,,75,2,0.000847,0.000000,0.00e+00,604.3282,0.0000
CUDA_Naive,CUDA,2000,2000,64,2,2,1,,75,3,0.000849,0.000000,0.00e+00,602.8123,0.0000
CUDA_Opt2D,CUDA,2000,2000,64,2,2,1,,75,1,0.000849,0.053633,1.28e-08,602.9792,63.1629
CUDA_Opt2D,CUDA,2000,2000,64,2,2,1,,75,2,0.000831,0.000000,0.00e+00,616.0850,0.0000
CUDA_Opt2D,CUDA,2000,2000,64,2,2,1,,75,3,0.000849,0.000000,0.00e+00,603.1276,0.0000
CUDA_Tiled,CUDA,2000,2000,64,2,2,1,,75,1,0.000808,0.051644,1.28e-08,633.9001,63.9394
CUDA_Tiled,CUDA,2000,2000,64,2,2,1,,75,2,0.000777,0.000000,0.00e+00,659.2173,0.0000
CUDA_Tiled,CUDA,2000,2000,64,2,2,1,,75,3,0.000806,0.000000,0.00e+00,634.9265,0.0000
CUDA_WarpRow,CUDA,2000,2000,64,2,2,1,,75,1,0.000863,0.055095,1.28e-08,593.0842,63.8203
CUDA_WarpRow,CUDA,2000,2000,64,2,2,1,,75,2,0.000785,0.000000,0.00e+00,652.4600,0.0000
CUDA_WarpRow,CUDA,2000,2000,64,2,2,1,,75,3,0.000813,0.000000,0.00e+00,629.7634,0.0000
CUDA_Transposed,CUDA,2000,2000,64,2,2,1,,75,1,0.001061,0.054385,1.28e-08,482.6406,51.2664
CUDA_Transposed,CUDA,2000,2000,64,2,2,1,,75,2,0.000959,0.000000,0.00e+00,533.7505,0.0000
CUDA_Transposed,CUDA,2000,2000,64,2,2,1,,75,3,0.000958,0.000000,0.00e+00,534.5360,0.0000
CUDA_Naive,CUDA,2000,2000,128,2,2,1,,75,1,0.001311,0.103702,1.57e-08,780.7940,79.0725
CUDA_Naive,CUDA,2000,2000,128,2,2,1,,75,2,0.001339,0.000000,0.00e+00,764.6190,0.0000
CUDA_Naive,CUDA,2000,2000,128,2,2,1,,75,3,0.001339,0.000000,0.00e+00,764.8450,0.0000
CUDA_Opt2D,CUDA,2000,2000,128,2,2,1,,75,1,0.001345,0.100698,1.57e-08,761.4479,74.8791
CUDA_Opt2D,CUDA,2000,2000,128,2,2,1,,75,2,0.001241,0.000000,0.00e+00,825.2309,0.0000
CUDA_Opt2D,CUDA,2000,2000,128,2,2,1,,75,3,0.001304,0.000000,0.00e+00,785.5035,0.0000
CUDA_Tiled,CUDA,2000,2000,128,2,2,1,,75,1,0.001118,0.109617,1.57e-08,916.0612,98.0620
CUDA_Tiled,CUDA,2000,2000,128,2,2,1,,75,2,0.001119,0.000000,0.00e+00,915.0168,0.0000
CUDA_Tiled,CUDA,2000,2000,128,2,2,1,,75,3,0.001119,0.000000,0.00e+00,915.4602,0.0000
CUDA_WarpRow,CUDA,2000,2000,128,2,2,1,,75,1,0.001488,0.110238,1.57e-08,688.1870,74.0863
CUDA_WarpRow,CUDA,2000,2000,128,2,2,1,,75,2,0.001345,0.000000,0.00e+00,761.4787,0.0000
CUDA_WarpRow,CUDA,2000,2000,128,2,2,1,,75,3,0.001366,0.000000,0.00e+00,749.8853,0.0000
CUDA_Transposed,CUDA,2000,2000,128,2,2,1,,75,1,0.001377,0.107751,1.57e-08,743.7210,78.2585
CUDA_Transposed,CUDA,2000,2000,128,2,2,1,,75,2,0.001499,0.000000,0.00e+00,683.0798,0.0000
CUDA_Transposed,CUDA,2000,2000,128,2,2,1,,75,3,0.001499,0.000000,0.00e+00,682.9270,0.0000
CUDA_Naive,CUDA,2000,4000,3,2,2,1,,75,1,0.000899,0.026393,0.00e+00,53.4180,29.3723
CUDA_Naive,CUDA,2000,4000,3,2,2,1,,75,2,0.000887,0.000000,0.00e+00,54.0960,0.0000
CUDA_Naive,CUDA,2000,4000,3,2,2,1,,75,3,0.000897,0.000000,0.00e+00,53.4902,0.0000
CUDA_Opt2D,CUDA,2000,4000,3,2,2,1,,75,1,0.000888,0.027030,0.00e+00,54.0638,30.4449
CUDA_Opt2D,CUDA,2000,4000,3,2,2,1,,75,2,0.000897,0.000000,0.00e+00,53.5300,0.0000
CUDA_Opt2D,CUDA,2000,4000,3,2,2,1,,75,3,0.000898,0.000000,0.00e+00,53.4427,0.0000
CUDA_Tiled,CUDA,2000,4000,3,2,2,1,,75,1,0.000806,0.025559,0.00e+00,59.5528,31.7107
CUDA_Tiled,CUDA,2000,4000,3,2,2,1,,75,2,0.000816,0.000000,0.00e+00,58.8231,0.0000
CUDA_Tiled,CUDA,2000,4000,3,2,2,1,,75,3,0.000815,0.000000,0.00e+00,58.8671,0.0000
CUDA_WarpRow,CUDA,2000,4000,3,2,2,1,,75,1,0.000884,0.025568,0.00e+00,54.3272,28.9379
CUDA_WarpRow,CUDA,2000,4000,3,2,2,1,,75,2,0.000854,0.000000,0.00e+00,56.1995,0.0000
CUDA_WarpRow,CUDA,2000,4000,3,2,2,1,,75,3,0.000860,0.000000,0.00e+00,55.7946,0.0000
CUDA_Transposed,CUDA,2000,4000,3,2,2,1,,75,1,0.000566,0.026176,0.00e+00,84.7501,46.2163
CUDA_Transposed,CUDA,2000,4000,3,2,2,1,,75,2,0.000558,0.000000,0.00e+00,86.0222,0.0000
CUDA_Transposed,CUDA,2000,4000,3,2,2,1,,75,3,0.000563,0.000000,0.00e+00,85.3274,0.0000
CUDA_Naive,CUDA,2000,4000,6,2,2,1,,75,1,0.000898,0.035079,0.00e+00,106.8806,39.0554
CUDA_Naive,CUDA,2000,4000,6,2,2,1,,75,2,0.000825,0.000000,0.00e+00,116.4192,0.0000
CUDA_Naive,CUDA,2000,4000,6,2,2,1,,75,3,0.000831,0.000000,0.00e+00,115.4969,0.0000
CUDA_Opt2D,CUDA,2000,4000,6,2,2,1,,75,1,0.000836,0.034879,0.00e+00,114.8034,41.7103
CUDA_Opt2D,CUDA,2000,4000,6,2,2,1,,75,2,0.000867,0.000000,0.00e+00,110.6724,0.0000
CUDA_Opt2D,CUDA,2000,4000,6,2,2,1,,75,3,0.000813,0.000000,0.00e+00,118.0451,0.0000
CUDA_Tiled,CUDA,2000,4000,6,2,2,1,,75,1,0.000769,0.032942,0.00e+00,124.7944,42.8223
CUDA_Tiled,CUDA,2000,4000,6,2,2,1,,75,2,0.000783,0.000000,0.00e+00,122.5968,0.0000
CUDA_Tiled,CUDA,2000,4000,6,2,2,1,,75,3,0.000735,0.000000,0.00e+00,130.6709,0.0000
CUDA_WarpRow,CUDA,2000,4000,6,2,2,1,,75,1,0.000824,0.036964,0.00e+00,116.4519,44.8390
CUDA_WarpRow,CUDA,2000,4000,6,2,2,1,,75,2,0.000884,0.000000,0.00e+00,108.6027,0.0000
CUDA_WarpRow,CUDA,2000,4000,6,2,2,1,,75,3,0.000812,0.000000,0.00e+00,118.1544,0.0000
CUDA_Transposed,CUDA,2000,4000,6,2,2,1,,75,1,0.000552,0.036813,0.00e+00,173.8264,66.6566
CUDA_Transposed,CUDA,2000,4000,6,2,2,1,,75,2,0.000603,0.000000,0.00e+00,159.3170,0.0000
CUDA_Transposed,CUDA,2000,4000,6,2,2,1,,75,3,0.000603,0.000000,0.00e+00,159.2614,0.0000
CUDA_Naive,CUDA,2000,4000,8,2,2,1,,75,1,0.000827,0.025448,0.00e+00,154.8293,30.7817
CUDA_Naive,CUDA,2000,4000,8,2,2,1,,75,2,0.000898,0.000000,0.00e+00,142.5057,0.0000
CUDA_Naive,CUDA,2000,4000,8,2,2,1,,75,3,0.000892,0.000000,0.00e+00,143.4851,0.0000
CUDA_Opt2D,CUDA,2000,4000,8,2,2,1,,75,1,0.000828,0.026221,0.00e+00,154.6404,31.6781
CUDA_Opt2D,CUDA,2000,4000,8,2,2,1,,75,2,0.000898,0.000000,0.00e+00,142.5093,0.0000
CUDA_Opt2D,CUDA,2000,4000,8,2,2,1,,75,3,0.000899,0.000000,0.00e+00,142.3508,0.0000
CUDA_Tiled,CUDA,2000,4000,8,2,2,1,,75,1,0.000824,0.026258,0.00e+00,155.4179,31.8820
CUDA_Tiled,CUDA,2000,4000,8,2,2,1,,75,2,0.000817,0.000000,0.00e+00,156.6852,0.0000
CUDA_Tiled,CUDA,2000,4000,8,2,2,1,,75,3,0.000820,0.000000,0.00e+00,156.1591,0.0000
CUDA_WarpRow,CUDA,2000,4000,8,2,2,1,,75,1,0.000880,0.026808,0.00e+00,145.4049,30.4533
CUDA_WarpRow,CUDA,2000,4000,8,2,2,1,,75,2,0.000879,0.000000,0.00e+00,145.5786,0.0000
CUDA_WarpRow,CUDA,2000,4000,8,2,2,1,,75,3,0.000869,0.000000,0.00e+00,147.3508,0.0000
CUDA_Transposed,CUDA,2000,4000,8,2,2,1,,75,1,0.000628,0.025511,0.00e+00,203.8639,40.6309
CUDA_Transposed,CUDA,2000,4000,8,2,2,1,,75,2,0.000626,0.000000,0.00e+00,204.5685,0.0000
CUDA_Transposed,CUDA,2000,4000,8,2,2,1,,75,3,0.000625,0.000000,0.00e+00,204.8019,0.0000
CUDA_Naive,CUDA,2000,4000,20,2,2,1,,75,1,0.000903,0.042844,1.61e-08,354.3995,47.4500
CUDA_Naive,CUDA,2000,4000,20,2,2,1,,75,2,0.000851,0.000000,0.00e+00,376.0426,0.0000
CUDA_Naive,CUDA,2000,4000,20,2,2,1,,75,3,0.000872,0.000000,0.00e+00,366.7956,0.0000
CUDA_Opt2D,CUDA,2000,4000,20,2,2,1,,75,1,0.000865,0.042876,1.61e-08,369.9406,49.5673
CUDA_Opt2D,CUDA,2000,4000,20,2,2,1,,75,2,0.000909,0.000000,0.00e+00,351.9518,0.0000
CUDA_Opt2D,CUDA,2000,4000,20,2,2,1,,75,3,0.000898,0.000000,0.00e+00,356.2218,0.0000
CUDA_Tiled,CUDA,2000,4000,20,2,2,1,,75,1,0.000824,0.042461,1.61e-08,388.4373,51.5422
CUDA_Tiled,CUDA,2000,4000,20,2,2,1,,75,2,0.000817,0.000000,0.00e+00,391.4424,0.0000
CUDA_Tiled,CUDA,2000,4000,20,2,2,1,,75,3,0.000818,0.000000,0.00e+00,391.0570,0.0000
CUDA_WarpRow,CUDA,2000,4000,20,2,2,1,,75,1,0.000889,0.041244,1.61e-08,359.9680,46.3950
CUDA_WarpRow,CUDA,2000,4000,20,2,2,1,,75,2,0.000890,0.000000,0.00e+00,359.7272,0.0000
CUDA_WarpRow,CUDA,2000,4000,20,2,2,1,,75,3,0.000890,0.000000,0.00e+00,359.7305,0.0000
CUDA_Transposed,CUDA,2000,4000,20,2,2,1,,75,1,0.000778,0.042787,1.61e-08,411.3049,54.9955
CUDA_Transposed,CUDA,2000,4000,20,2,2,1,,75,2,0.000742,0.000000,0.00e+00,431.1784,0.0000
CUDA_Transposed,CUDA,2000,4000,20,2,2,1,,75,3,0.000778,0.000000,0.00e+00,411.4206,0.0000
CUDA_Naive,CUDA,2000,4000,32,2,2,1,,75,1,0.000897,0.057805,1.81e-08,571.0465,64.4712
CUDA_Naive,CUDA,2000,4000,32,2,2,1,,75,2,0.000901,0.000000,0.00e+00,568.2123,0.0000
CUDA_Naive,CUDA,2000,4000,32,2,2,1,,75,3,0.000894,0.000000,0.00e+00,572.7513,0.0000
CUDA_Opt2D,CUDA,2000,4000,32,2,2,1,,75,1,0.000815,0.058710,1.81e-08,628.4198,72.0590
CUDA_Opt2D,CUDA,2000,4000,32,2,2,1,,75,2,0.000897,0.000000,0.00e+00,570.8202,0.0000
CUDA_Opt2D,CUDA,2000,4000,32,2,2,1,,75,3,0.000895,0.000000,0.00e+00,571.8009,0.0000
CUDA_Tiled,CUDA,2000,4000,32,2,2,1,,75,1,0.000818,0.059642,1.81e-08,626.2219,72.9481
CUDA_Tiled,CUDA,2000,4000,32,2,2,1,,75,2,0.000818,0.000000,0.00e+00,626.0027,0.0000
CUDA_Tiled,CUDA,2000,4000,32,2,2,1,,75,3,0.000818,0.000000,0.00e+00,625.7961,0.0000
CUDA_WarpRow,CUDA,2000,4000,32,2,2,1,,75,1,0.000884,0.062428,1.81e-08,579.0035,70.5973
CUDA_WarpRow,CUDA,2000,4000,32,2,2,1,,75,2,0.000802,0.000000,0.00e+00,638.0759,0.0000
CUDA_WarpRow,CUDA,2000,4000,32,2,2,1,,75,3,0.000825,0.000000,0.00e+00,620.9075,0.0000
CUDA_Transposed,CUDA,2000,4000,32,2,2,1,,75,1,0.001040,0.064101,1.81e-08,492.3017,61.6350
CUDA_Transposed,CUDA,2000,4000,32,2,2,1,,75,2,0.001091,0.000000,0.00e+00,469.4744,0.0000
CUDA_Transposed,CUDA,2000,4000,32,2,2,1,,75,3,0.001095,0.000000,0.00e+00,467.4671,0.0000
CUDA_Naive,CUDA,2000,4000,64,2,2,1,,75,1,0.001497,0.114192,0.00e+00,684.1211,76.2899
CUDA_Naive,CUDA,2000,4000,64,2,2,1,,75,2,0.001439,0.000000,0.00e+00,711.7115,0.0000
CUDA_Naive,CUDA,2000,4000,64,2,2,1,,75,3,0.001450,0.000000,0.00e+00,706.1108,0.0000
CUDA_Opt2D,CUDA,2000,4000,64,2,2,1,,75,1,0.001448,0.114029,0.00e+00,707.2002,78.7515
CUDA_Opt2D,CUDA,2000,4000,64,2,2,1,,75,2,0.001487,0.000000,0.00e+00,688.4374,0.0000
CUDA_Opt2D,CUDA,2000,4000,64,2,2,1,,75,3,0.001486,0.000000,0.00e+00,688.9788,0.0000
CUDA_Tiled,CUDA,2000,4000,64,2,2,1,,75,1,0.001364,0.114448,0.00e+00,750.5870,83.8896
CUDA_Tiled,CUDA,2000,4000,64,2,2,1,,75,2,0.001369,0.000000,0.00e+00,748.1685,0.0000
CUDA_Tiled,CUDA,2000,4000,64,2,2,1,,75,3,0.001383,0.000000,0.00e+00,740.3596,0.0000
CUDA_WarpRow,CUDA,2000,4000,64,2,2,1,,75,1,0.001540,0.114219,0.00e+00,665.1213,74.1889
CUDA_WarpRow,CUDA,2000,4000,64,2,2,1,,75,2,0.001551,0.000000,0.00e+00,660.3108,0.0000
CUDA_WarpRow,CUDA,2000,4000,64,2,2,1,,75,3,0.001547,0.000000,0.00e+00,661.9106,0.0000
CUDA_Transposed,CUDA,2000,4000,64,2,2,1,,75,1,0.001916,0.113045,0.00e+00,534.4400,59.0000
CUDA_Transposed,CUDA,2000,4000,64,2,2,1,,75,2,0.001754,0.000000,0.00e+00,583.8132,0.0000
CUDA_Transposed,CUDA,2000,4000,64,2,2,1,,75,3,0.001835,0.000000,0.00e+00,558.0379,0.0000
CUDA_Naive,CUDA,2000,4000,128,2,2,1,,75,1,0.002331,0.242666,1.28e-08,878.6137,104.1064
CUDA_Naive,CUDA,2000,4000,128,2,2,1,,75,2,0.002501,0.000000,0.00e+00,818.9847,0.0000
CUDA_Naive,CUDA,2000,4000,128,2,2,1,,75,3,0.002498,0.000000,0.00e+00,819.7637,0.0000
CUDA_Opt2D,CUDA,2000,4000,128,2,2,1,,75,1,0.002499,0.233230,1.28e-08,819.3958,93.3144
CUDA_Opt2D,CUDA,2000,4000,128,2,2,1,,75,2,0.002450,0.000000,0.00e+00,836.0479,0.0000
CUDA_Opt2D,CUDA,2000,4000,128,2,2,1,,75,3,0.002241,0.000000,0.00e+00,913.9590,0.0000
CUDA_Tiled,CUDA,2000,4000,128,2,2,1,,75,1,0.001867,0.235962,1.28e-08,1096.8901,126.3789
CUDA_Tiled,CUDA,2000,4000,128,2,2,1,,75,2,0.002017,0.000000,0.00e+00,1015.3743,0.0000
CUDA_Tiled,CUDA,2000,4000,128,2,2,1,,75,3,0.002008,0.000000,0.00e+00,1019.7835,0.0000
CUDA_WarpRow,CUDA,2000,4000,128,2,2,1,,75,1,0.002846,0.235887,1.28e-08,719.6552,82.8893
CUDA_WarpRow,CUDA,2000,4000,128,2,2,1,,75,2,0.002843,0.000000,0.00e+00,720.3905,0.0000
CUDA_WarpRow,CUDA,2000,4000,128,2,2,1,,75,3,0.002834,0.000000,0.00e+00,722.7713,0.0000
CUDA_Transposed,CUDA,2000,4000,128,2,2,1,,75,1,0.002714,0.244563,1.28e-08,754.7260,90.1261
CUDA_Transposed,CUDA,2000,4000,128,2,2,1,,75,2,0.002772,0.000000,0.00e+00,738.8603,0.0000
CUDA_Transposed,CUDA,2000,4000,128,2,2,1,,75,3,0.002773,0.000000,0.00e+00,738.6679,0.0000
CUDA_Naive,CUDA,4000,2000,3,2,2,1,,75,1,0.000868,0.027075,0.00e+00,55.2709,31.1761
CUDA_Naive,CUDA,4000,2000,3,2,2,1,,75,2,0.000869,0.000000,0.00e+00,55.2660,0.0000
CUDA_Naive,CUDA,4000,2000,3,2,2,1,,75,3,0.000867,0.000000,0.00e+00,55.3501,0.0000
CUDA_Opt2D,CUDA,4000,2000,3,2,2,1,,75,1,0.000868,0.026503,0.00e+00,55.2851,30.5250
CUDA_Opt2D,CUDA,4000,2000,3,2,2,1,,75,2,0.000867,0.000000,0.00e+00,55.3625,0.0000
CUDA_Opt2D,CUDA,4000,2000,3,2,2,1,,75,3,0.000867,0.000000,0.00e+00,55.3764,0.0000
CUDA_Tiled,CUDA,4000,2000,3,2,2,1,,75,1,0.000815,0.025601,0.00e+00,58.8713,31.3993
CUDA_Tiled,CUDA,4000,2000,3,2,2,1,,75,2,0.000788,0.000000,0.00e+00,60.9465,0.0000
CUDA_Tiled,CUDA,4000,2000,3,2,2,1,,75,3,0.000787,0.000000,0.00e+00,60.9658,0.0000
CUDA_WarpRow,CUDA,4000,2000,3,2,2,1,,75,1,0.000825,0.026585,0.00e+00,58.1518,32.2072
CUDA_WarpRow,CUDA,4000,2000,3,2,2,1,,75,2,0.000777,0.000000,0.00e+00,61.7845,0.0000
CUDA_WarpRow,CUDA,4000,2000,3,2,2,1,,75,3,0.000768,0.000000,0.00e+00,62.5362,0.0000
CUDA_Transposed,CUDA,4000,2000,3,2,2,1,,75,1,0.000582,0.026231,0.00e+00,82.5299,45.1003
CUDA_Transposed,CUDA,4000,2000,3,2,2,1,,75,2,0.000550,0.000000,0.00e+00,87.3248,0.0000
CUDA_Transposed,CUDA,4000,2000,3,2,2,1,,75,3,0.000560,0.000000,0.00e+00,85.7405,0.0000
CUDA_Naive,CUDA,4000,2000,6,2,2,1,,75,1,0.000874,0.033259,0.00e+00,109.8740,38.0653
CUDA_Naive,CUDA,4000,2000,6,2,2,1,,75,2,0.000801,0.000000,0.00e+00,119.8015,0.0000
CUDA_Naive,CUDA,4000,2000,6,2,2,1,,75,3,0.000837,0.000000,0.00e+00,114.7494,0.0000
CUDA_Opt2D,CUDA,4000,2000,6,2,2,1,,75,1,0.000843,0.034359,0.00e+00,113.8474,40.7461
CUDA_Opt2D,CUDA,4000,2000,6,2,2,1,,75,2,0.000828,0.000000,0.00e+00,115.9654,0.0000
CUDA_Opt2D,CUDA,4000,2000,6,2,2,1,,75,3,0.000801,0.000000,0.00e+00,119.8574,0.0000
CUDA_Tiled,CUDA,4000,2000,6,2,2,1,,75,1,0.000743,0.034164,0.00e+00,129.1867,45.9740
CUDA_Tiled,CUDA,4000,2000,6,2,2,1,,75,2,0.000821,0.000000,0.00e+00,116.8633,0.0000
CUDA_Tiled,CUDA,4000,2000,6,2,2,1,,75,3,0.000800,0.000000,0.00e+00,119.9767,0.0000
CUDA_WarpRow,CUDA,4000,2000,6,2,2,1,,75,1,0.000788,0.037447,0.00e+00,121.7709,47.5001
CUDA_WarpRow,CUDA,4000,2000,6,2,2,1,,75,2,0.000864,0.000000,0.00e+00,111.0625,0.0000
CUDA_WarpRow,CUDA,4000,2000,6,2,2,1,,75,3,0.000829,0.000000,0.00e+00,115.7821,0.0000
CUDA_Transposed,CUDA,4000,2000,6,2,2,1,,75,1,0.000553,0.035645,0.00e+00,173.5811,64.4507
CUDA_Transposed,CUDA,4000,2000,6,2,2,1,,75,2,0.000600,0.000000,0.00e+00,159.9977,0.0000
CUDA_Transposed,CUDA,4000,2000,6,2,2,1,,75,3,0.000563,0.000000,0.00e+00,170.5680,0.0000
CUDA_Naive,CUDA,4000,2000,8,2,2,1,,75,1,0.000791,0.025451,0.00e+00,161.7312,32.1580
CUDA_Naive,CUDA,4000,2000,8,2,2,1,,75,2,0.000876,0.000000,0.00e+00,146.1145,0.0000
CUDA_Naive,CUDA,4000,2000,8,2,2,1,,75,3,0.000863,0.000000,0.00e+00,148.3891,0.0000
CUDA_Opt2D,CUDA,4000,2000,8,2,2,1,,75,1,0.000791,0.026745,0.00e+00,161.8557,33.8189
CUDA_Opt2D,CUDA,4000,2000,8,2,2,1,,75,2,0.000875,0.000000,0.00e+00,146.2727,0.0000
CUDA_Opt2D,CUDA,4000,2000,8,2,2,1,,75,3,0.000798,0.000000,0.00e+00,160.3677,0.0000
CUDA_Tiled,CUDA,4000,2000,8,2,2,1,,75,1,0.000737,0.025524,0.00e+00,173.7000,34.6373
CUDA_Tiled,CUDA,4000,2000,8,2,2,1,,75,2,0.000748,0.000000,0.00e+00,171.0355,0.0000
CUDA_Tiled,CUDA,4000,2000,8,2,2,1,,75,3,0.000750,0.000000,0.00e+00,170.7606,0.0000
CUDA_WarpRow,CUDA,4000,2000,8,2,2,1,,75,1,0.000777,0.026551,0.00e+00,164.6838,34.1608
CUDA_WarpRow,CUDA,4000,2000,8,2,2,1,,75,2,0.000851,0.000000,0.00e+00,150.4437,0.0000
CUDA_WarpRow,CUDA,4000,2000,8,2,2,1,,75,3,0.000824,0.000000,0.00e+00,155.4335,0.0000
CUDA_Transposed,CUDA,4000,2000,8,2,2,1,,75,1,0.000559,0.026058,0.00e+00,229.1573,46.6511
CUDA_Transposed,CUDA,4000,2000,8,2,2,1,,75,2,0.000596,0.000000,0.00e+00,214.6450,0.0000
CUDA_Transposed,CUDA,4000,2000,8,2,2,1,,75,3,0.000606,0.000000,0.00e+00,211.2780,0.0000
CUDA_Naive,CUDA,4000,2000,20,2,2,1,,75,1,0.000801,0.042070,2.79e-08,399.5348,52.5263
CUDA_Naive,CUDA,4000,2000,20,2,2,1,,75,2,0.000887,0.000000,0.00e+00,360.9545,0.0000
CUDA_Naive,CUDA,4000,2000,20,2,2,1,,75,3,0.000888,0.000000,0.00e+00,360.3633,0.0000
CUDA_Opt2D,CUDA,4000,2000,20,2,2,1,,75,1,0.000887,0.042461,2.79e-08,360.7113,47.8628
CUDA_Opt2D,CUDA,4000,2000,20,2,2,1,,75,2,0.000881,0.000000,0.00e+00,363.0811,0.0000
CUDA_Opt2D,CUDA,4000,2000,20,2,2,1,,75,3,0.000882,0.000000,0.00e+00,362.9982,0.0000
CUDA_Tiled,CUDA,4000,2000,20,2,2,1,,75,1,0.000817,0.042315,2.79e-08,391.5497,51.7769
CUDA_Tiled,CUDA,4000,2000,20,2,2,1,,75,2,0.000817,0.000000,0.00e+00,391.5587,0.0000
CUDA_Tiled,CUDA,4000,2000,20,2,2,1,,75,3,0.000817,0.000000,0.00e+00,391.6015,0.0000
CUDA_WarpRow,CUDA,4000,2000,20,2,2,1,,75,1,0.000869,0.043313,2.79e-08,368.0837,49.8211
CUDA_WarpRow,CUDA,4000,2000,20,2,2,1,,75,2,0.000847,0.000000,0.00e+00,377.6625,0.0000
CUDA_WarpRow,CUDA,4000,2000,20,2,2,1,,75,3,0.000853,0.000000,0.00e+00,375.1971,0.0000
CUDA_Transposed,CUDA,4000,2000,20,2,2,1,,75,1,0.000745,0.040735,2.79e-08,429.6856,54.6982
CUDA_Transposed,CUDA,4000,2000,20,2,2,1,,75,2,0.000733,0.000000,0.00e+00,436.5036,0.0000
CUDA_Transposed,CUDA,4000,2000,20,2,2,1,,75,3,0.000690,0.000000,0.00e+00,463.6945,0.0000
CUDA_Naive,CUDA,4000,2000,32,2,2,1,,75,1,0.000801,0.061625,2.56e-08,638.9457,76.9046
CUDA_Naive,CUDA,4000,2000,32,2,2,1,,75,2,0.000874,0.000000,0.00e+00,585.7404,0.0000
CUDA_Naive,CUDA,4000,2000,32,2,2,1,,75,3,0.000879,0.000000,0.00e+00,582.3729,0.0000
CUDA_Opt2D,CUDA,4000,2000,32,2,2,1,,75,1,0.000880,0.059827,2.56e-08,581.8799,67.9921
CUDA_Opt2D,CUDA,4000,2000,32,2,2,1,,75,2,0.000874,0.000000,0.00e+00,585.6104,0.0000
CUDA_Opt2D,CUDA,4000,2000,32,2,2,1,,75,3,0.000872,0.000000,0.00e+00,587.0970,0.0000
CUDA_Tiled,CUDA,4000,2000,32,2,2,1,,75,1,0.000818,0.056331,2.56e-08,625.5869,68.8278
CUDA_Tiled,CUDA,4000,2000,32,2,2,1,,75,2,0.000774,0.000000,0.00e+00,661.1388,0.0000
CUDA_Tiled,CUDA,4000,2000,32,2,2,1,,75,3,0.000817,0.000000,0.00e+00,626.8130,0.0000
CUDA_WarpRow,CUDA,4000,2000,32,2,2,1,,75,1,0.000863,0.055904,2.56e-08,592.9596,64.7443
CUDA_WarpRow,CUDA,4000,2000,32,2,2,1,,75,2,0.000836,0.000000,0.00e+00,612.6747,0.0000
CUDA_WarpRow,CUDA,4000,2000,32,2,2,1,,75,3,0.000840,0.000000,0.00e+00,609.1843,0.0000
CUDA_Transposed,CUDA,4000,2000,32,2,2,1,,75,1,0.000969,0.057138,2.56e-08,528.3383,58.9618
CUDA_Transposed,CUDA,4000,2000,32,2,2,1,,75,2,0.001065,0.000000,0.00e+00,480.7124,0.0000
CUDA_Transposed,CUDA,4000,2000,32,2,2,1,,75,3,0.001066,0.000000,0.00e+00,480.4145,0.0000
CUDA_Naive,CUDA,4000,2000,64,2,2,1,,75,1,0.001370,0.107561,1.28e-08,747.5129,78.5191
CUDA_Naive,CUDA,4000,2000,64,2,2,1,,75,2,0.001248,0.000000,0.00e+00,820.8050,0.0000
CUDA_Naive,CUDA,4000,2000,64,2,2,1,,75,3,0.001229,0.000000,0.00e+00,832.8604,0.0000
CUDA_Opt2D,CUDA,4000,2000,64,2,2,1,,75,1,0.001292,0.103939,1.28e-08,792.5530,80.4465
CUDA_Opt2D,CUDA,4000,2000,64,2,2,1,,75,2,0.001371,0.000000,0.00e+00,747.1006,0.0000
CUDA_Opt2D,CUDA,4000,2000,64,2,2,1,,75,3,0.001371,0.000000,0.00e+00,747.0673,0.0000
CUDA_Tiled,CUDA,4000,2000,64,2,2,1,,75,1,0.001119,0.108016,1.28e-08,915.1320,96.5324
CUDA_Tiled,CUDA,4000,2000,64,2,2,1,,75,2,0.001117,0.000000,0.00e+00,916.9238,0.0000
CUDA_Tiled,CUDA,4000,2000,64,2,2,1,,75,3,0.001129,0.000000,0.00e+00,907.2316,0.0000
CUDA_WarpRow,CUDA,4000,2000,64,2,2,1,,75,1,0.001507,0.107858,1.28e-08,679.5208,71.5737
CUDA_WarpRow,CUDA,4000,2000,64,2,2,1,,75,2,0.001457,0.000000,0.00e+00,702.8976,0.0000
CUDA_WarpRow,CUDA,4000,2000,64,2,2,1,,75,3,0.001353,0.000000,0.00e+00,757.0651,0.0000
CUDA_Transposed,CUDA,4000,2000,64,2,2,1,,75,1,0.001448,0.109924,1.28e-08,707.2947,75.9266
CUDA_Transposed,CUDA,4000,2000,64,2,2,1,,75,2,0.001498,0.000000,0.00e+00,683.5604,0.0000
CUDA_Transposed,CUDA,4000,2000,64,2,2,1,,75,3,0.001498,0.000000,0.00e+00,683.3775,0.0000
CUDA_Naive,CUDA,4000,2000,128,2,2,1,,75,1,0.002337,0.199626,1.57e-08,876.2114,85.4074
CUDA_Naive,CUDA,4000,2000,128,2,2,1,,75,2,0.002348,0.000000,0.00e+00,872.1535,0.0000
CUDA_Naive,CUDA,4000,2000,128,2,2,1,,75,3,0.002347,0.000000,0.00e+00,872.4251,0.0000
CUDA_Opt2D,CUDA,4000,2000,128,2,2,1,,75,1,0.002348,0.211446,1.57e-08,872.2271,90.0531
CUDA_Opt2D,CUDA,4000,2000,128,2,2,1,,75,2,0.002134,0.000000,0.00e+00,959.8114,0.0000
CUDA_Opt2D,CUDA,4000,2000,128,2,2,1,,75,3,0.002103,0.000000,0.00e+00,974.0780,0.0000
CUDA_Tiled,CUDA,4000,2000,128,2,2,1,,75,1,0.001774,0.206843,1.57e-08,1154.5375,116.6056
CUDA_Tiled,CUDA,4000,2000,128,2,2,1,,75,2,0.002017,0.000000,0.00e+00,1015.4993,0.0000
CUDA_Tiled,CUDA,4000,2000,128,2,2,1,,75,3,0.002010,0.000000,0.00e+00,1018.9224,0.0000
CUDA_WarpRow,CUDA,4000,2000,128,2,2,1,,75,1,0.002755,0.201000,1.57e-08,743.3178,72.9528
CUDA_WarpRow,CUDA,4000,2000,128,2,2,1,,75,2,0.002754,0.000000,0.00e+00,743.6167,0.0000
CUDA_WarpRow,CUDA,4000,2000,128,2,2,1,,75,3,0.002751,0.000000,0.00e+00,744.3649,0.0000
CUDA_Transposed,CUDA,4000,2000,128,2,2,1,,75,1,0.002763,0.198505,1.57e-08,741.2066,71.8422
CUDA_Transposed,CUDA,4000,2000,128,2,2,1,,75,2,0.002705,0.000000,0.00e+00,757.0924,0.0000
CUDA_Transposed,CUDA,4000,2000,128,2,2,1,,75,3,0.002518,0.000000,0.00e+00,813.2907,0.0000
CUDA_Naive,CUDA,6000,2000,3,2,2,1,,75,1,0.000985,0.039378,0.00e+00,73.0688,39.9624
CUDA_Naive,CUDA,6000,2000,3,2,2,1,,75,2,0.001100,0.000000,0.00e+00,65.4548,0.0000
CUDA_Naive,CUDA,6000,2000,3,2,2,1,,75,3,0.001100,0.000000,0.00e+00,65.4258,0.0000
CUDA_Opt2D,CUDA,6000,2000,3,2,2,1,,75,1,0.001101,0.040152,0.00e+00,65.3893,36.4650
CUDA_Opt2D,CUDA,6000,2000,3,2,2,1,,75,2,0.001093,0.000000,0.00e+00,65.8938,0.0000
CUDA_Opt2D,CUDA,6000,2000,3,2,2,1,,75,3,0.001093,0.000000,0.00e+00,65.8745,0.0000
CUDA_Tiled,CUDA,6000,2000,3,2,2,1,,75,1,0.000827,0.038817,0.00e+00,87.1107,46.9637
CUDA_Tiled,CUDA,6000,2000,3,2,2,1,,75,2,0.000806,0.000000,0.00e+00,89.2921,0.0000
CUDA_Tiled,CUDA,6000,2000,3,2,2,1,,75,3,0.000781,0.000000,0.00e+00,92.2308,0.0000
CUDA_WarpRow,CUDA,6000,2000,3,2,2,1,,75,1,0.001042,0.040789,0.00e+00,69.0979,39.1452
CUDA_WarpRow,CUDA,6000,2000,3,2,2,1,,75,2,0.001083,0.000000,0.00e+00,66.4586,0.0000
CUDA_WarpRow,CUDA,6000,2000,3,2,2,1,,75,3,0.001083,0.000000,0.00e+00,66.4724,0.0000
CUDA_Transposed,CUDA,6000,2000,3,2,2,1,,75,1,0.000614,0.040158,0.00e+00,117.2566,65.3996
CUDA_Transposed,CUDA,6000,2000,3,2,2,1,,75,2,0.000611,0.000000,0.00e+00,117.8910,0.0000
CUDA_Transposed,CUDA,6000,2000,3,2,2,1,,75,3,0.000609,0.000000,0.00e+00,118.2395,0.0000
CUDA_Naive,CUDA,6000,2000,6,2,2,1,,75,1,0.001101,0.051764,0.00e+00,130.7993,47.0190
CUDA_Naive,CUDA,6000,2000,6,2,2,1,,75,2,0.000976,0.000000,0.00e+00,147.6067,0.0000
CUDA_Naive,CUDA,6000,2000,6,2,2,1,,75,3,0.001064,0.000000,0.00e+00,135.3113,0.0000
CUDA_Opt2D,CUDA,6000,2000,6,2,2,1,,75,1,0.001065,0.051004,0.00e+00,135.2470,47.9035
CUDA_Opt2D,CUDA,6000,2000,6,2,2,1,,75,2,0.001090,0.000000,0.00e+00,132.0620,0.0000
CUDA_Opt2D,CUDA,6000,2000,6,2,2,1,,75,3,0.001102,0.000000,0.00e+00,130.7093,0.0000
CUDA_Tiled,CUDA,6000,2000,6,2,2,1,,75,1,0.000827,0.050894,0.00e+00,174.1363,61.5449
CUDA_Tiled,CUDA,6000,2000,6,2,2,1,,75,2,0.000793,0.000000,0.00e+00,181.6090,0.0000
CUDA_Tiled,CUDA,6000,2000,6,2,2,1,,75,3,0.000791,0.000000,0.00e+00,182.0005,0.0000
CUDA_WarpRow,CUDA,6000,2000,6,2,2,1,,75,1,0.001056,0.053521,0.00e+00,136.3739,50.6868
CUDA_WarpRow,CUDA,6000,2000,6,2,2,1,,75,2,0.001088,0.000000,0.00e+00,132.3448,0.0000
CUDA_WarpRow,CUDA,6000,2000,6,2,2,1,,75,3,0.001092,0.000000,0.00e+00,131.9131,0.0000
CUDA_Transposed,CUDA,6000,2000,6,2,2,1,,75,1,0.000619,0.056406,0.00e+00,232.4534,91.0535
CUDA_Transposed,CUDA,6000,2000,6,2,2,1,,75,2,0.000617,0.000000,0.00e+00,233.5255,0.0000
CUDA_Transposed,CUDA,6000,2000,6,2,2,1,,75,3,0.000616,0.000000,0.00e+00,233.9447,0.0000
CUDA_Naive,CUDA,6000,2000,8,2,2,1,,75,1,0.001095,0.039695,0.00e+00,175.3959,36.2625
CUDA_Naive,CUDA,6000,2000,8,2,2,1,,75,2,0.000995,0.000000,0.00e+00,193.0489,0.0000
CUDA_Naive,CUDA,6000,2000,8,2,2,1,,75,3,0.000971,0.000000,0.00e+00,197.8262,0.0000
CUDA_Opt2D,CUDA,6000,2000,8,2,2,1,,75,1,0.001031,0.040400,0.00e+00,186.1593,39.1711
CUDA_Opt2D,CUDA,6000,2000,8,2,2,1,,75,2,0.001102,0.000000,0.00e+00,174.1810,0.0000
CUDA_Opt2D,CUDA,6000,2000,8,2,2,1,,75,3,0.001102,0.000000,0.00e+00,174.1917,0.0000
CUDA_Tiled,CUDA,6000,2000,8,2,2,1,,75,1,0.000835,0.038183,0.00e+00,230.0621,45.7524
CUDA_Tiled,CUDA,6000,2000,8,2,2,1,,75,2,0.000827,0.000000,0.00e+00,232.2756,0.0000
CUDA_Tiled,CUDA,6000,2000,8,2,2,1,,75,3,0.000827,0.000000,0.00e+00,232.1064,0.0000
CUDA_WarpRow,CUDA,6000,2000,8,2,2,1,,75,1,0.001080,0.038005,0.00e+00,177.7419,35.1826
CUDA_WarpRow,CUDA,6000,2000,8,2,2,1,,75,2,0.001051,0.000000,0.00e+00,182.6288,0.0000
CUDA_WarpRow,CUDA,6000,2000,8,2,2,1,,75,3,0.001058,0.000000,0.00e+00,181.5253,0.0000
CUDA_Transposed,CUDA,6000,2000,8,2,2,1,,75,1,0.000600,0.040063,0.00e+00,319.8146,66.7323
CUDA_Transposed,CUDA,6000,2000,8,2,2,1,,75,2,0.000621,0.000000,0.00e+00,309.0032,0.0000
CUDA_Transposed,CUDA,6000,2000,8,2,2,1,,75,3,0.000624,0.000000,0.00e+00,307.8813,0.0000
CUDA_Naive,CUDA,6000,2000,20,2,2,1,,75,1,0.001116,0.062716,2.79e-08,429.9160,56.1722
CUDA_Naive,CUDA,6000,2000,20,2,2,1,,75,2,0.001110,0.000000,0.00e+00,432.3716,0.0000
CUDA_Naive,CUDA,6000,2000,20,2,2,1,,75,3,0.001111,0.000000,0.00e+00,432.1728,0.0000
CUDA_Opt2D,CUDA,6000,2000,20,2,2,1,,75,1,0.001111,0.061604,2.79e-08,432.0463,55.4497
CUDA_Opt2D,CUDA,6000,2000,20,2,2,1,,75,2,0.001118,0.000000,0.00e+00,429.2200,0.0000
CUDA_Opt2D,CUDA,6000,2000,20,2,2,1,,75,3,0.001118,0.000000,0.00e+00,429.2480,0.0000
CUDA_Tiled,CUDA,6000,2000,20,2,2,1,,75,1,0.000834,0.064681,2.79e-08,575.2937,77.5224
CUDA_Tiled,CUDA,6000,2000,20,2,2,1,,75,2,0.000828,0.000000,0.00e+00,579.3845,0.0000
CUDA_Tiled,CUDA,6000,2000,20,2,2,1,,75,3,0.000830,0.000000,0.00e+00,578.1639,0.0000
CUDA_WarpRow,CUDA,6000,2000,20,2,2,1,,75,1,0.001098,0.063161,2.79e-08,437.3341,57.5467
CUDA_WarpRow,CUDA,6000,2000,20,2,2,1,,75,2,0.001102,0.000000,0.00e+00,435.3815,0.0000
CUDA_WarpRow,CUDA,6000,2000,20,2,2,1,,75,3,0.001098,0.000000,0.00e+00,437.3323,0.0000
CUDA_Transposed,CUDA,6000,2000,20,2,2,1,,75,1,0.000785,0.061843,2.79e-08,611.1883,78.7458
CUDA_Transposed,CUDA,6000,2000,20,2,2,1,,75,2,0.000786,0.000000,0.00e+00,610.8938,0.0000
CUDA_Transposed,CUDA,6000,2000,20,2,2,1,,75,3,0.000785,0.000000,0.00e+00,611.3823,0.0000
CUDA_Naive,CUDA,6000,2000,32,2,2,1,,75,1,0.001100,0.096743,2.56e-08,698.2927,87.9617
CUDA_Naive,CUDA,6000,2000,32,2,2,1,,75,2,0.001100,0.000000,0.00e+00,698.1203,0.0000
CUDA_Naive,CUDA,6000,2000,32,2,2,1,,75,3,0.001100,0.000000,0.00e+00,698.0491,0.0000
CUDA_Opt2D,CUDA,6000,2000,32,2,2,1,,75,1,0.001100,0.086714,2.56e-08,698.0729,78.8183
CUDA_Opt2D,CUDA,6000,2000,32,2,2,1,,75,2,0.001024,0.000000,0.00e+00,750.1060,0.0000
CUDA_Opt2D,CUDA,6000,2000,32,2,2,1,,75,3,0.001008,0.000000,0.00e+00,761.9323,0.0000
CUDA_Tiled,CUDA,6000,2000,32,2,2,1,,75,1,0.000739,0.090526,2.56e-08,1039.1341,122.4854
CUDA_Tiled,CUDA,6000,2000,32,2,2,1,,75,2,0.000829,0.000000,0.00e+00,926.7828,0.0000
CUDA_Tiled,CUDA,6000,2000,32,2,2,1,,75,3,0.000829,0.000000,0.00e+00,926.7968,0.0000
CUDA_WarpRow,CUDA,6000,2000,32,2,2,1,,75,1,0.001086,0.087493,2.56e-08,706.9512,80.5384
CUDA_WarpRow,CUDA,6000,2000,32,2,2,1,,75,2,0.000989,0.000000,0.00e+00,776.7832,0.0000
CUDA_WarpRow,CUDA,6000,2000,32,2,2,1,,75,3,0.000989,0.000000,0.00e+00,776.4200,0.0000
CUDA_Transposed,CUDA,6000,2000,32,2,2,1,,75,1,0.000970,0.086571,2.56e-08,791.9989,89.2760
CUDA_Transposed,CUDA,6000,2000,32,2,2,1,,75,2,0.001091,0.000000,0.00e+00,703.7627,0.0000
CUDA_Transposed,CUDA,6000,2000,32,2,2,1,,75,3,0.001092,0.000000,0.00e+00,703.3566,0.0000
CUDA_Naive,CUDA,6000,2000,64,2,2,1,,75,1,0.001890,0.150524,1.28e-08,812.6715,79.6395
CUDA_Naive,CUDA,6000,2000,64,2,2,1,,75,2,0.001889,0.000000,0.00e+00,813.1563,0.0000
CUDA_Naive,CUDA,6000,2000,64,2,2,1,,75,3,0.001889,0.000000,0.00e+00,813.3401,0.0000
CUDA_Opt2D,CUDA,6000,2000,64,2,2,1,,75,1,0.001890,0.144576,1.28e-08,812.8480,76.5094
CUDA_Opt2D,CUDA,6000,2000,64,2,2,1,,75,2,0.001889,0.000000,0.00e+00,813.3335,0.0000
CUDA_Opt2D,CUDA,6000,2000,64,2,2,1,,75,3,0.001890,0.000000,0.00e+00,812.5726,0.0000
CUDA_Tiled,CUDA,6000,2000,64,2,2,1,,75,1,0.001423,0.164866,1.28e-08,1079.2264,115.8382
CUDA_Tiled,CUDA,6000,2000,64,2,2,1,,75,2,0.001423,0.000000,0.00e+00,1079.1403,0.0000
CUDA_Tiled,CUDA,6000,2000,64,2,2,1,,75,3,0.001423,0.000000,0.00e+00,1079.7115,0.0000
CUDA_WarpRow,CUDA,6000,2000,64,2,2,1,,75,1,0.001911,0.150100,1.28e-08,803.8898,78.5570
CUDA_WarpRow,CUDA,6000,2000,64,2,2,1,,75,2,0.001909,0.000000,0.00e+00,804.4956,0.0000
CUDA_WarpRow,CUDA,6000,2000,64,2,2,1,,75,3,0.001736,0.000000,0.00e+00,884.5613,0.0000
CUDA_Transposed,CUDA,6000,2000,64,2,2,1,,75,1,0.001771,0.146169,1.28e-08,867.2759,82.5320
CUDA_Transposed,CUDA,6000,2000,64,2,2,1,,75,2,0.001843,0.000000,0.00e+00,833.4844,0.0000
CUDA_Transposed,CUDA,6000,2000,64,2,2,1,,75,3,0.001878,0.000000,0.00e+00,818.0950,0.0000
CUDA_Naive,CUDA,6000,2000,128,2,2,1,,75,1,0.003243,0.322725,1.57e-08,947.1994,99.5068
CUDA_Naive,CUDA,6000,2000,128,2,2,1,,75,2,0.003441,0.000000,0.00e+00,892.7098,0.0000
CUDA_Naive,CUDA,6000,2000,128,2,2,1,,75,3,0.003034,0.000000,0.00e+00,1012.4186,0.0000
CUDA_Opt2D,CUDA,6000,2000,128,2,2,1,,75,1,0.003128,0.294441,1.57e-08,982.0111,94.1224
CUDA_Opt2D,CUDA,6000,2000,128,2,2,1,,75,2,0.003443,0.000000,0.00e+00,892.2895,0.0000
CUDA_Opt2D,CUDA,6000,2000,128,2,2,1,,75,3,0.003369,0.000000,0.00e+00,911.7230,0.0000
CUDA_Tiled,CUDA,6000,2000,128,2,2,1,,75,1,0.002398,0.317940,1.57e-08,1281.2675,132.6063
CUDA_Tiled,CUDA,6000,2000,128,2,2,1,,75,2,0.002524,0.000000,0.00e+00,1216.9449,0.0000
CUDA_Tiled,CUDA,6000,2000,128,2,2,1,,75,3,0.002378,0.000000,0.00e+00,1291.9303,0.0000
CUDA_WarpRow,CUDA,6000,2000,128,2,2,1,,75,1,0.003311,0.307189,1.57e-08,927.7625,92.7731
CUDA_WarpRow,CUDA,6000,2000,128,2,2,1,,75,2,0.003511,0.000000,0.00e+00,875.0283,0.0000
CUDA_WarpRow,CUDA,6000,2000,128,2,2,1,,75,3,0.003310,0.000000,0.00e+00,928.1957,0.0000
CUDA_Transposed,CUDA,6000,2000,128,2,2,1,,75,1,0.003586,0.294666,1.57e-08,856.5972,82.1647
CUDA_Transposed,CUDA,6000,2000,128,2,2,1,,75,2,0.003683,0.000000,0.00e+00,834.1036,0.0000
CUDA_Transposed,CUDA,6000,2000,128,2,2,1,,75,3,0.003356,0.000000,0.00e+00,915.3649,0.0000
CUDA_Naive,CUDA,4000,4000,3,2,2,1,,75,1,0.001549,0.053818,0.00e+00,61.9930,34.7537
CUDA_Naive,CUDA,4000,4000,3,2,2,1,,75,2,0.001537,0.000000,0.00e+00,62.4614,0.0000
CUDA_Naive,CUDA,4000,4000,3,2,2,1,,75,3,0.001536,0.000000,0.00e+00,62.4820,0.0000
CUDA_Opt2D,CUDA,4000,4000,3,2,2,1,,75,1,0.001488,0.051939,0.00e+00,64.5274,34.9114
CUDA_Opt2D,CUDA,4000,4000,3,2,2,1,,75,2,0.001538,0.000000,0.00e+00,62.4123,0.0000
CUDA_Opt2D,CUDA,4000,4000,3,2,2,1,,75,3,0.001536,0.000000,0.00e+00,62.4797,0.0000
CUDA_Tiled,CUDA,4000,4000,3,2,2,1,,75,1,0.001400,0.051462,0.00e+00,68.5727,36.7594
CUDA_Tiled,CUDA,4000,4000,3,2,2,1,,75,2,0.001276,0.000000,0.00e+00,75.2373,0.0000
CUDA_Tiled,CUDA,4000,4000,3,2,2,1,,75,3,0.001277,0.000000,0.00e+00,75.1929,0.0000
CUDA_WarpRow,CUDA,4000,4000,3,2,2,1,,75,1,0.001388,0.054230,0.00e+00,69.1608,39.0689
CUDA_WarpRow,CUDA,4000,4000,3,2,2,1,,75,2,0.001508,0.000000,0.00e+00,63.6462,0.0000
CUDA_WarpRow,CUDA,4000,4000,3,2,2,1,,75,3,0.001507,0.000000,0.00e+00,63.6941,0.0000
CUDA_Transposed,CUDA,4000,4000,3,2,2,1,,75,1,0.000964,0.054044,0.00e+00,99.5665,56.0516
CUDA_Transposed,CUDA,4000,4000,3,2,2,1,,75,2,0.000970,0.000000,0.00e+00,98.9808,0.0000
CUDA_Transposed,CUDA,4000,4000,3,2,2,1,,75,3,0.000970,0.000000,0.00e+00,99.0041,0.0000
CUDA_Naive,CUDA,4000,4000,6,2,2,1,,75,1,0.001553,0.068278,0.00e+00,123.6077,43.9570
CUDA_Naive,CUDA,4000,4000,6,2,2,1,,75,2,0.001539,0.000000,0.00e+00,124.7693,0.0000
CUDA_Naive,CUDA,4000,4000,6,2,2,1,,75,3,0.001427,0.000000,0.00e+00,134.5814,0.0000
CUDA_Opt2D,CUDA,4000,4000,6,2,2,1,,75,1,0.001365,0.065865,0.00e+00,140.6150,48.2379
CUDA_Opt2D,CUDA,4000,4000,6,2,2,1,,75,2,0.001542,0.000000,0.00e+00,124.5503,0.0000
CUDA_Opt2D,CUDA,4000,4000,6,2,2,1,,75,3,0.001539,0.000000,0.00e+00,124.7160,0.0000
CUDA_Tiled,CUDA,4000,4000,6,2,2,1,,75,1,0.001401,0.070089,0.00e+00,137.0939,50.0457
CUDA_Tiled,CUDA,4000,4000,6,2,2,1,,75,2,0.001401,0.000000,0.00e+00,137.0552,0.0000
CUDA_Tiled,CUDA,4000,4000,6,2,2,1,,75,3,0.001401,0.000000,0.00e+00,137.0888,0.0000
CUDA_WarpRow,CUDA,4000,4000,6,2,2,1,,75,1,0.001510,0.072007,0.00e+00,127.1374,47.6812
CUDA_WarpRow,CUDA,4000,4000,6,2,2,1,,75,2,0.001510,0.000000,0.00e+00,127.1513,0.0000
CUDA_WarpRow,CUDA,4000,4000,6,2,2,1,,75,3,0.001508,0.000000,0.00e+00,127.3572,0.0000
CUDA_Transposed,CUDA,4000,4000,6,2,2,1,,75,1,0.000977,0.071324,0.00e+00,196.5936,73.0301
CUDA_Transposed,CUDA,4000,4000,6,2,2,1,,75,2,0.000959,0.000000,0.00e+00,200.3108,0.0000
CUDA_Transposed,CUDA,4000,4000,6,2,2,1,,75,3,0.000975,0.000000,0.00e+00,196.8364,0.0000
CUDA_Naive,CUDA,4000,4000,8,2,2,1,,75,1,0.001532,0.053498,0.00e+00,167.1367,34.9277
CUDA_Naive,CUDA,4000,4000,8,2,2,1,,75,2,0.001531,0.000000,0.00e+00,167.2314,0.0000
CUDA_Naive,CUDA,4000,4000,8,2,2,1,,75,3,0.001530,0.000000,0.00e+00,167.3624,0.0000
CUDA_Opt2D,CUDA,4000,4000,8,2,2,1,,75,1,0.001490,0.053867,0.00e+00,171.7634,36.1422
CUDA_Opt2D,CUDA,4000,4000,8,2,2,1,,75,2,0.001529,0.000000,0.00e+00,167.4163,0.0000
CUDA_Opt2D,CUDA,4000,4000,8,2,2,1,,75,3,0.001529,0.000000,0.00e+00,167.4670,0.0000
CUDA_Tiled,CUDA,4000,4000,8,2,2,1,,75,1,0.001401,0.050738,0.00e+00,182.7721,36.2247
CUDA_Tiled,CUDA,4000,4000,8,2,2,1,,75,2,0.001287,0.000000,0.00e+00,198.9799,0.0000
CUDA_Tiled,CUDA,4000,4000,8,2,2,1,,75,3,0.001268,0.000000,0.00e+00,201.8734,0.0000
CUDA_WarpRow,CUDA,4000,4000,8,2,2,1,,75,1,0.001374,0.053881,0.00e+00,186.2742,39.2059
CUDA_WarpRow,CUDA,4000,4000,8,2,2,1,,75,2,0.001508,0.000000,0.00e+00,169.7929,0.0000
CUDA_WarpRow,CUDA,4000,4000,8,2,2,1,,75,3,0.001508,0.000000,0.00e+00,169.7497,0.0000
CUDA_Transposed,CUDA,4000,4000,8,2,2,1,,75,1,0.000979,0.052547,0.00e+00,261.4146,53.6588
CUDA_Transposed,CUDA,4000,4000,8,2,2,1,,75,2,0.000980,0.000000,0.00e+00,261.2266,0.0000
CUDA_Transposed,CUDA,4000,4000,8,2,2,1,,75,3,0.000980,0.000000,0.00e+00,261.2791,0.0000
CUDA_Naive,CUDA,4000,4000,20,2,2,1,,75,1,0.001548,0.081044,1.61e-08,413.4014,52.3494
CUDA_Naive,CUDA,4000,4000,20,2,2,1,,75,2,0.001400,0.000000,0.00e+00,457.3030,0.0000
CUDA_Naive,CUDA,4000,4000,20,2,2,1,,75,3,0.001420,0.000000,0.00e+00,450.8403,0.0000
CUDA_Opt2D,CUDA,4000,4000,20,2,2,1,,75,1,0.001483,0.081140,1.61e-08,431.4745,54.7030
CUDA_Opt2D,CUDA,4000,4000,20,2,2,1,,75,2,0.001548,0.000000,0.00e+00,413.3446,0.0000
CUDA_Opt2D,CUDA,4000,4000,20,2,2,1,,75,3,0.001443,0.000000,0.00e+00,443.4779,0.0000
CUDA_Tiled,CUDA,4000,4000,20,2,2,1,,75,1,0.001250,0.085991,1.61e-08,511.9414,68.7846
CUDA_Tiled,CUDA,4000,4000,20,2,2,1,,75,2,0.001394,0.000000,0.00e+00,459.2096,0.0000
CUDA_Tiled,CUDA,4000,4000,20,2,2,1,,75,3,0.001403,0.000000,0.00e+00,456.1323,0.0000
CUDA_WarpRow,CUDA,4000,4000,20,2,2,1,,75,1,0.001532,0.085880,1.61e-08,417.7109,56.0515
CUDA_WarpRow,CUDA,4000,4000,20,2,2,1,,75,2,0.001531,0.000000,0.00e+00,418.0916,0.0000
CUDA_WarpRow,CUDA,4000,4000,20,2,2,1,,75,3,0.001531,0.000000,0.00e+00,417.9803,0.0000
CUDA_Transposed,CUDA,4000,4000,20,2,2,1,,75,1,0.001296,0.082036,1.61e-08,493.7382,63.2877
CUDA_Transposed,CUDA,4000,4000,20,2,2,1,,75,2,0.001306,0.000000,0.00e+00,490.1827,0.0000
CUDA_Transposed,CUDA,4000,4000,20,2,2,1,,75,3,0.001297,0.000000,0.00e+00,493.5375,0.0000
CUDA_Naive,CUDA,4000,4000,32,2,2,1,,75,1,0.001528,0.118617,1.81e-08,670.2113,77.6352
CUDA_Naive,CUDA,4000,4000,32,2,2,1,,75,2,0.001535,0.000000,0.00e+00,667.1446,0.0000
CUDA_Naive,CUDA,4000,4000,32,2,2,1,,75,3,0.001526,0.000000,0.00e+00,670.8446,0.0000
CUDA_Opt2D,CUDA,4000,4000,32,2,2,1,,75,1,0.001528,0.118805,1.81e-08,670.3569,77.7750
CUDA_Opt2D,CUDA,4000,4000,32,2,2,1,,75,2,0.001527,0.000000,0.00e+00,670.6204,0.0000
CUDA_Opt2D,CUDA,4000,4000,32,2,2,1,,75,3,0.001528,0.000000,0.00e+00,670.2582,0.0000
CUDA_Tiled,CUDA,4000,4000,32,2,2,1,,75,1,0.001406,0.125129,1.81e-08,728.2809,88.9934
CUDA_Tiled,CUDA,4000,4000,32,2,2,1,,75,2,0.001406,0.000000,0.00e+00,728.3580,0.0000
CUDA_Tiled,CUDA,4000,4000,32,2,2,1,,75,3,0.001406,0.000000,0.00e+00,728.3124,0.0000
CUDA_WarpRow,CUDA,4000,4000,32,2,2,1,,75,1,0.001513,0.115427,1.81e-08,676.7706,76.2869
CUDA_WarpRow,CUDA,4000,4000,32,2,2,1,,75,2,0.001503,0.000000,0.00e+00,681.5294,0.0000
CUDA_WarpRow,CUDA,4000,4000,32,2,2,1,,75,3,0.001512,0.000000,0.00e+00,677.1615,0.0000
CUDA_Transposed,CUDA,4000,4000,32,2,2,1,,75,1,0.001909,0.119116,1.81e-08,536.4750,62.4052
CUDA_Transposed,CUDA,4000,4000,32,2,2,1,,75,2,0.001909,0.000000,0.00e+00,536.2990,0.0000
CUDA_Transposed,CUDA,4000,4000,32,2,2,1,,75,3,0.001909,0.000000,0.00e+00,536.3651,0.0000
CUDA_Naive,CUDA,4000,4000,64,2,2,1,,75,1,0.002544,0.222952,0.00e+00,805.0760,87.6431
CUDA_Naive,CUDA,4000,4000,64,2,2,1,,75,2,0.002318,0.000000,0.00e+00,883.4329,0.0000
CUDA_Naive,CUDA,4000,4000,64,2,2,1,,75,3,0.002284,0.000000,0.00e+00,896.7039,0.0000
CUDA_Opt2D,CUDA,4000,4000,64,2,2,1,,75,1,0.002317,0.225889,0.00e+00,884.0531,97.5088
CUDA_Opt2D,CUDA,4000,4000,64,2,2,1,,75,2,0.002543,0.000000,0.00e+00,805.4092,0.0000
CUDA_Opt2D,CUDA,4000,4000,64,2,2,1,,75,3,0.002541,0.000000,0.00e+00,805.9557,0.0000
CUDA_Tiled,CUDA,4000,4000,64,2,2,1,,75,1,0.002001,0.224941,0.00e+00,1023.5783,112.4244
CUDA_Tiled,CUDA,4000,4000,64,2,2,1,,75,2,0.002000,0.000000,0.00e+00,1023.8932,0.0000
CUDA_Tiled,CUDA,4000,4000,64,2,2,1,,75,3,0.002000,0.000000,0.00e+00,1024.2214,0.0000
CUDA_WarpRow,CUDA,4000,4000,64,2,2,1,,75,1,0.002801,0.226652,0.00e+00,731.1287,80.9140
CUDA_WarpRow,CUDA,4000,4000,64,2,2,1,,75,2,0.002527,0.000000,0.00e+00,810.3197,0.0000
CUDA_WarpRow,CUDA,4000,4000,64,2,2,1,,75,3,0.002558,0.000000,0.00e+00,800.5142,0.0000
CUDA_Transposed,CUDA,4000,4000,64,2,2,1,,75,1,0.002585,0.214567,0.00e+00,792.4110,83.0201
CUDA_Transposed,CUDA,4000,4000,64,2,2,1,,75,2,0.002773,0.000000,0.00e+00,738.5001,0.0000
CUDA_Transposed,CUDA,4000,4000,64,2,2,1,,75,3,0.002774,0.000000,0.00e+00,738.3961,0.0000
CUDA_Naive,CUDA,4000,4000,128,2,2,1,,75,1,0.004810,0.474185,1.28e-08,851.4965,98.5758
CUDA_Naive,CUDA,4000,4000,128,2,2,1,,75,2,0.004808,0.000000,0.00e+00,851.9616,0.0000
CUDA_Naive,CUDA,4000,4000,128,2,2,1,,75,3,0.004809,0.000000,0.00e+00,851.7090,0.0000
CUDA_Opt2D,CUDA,4000,4000,128,2,2,1,,75,1,0.004332,0.472703,1.28e-08,945.4595,109.1118
CUDA_Opt2D,CUDA,4000,4000,128,2,2,1,,75,2,0.004272,0.000000,0.00e+00,958.8704,0.0000
CUDA_Opt2D,CUDA,4000,4000,128,2,2,1,,75,3,0.004205,0.000000,0.00e+00,974.0475,0.0000
CUDA_Tiled,CUDA,4000,4000,128,2,2,1,,75,1,0.003766,0.456135,1.28e-08,1087.5181,121.1072
CUDA_Tiled,CUDA,4000,4000,128,2,2,1,,75,2,0.003523,0.000000,0.00e+00,1162.5994,0.0000
CUDA_Tiled,CUDA,4000,4000,128,2,2,1,,75,3,0.003413,0.000000,0.00e+00,1200.2636,0.0000
CUDA_WarpRow,CUDA,4000,4000,128,2,2,1,,75,1,0.005647,0.465031,1.28e-08,725.2874,82.3439
CUDA_WarpRow,CUDA,4000,4000,128,2,2,1,,75,2,0.005151,0.000000,0.00e+00,795.2551,0.0000
CUDA_WarpRow,CUDA,4000,4000,128,2,2,1,,75,3,0.005626,0.000000,0.00e+00,728.1049,0.0000
CUDA_Transposed,CUDA,4000,4000,128,2,2,1,,75,1,0.005759,0.466185,1.28e-08,711.2389,80.9495
CUDA_Transposed,CUDA,4000,4000,128,2,2,1,,75,2,0.005771,0.000000,0.00e+00,709.8065,0.0000
CUDA_Transposed,CUDA,4000,4000,128,2,2,1,,75,3,0.005772,0.000000,0.00e+00,709.6618,0.0000
CUDA_Naive,CUDA,2000,6000,3,2,2,1,,75,1,0.001134,0.038458,0.00e+00,63.4676,33.9008
CUDA_Naive,CUDA,2000,6000,3,2,2,1,,75,2,0.001236,0.000000,0.00e+00,58.2519,0.0000
CUDA_Naive,CUDA,2000,6000,3,2,2,1,,75,3,0.001236,0.000000,0.00e+00,58.2593,0.0000
CUDA_Opt2D,CUDA,2000,6000,3,2,2,1,,75,1,0.001237,0.039790,0.00e+00,58.2137,32.1715
CUDA_Opt2D,CUDA,2000,6000,3,2,2,1,,75,2,0.001237,0.000000,0.00e+00,58.2119,0.0000
CUDA_Opt2D,CUDA,2000,6000,3,2,2,1,,75,3,0.001237,0.000000,0.00e+00,58.2257,0.0000
CUDA_Tiled,CUDA,2000,6000,3,2,2,1,,75,1,0.001120,0.038850,0.00e+00,64.3112,34.7013
CUDA_Tiled,CUDA,2000,6000,3,2,2,1,,75,2,0.001128,0.000000,0.00e+00,63.8327,0.0000
CUDA_Tiled,CUDA,2000,6000,3,2,2,1,,75,3,0.001130,0.000000,0.00e+00,63.7445,0.0000
CUDA_WarpRow,CUDA,2000,6000,3,2,2,1,,75,1,0.001215,0.038654,0.00e+00,59.2732,31.8213
CUDA_WarpRow,CUDA,2000,6000,3,2,2,1,,75,2,0.001217,0.000000,0.00e+00,59.1762,0.0000
CUDA_WarpRow,CUDA,2000,6000,3,2,2,1,,75,3,0.001216,0.000000,0.00e+00,59.2101,0.0000
CUDA_Transposed,CUDA,2000,6000,3,2,2,1,,75,1,0.000786,0.038353,0.00e+00,91.5774,48.7811
CUDA_Transposed,CUDA,2000,6000,3,2,2,1,,75,2,0.000787,0.000000,0.00e+00,91.5355,0.0000
CUDA_Transposed,CUDA,2000,6000,3,2,2,1,,75,3,0.000786,0.000000,0.00e+00,91.6395,0.0000
CUDA_Naive,CUDA,2000,6000,6,2,2,1,,75,1,0.001233,0.052647,0.00e+00,116.7800,42.6953
CUDA_Naive,CUDA,2000,6000,6,2,2,1,,75,2,0.001198,0.000000,0.00e+00,120.1902,0.0000
CUDA_Naive,CUDA,2000,6000,6,2,2,1,,75,3,0.001207,0.000000,0.00e+00,119.2847,0.0000
CUDA_Opt2D,CUDA,2000,6000,6,2,2,1,,75,1,0.001191,0.051167,0.00e+00,120.8760,42.9504
CUDA_Opt2D,CUDA,2000,6000,6,2,2,1,,75,2,0.001233,0.000000,0.00e+00,116.8246,0.0000
CUDA_Opt2D,CUDA,2000,6000,6,2,2,1,,75,3,0.001235,0.000000,0.00e+00,116.5732,0.0000
CUDA_Tiled,CUDA,2000,6000,6,2,2,1,,75,1,0.001120,0.051679,0.00e+00,128.5680,46.1407
CUDA_Tiled,CUDA,2000,6000,6,2,2,1,,75,2,0.001011,0.000000,0.00e+00,142.4418,0.0000
CUDA_Tiled,CUDA,2000,6000,6,2,2,1,,75,3,0.001055,0.000000,0.00e+00,136.4426,0.0000
CUDA_WarpRow,CUDA,2000,6000,6,2,2,1,,75,1,0.001108,0.053322,0.00e+00,129.9198,48.1082
CUDA_WarpRow,CUDA,2000,6000,6,2,2,1,,75,2,0.001214,0.000000,0.00e+00,118.5753,0.0000
CUDA_WarpRow,CUDA,2000,6000,6,2,2,1,,75,3,0.001215,0.000000,0.00e+00,118.4842,0.0000
CUDA_Transposed,CUDA,2000,6000,6,2,2,1,,75,1,0.000790,0.056683,0.00e+00,182.3161,71.7657
CUDA_Transposed,CUDA,2000,6000,6,2,2,1,,75,2,0.000764,0.000000,0.00e+00,188.3646,0.0000
CUDA_Transposed,CUDA,2000,6000,6,2,2,1,,75,3,0.000764,0.000000,0.00e+00,188.4859,0.0000
CUDA_Naive,CUDA,2000,6000,8,2,2,1,,75,1,0.001175,0.039919,0.00e+00,163.4263,33.9781
CUDA_Naive,CUDA,2000,6000,8,2,2,1,,75,2,0.001228,0.000000,0.00e+00,156.2889,0.0000
CUDA_Naive,CUDA,2000,6000,8,2,2,1,,75,3,0.001232,0.000000,0.00e+00,155.8997,0.0000
CUDA_Opt2D,CUDA,2000,6000,8,2,2,1,,75,1,0.001232,0.040422,0.00e+00,155.8522,32.8118
CUDA_Opt2D,CUDA,2000,6000,8,2,2,1,,75,2,0.001225,0.000000,0.00e+00,156.6929,0.0000
CUDA_Opt2D,CUDA,2000,6000,8,2,2,1,,75,3,0.001226,0.000000,0.00e+00,156.6346,0.0000
CUDA_Tiled,CUDA,2000,6000,8,2,2,1,,75,1,0.001121,0.038336,0.00e+00,171.3494,34.2128
CUDA_Tiled,CUDA,2000,6000,8,2,2,1,,75,2,0.001020,0.000000,0.00e+00,188.2383,0.0000
CUDA_Tiled,CUDA,2000,6000,8,2,2,1,,75,3,0.000998,0.000000,0.00e+00,192.4620,0.0000
CUDA_WarpRow,CUDA,2000,6000,8,2,2,1,,75,1,0.001160,0.039582,0.00e+00,165.5275,34.1248
CUDA_WarpRow,CUDA,2000,6000,8,2,2,1,,75,2,0.001215,0.000000,0.00e+00,158.0546,0.0000
CUDA_WarpRow,CUDA,2000,6000,8,2,2,1,,75,3,0.001215,0.000000,0.00e+00,158.0807,0.0000
CUDA_Transposed,CUDA,2000,6000,8,2,2,1,,75,1,0.000825,0.039229,0.00e+00,232.8584,47.5771
CUDA_Transposed,CUDA,2000,6000,8,2,2,1,,75,2,0.000831,0.000000,0.00e+00,230.9219,0.0000
CUDA_Transposed,CUDA,2000,6000,8,2,2,1,,75,3,0.000839,0.000000,0.00e+00,228.8080,0.0000
CUDA_Naive,CUDA,2000,6000,20,2,2,1,,75,1,0.001240,0.064406,0.00e+00,387.2507,51.9612
CUDA_Naive,CUDA,2000,6000,20,2,2,1,,75,2,0.001136,0.000000,0.00e+00,422.5947,0.0000
CUDA_Naive,CUDA,2000,6000,20,2,2,1,,75,3,0.001101,0.000000,0.00e+00,435.9408,0.0000
CUDA_Opt2D,CUDA,2000,6000,20,2,2,1,,75,1,0.001206,0.061425,0.00e+00,397.9796,50.9289
CUDA_Opt2D,CUDA,2000,6000,20,2,2,1,,75,2,0.001239,0.000000,0.00e+00,387.3867,0.0000
CUDA_Opt2D,CUDA,2000,6000,20,2,2,1,,75,3,0.001230,0.000000,0.00e+00,390.1740,0.0000
CUDA_Tiled,CUDA,2000,6000,20,2,2,1,,75,1,0.001121,0.064848,0.00e+00,428.3533,57.8703
CUDA_Tiled,CUDA,2000,6000,20,2,2,1,,75,2,0.001074,0.000000,0.00e+00,446.9374,0.0000
CUDA_Tiled,CUDA,2000,6000,20,2,2,1,,75,3,0.001072,0.000000,0.00e+00,447.5543,0.0000
CUDA_WarpRow,CUDA,2000,6000,20,2,2,1,,75,1,0.001140,0.064889,0.00e+00,420.9534,56.9064
CUDA_WarpRow,CUDA,2000,6000,20,2,2,1,,75,2,0.001220,0.000000,0.00e+00,393.3009,0.0000
CUDA_WarpRow,CUDA,2000,6000,20,2,2,1,,75,3,0.001221,0.000000,0.00e+00,393.2696,0.0000
CUDA_Transposed,CUDA,2000,6000,20,2,2,1,,75,1,0.001057,0.061448,0.00e+00,453.9836,58.1175
CUDA_Transposed,CUDA,2000,6000,20,2,2,1,,75,2,0.001014,0.000000,0.00e+00,473.5021,0.0000
CUDA_Transposed,CUDA,2000,6000,20,2,2,1,,75,3,0.001021,0.000000,0.00e+00,470.0567,0.0000
CUDA_Naive,CUDA,2000,6000,32,2,2,1,,75,1,0.001145,0.085324,0.00e+00,670.8117,74.5263
CUDA_Naive,CUDA,2000,6000,32,2,2,1,,75,2,0.001228,0.000000,0.00e+00,625.3026,0.0000
CUDA_Naive,CUDA,2000,6000,32,2,2,1,,75,3,0.001229,0.000000,0.00e+00,624.9907,0.0000
CUDA_Opt2D,CUDA,2000,6000,32,2,2,1,,75,1,0.001229,0.089100,0.00e+00,624.9161,72.5004
CUDA_Opt2D,CUDA,2000,6000,32,2,2,1,,75,2,0.001238,0.000000,0.00e+00,620.3584,0.0000
CUDA_Opt2D,CUDA,2000,6000,32,2,2,1,,75,3,0.001236,0.000000,0.00e+00,621.2355,0.0000
CUDA_Tiled,CUDA,2000,6000,32,2,2,1,,75,1,0.001131,0.087051,0.00e+00,679.2051,76.9859
CUDA_Tiled,CUDA,2000,6000,32,2,2,1,,75,2,0.001111,0.000000,0.00e+00,691.4905,0.0000
CUDA_Tiled,CUDA,2000,6000,32,2,2,1,,75,3,0.001090,0.000000,0.00e+00,704.3535,0.0000
CUDA_WarpRow,CUDA,2000,6000,32,2,2,1,,75,1,0.001173,0.094214,0.00e+00,654.7005,80.3154
CUDA_WarpRow,CUDA,2000,6000,32,2,2,1,,75,2,0.001213,0.000000,0.00e+00,633.3301,0.0000
CUDA_WarpRow,CUDA,2000,6000,32,2,2,1,,75,3,0.001212,0.000000,0.00e+00,633.5400,0.0000
CUDA_Transposed,CUDA,2000,6000,32,2,2,1,,75,1,0.001518,0.087070,0.00e+00,505.8969,57.3551
CUDA_Transposed,CUDA,2000,6000,32,2,2,1,,75,2,0.001531,0.000000,0.00e+00,501.4990,0.0000
CUDA_Transposed,CUDA,2000,6000,32,2,2,1,,75,3,0.001519,0.000000,0.00e+00,505.7197,0.0000
CUDA_Naive,CUDA,2000,6000,64,2,2,1,,75,1,0.002129,0.176050,1.21e-08,721.6028,82.7070
CUDA_Naive,CUDA,2000,6000,64,2,2,1,,75,2,0.002128,0.000000,0.00e+00,721.8869,0.0000
CUDA_Naive,CUDA,2000,6000,64,2,2,1,,75,3,0.002127,0.000000,0.00e+00,722.0529,0.0000
CUDA_Opt2D,CUDA,2000,6000,64,2,2,1,,75,1,0.002129,0.182829,1.21e-08,721.4579,85.8748
CUDA_Opt2D,CUDA,2000,6000,64,2,2,1,,75,2,0.002055,0.000000,0.00e+00,747.4438,0.0000
CUDA_Opt2D,CUDA,2000,6000,64,2,2,1,,75,3,0.002034,0.000000,0.00e+00,755.0389,0.0000
CUDA_Tiled,CUDA,2000,6000,64,2,2,1,,75,1,0.001857,0.179003,1.21e-08,827.0198,96.3797
CUDA_Tiled,CUDA,2000,6000,64,2,2,1,,75,2,0.001761,0.000000,0.00e+00,872.1882,0.0000
CUDA_Tiled,CUDA,2000,6000,64,2,2,1,,75,3,0.001763,0.000000,0.00e+00,871.2769,0.0000
CUDA_WarpRow,CUDA,2000,6000,64,2,2,1,,75,1,0.001964,0.180821,1.21e-08,782.2363,92.0866
CUDA_WarpRow,CUDA,2000,6000,64,2,2,1,,75,2,0.002025,0.000000,0.00e+00,758.6497,0.0000
CUDA_WarpRow,CUDA,2000,6000,64,2,2,1,,75,3,0.002213,0.000000,0.00e+00,693.9993,0.0000
CUDA_Transposed,CUDA,2000,6000,64,2,2,1,,75,1,0.002770,0.186125,1.21e-08,554.6067,67.2045
CUDA_Transposed,CUDA,2000,6000,64,2,2,1,,75,2,0.002764,0.000000,0.00e+00,555.7814,0.0000
CUDA_Transposed,CUDA,2000,6000,64,2,2,1,,75,3,0.002760,0.000000,0.00e+00,556.5864,0.0000
CUDA_Naive,CUDA,2000,6000,128,2,2,1,,75,1,0.003677,0.344515,2.09e-08,835.5638,93.7059
CUDA_Naive,CUDA,2000,6000,128,2,2,1,,75,2,0.003681,0.000000,0.00e+00,834.5887,0.0000
CUDA_Naive,CUDA,2000,6000,128,2,2,1,,75,3,0.003353,0.000000,0.00e+00,916.2691,0.0000
CUDA_Opt2D,CUDA,2000,6000,128,2,2,1,,75,1,0.003339,0.342718,2.09e-08,920.1574,102.6544
CUDA_Opt2D,CUDA,2000,6000,128,2,2,1,,75,2,0.003276,0.000000,0.00e+00,937.8138,0.0000
CUDA_Opt2D,CUDA,2000,6000,128,2,2,1,,75,3,0.003353,0.000000,0.00e+00,916.2464,0.0000
CUDA_Tiled,CUDA,2000,6000,128,2,2,1,,75,1,0.002914,0.348992,2.09e-08,1054.0420,119.7435
CUDA_Tiled,CUDA,2000,6000,128,2,2,1,,75,2,0.002907,0.000000,0.00e+00,1056.8765,0.0000
CUDA_Tiled,CUDA,2000,6000,128,2,2,1,,75,3,0.002894,0.000000,0.00e+00,1061.3537,0.0000
CUDA_WarpRow,CUDA,2000,6000,128,2,2,1,,75,1,0.004176,0.338201,2.09e-08,735.5522,80.9781
CUDA_WarpRow,CUDA,2000,6000,128,2,2,1,,75,2,0.004177,0.000000,0.00e+00,735.5390,0.0000
CUDA_WarpRow,CUDA,2000,6000,128,2,2,1,,75,3,0.004175,0.000000,0.00e+00,735.8541,0.0000
CUDA_Transposed,CUDA,2000,6000,128,2,2,1,,75,1,0.003722,0.340564,2.09e-08,825.3420,91.4980
CUDA_Transposed,CUDA,2000,6000,128,2,2,1,,75,2,0.003892,0.000000,0.00e+00,789.3387,0.0000
CUDA_Transposed,CUDA,2000,6000,128,2,2,1,,75,3,0.003820,0.000000,0.00e+00,804.2706,0.0000
CUDA_Naive,CUDA,2000,2000,3,4,1,4,,75,1,0.000626,0.013484,3.15e-06,38.3639,21.5540
CUDA_Naive,CUDA,2000,2000,3,4,1,4,,75,2,0.000616,0.000000,0.00e+00,38.9570,0.0000
CUDA_Naive,CUDA,2000,2000,3,4,1,4,,75,3,0.000616,0.000000,0.00e+00,38.9754,0.0000
CUDA_Opt2D,CUDA,2000,2000,3,4,1,4,,75,1,0.000625,0.013598,3.15e-06,38.3797,21.7457
CUDA_Opt2D,CUDA,2000,2000,3,4,1,4,,75,2,0.000617,0.000000,0.00e+00,38.8893,0.0000
CUDA_Opt2D,CUDA,2000,2000,3,4,1,4,,75,3,0.000732,0.000000,0.00e+00,32.7785,0.0000
CUDA_Tiled,CUDA,2000,2000,3,4,1,4,,75,1,0.000620,0.012768,3.15e-06,38.6858,20.5809
CUDA_Tiled,CUDA,2000,2000,3,4,1,4,,75,2,0.000628,0.000000,0.00e+00,38.2306,0.0000
CUDA_Tiled,CUDA,2000,2000,3,4,1,4,,75,3,0.000628,0.000000,0.00e+00,38.2143,0.0000
CUDA_WarpRow,CUDA,2000,2000,3,4,1,4,,75,1,0.000624,0.013567,3.15e-06,38.4367,21.7285
CUDA_WarpRow,CUDA,2000,2000,3,4,1,4,,75,2,0.000625,0.000000,0.00e+00,38.4153,0.0000
CUDA_WarpRow,CUDA,2000,2000,3,4,1,4,,75,3,0.000615,0.000000,0.00e+00,39.0341,0.0000
CUDA_Transposed,CUDA,2000,2000,3,4,1,4,,75,1,0.000557,0.013305,3.15e-06,43.0617,23.8721
CUDA_Transposed,CUDA,2000,2000,3,4,1,4,,75,2,0.000549,0.000000,0.00e+00,43.7463,0.0000
CUDA_Transposed,CUDA,2000,2000,3,4,1,4,,75,3,0.000556,0.000000,0.00e+00,43.1490,0.0000
CUDA_Naive,CUDA,2000,2000,6,4,1,4,,75,1,0.000619,0.018120,1.59e-06,77.5762,29.2849
CUDA_Naive,CUDA,2000,2000,6,4,1,4,,75,2,0.000628,0.000000,0.00e+00,76.3992,0.0000
CUDA_Naive,CUDA,2000,2000,6,4,1,4,,75,3,0.000627,0.000000,0.00e+00,76.5068,0.0000
CUDA_Opt2D,CUDA,2000,2000,6,4,1,4,,75,1,0.000629,0.017135,1.59e-06,76.3506,27.2558
CUDA_Opt2D,CUDA,2000,2000,6,4,1,4,,75,2,0.000628,0.000000,0.00e+00,76.4229,0.0000
CUDA_Opt2D,CUDA,2000,2000,6,4,1,4,,75,3,0.000628,0.000000,0.00e+00,76.4368,0.0000
CUDA_Tiled,CUDA,2000,2000,6,4,1,4,,75,1,0.000620,0.017547,1.59e-06,77.4494,28.3132
CUDA_Tiled,CUDA,2000,2000,6,4,1,4,,75,2,0.000723,0.000000,0.00e+00,66.3669,0.0000
CUDA_Tiled,CUDA,2000,2000,6,4,1,4,,75,3,0.000620,0.000000,0.00e+00,77.3627,0.0000
CUDA_WarpRow,CUDA,2000,2000,6,4,1,4,,75,1,0.000626,0.019189,1.59e-06,76.6833,30.6557
CUDA_WarpRow,CUDA,2000,2000,6,4,1,4,,75,2,0.000732,0.000000,0.00e+00,65.5824,0.0000
CUDA_WarpRow,CUDA,2000,2000,6,4,1,4,,75,3,0.000616,0.000000,0.00e+00,77.8909,0.0000
CUDA_Transposed,CUDA,2000,2000,6,4,1,4,,75,1,0.000632,0.018091,1.59e-06,75.9709,28.6335
CUDA_Transposed,CUDA,2000,2000,6,4,1,4,,75,2,0.000560,0.000000,0.00e+00,85.7268,0.0000
CUDA_Transposed,CUDA,2000,2000,6,4,1,4,,75,3,0.000560,0.000000,0.00e+00,85.7131,0.0000
CUDA_Naive,CUDA,2000,2000,8,4,1,4,,75,1,0.000629,0.013320,1.18e-06,101.8032,21.1879
CUDA_Naive,CUDA,2000,2000,8,4,1,4,,75,2,0.000629,0.000000,0.00e+00,101.8030,0.0000
CUDA_Naive,CUDA,2000,2000,8,4,1,4,,75,3,0.000705,0.000000,0.00e+00,90.8151,0.0000
CUDA_Opt2D,CUDA,2000,2000,8,4,1,4,,75,1,0.000619,0.013438,1.18e-06,103.3266,21.6957
CUDA_Opt2D,CUDA,2000,2000,8,4,1,4,,75,2,0.000620,0.000000,0.00e+00,103.2881,0.0000
CUDA_Opt2D,CUDA,2000,2000,8,4,1,4,,75,3,0.000629,0.000000,0.00e+00,101.7956,0.0000
CUDA_Tiled,CUDA,2000,2000,8,4,1,4,,75,1,0.000621,0.013493,1.18e-06,102.9911,21.7133
CUDA_Tiled,CUDA,2000,2000,8,4,1,4,,75,2,0.000725,0.000000,0.00e+00,88.3025,0.0000
CUDA_Tiled,CUDA,2000,2000,8,4,1,4,,75,3,0.000627,0.000000,0.00e+00,102.0019,0.0000
CUDA_WarpRow,CUDA,2000,2000,8,4,1,4,,75,1,0.000618,0.013468,1.18e-06,103.5553,21.7917
CUDA_WarpRow,CUDA,2000,2000,8,4,1,4,,75,2,0.000733,0.000000,0.00e+00,87.3718,0.0000
CUDA_WarpRow,CUDA,2000,2000,8,4,1,4,,75,3,0.000617,0.000000,0.00e+00,103.6681,0.0000
CUDA_Transposed,CUDA,2000,2000,8,4,1,4,,75,1,0.000558,0.013206,1.18e-06,114.6525,23.6581
CUDA_Transposed,CUDA,2000,2000,8,4,1,4,,75,2,0.000558,0.000000,0.00e+00,114.6825,0.0000
CUDA_Transposed,CUDA,2000,2000,8,4,1,4,,75,3,0.000568,0.000000,0.00e+00,112.7708,0.0000
CUDA_Naive,CUDA,2000,2000,20,4,1,4,,75,1,0.000624,0.021505,1.85e-06,256.2132,34.4372
CUDA_Naive,CUDA,2000,2000,20,4,1,4,,75,2,0.000649,0.000000,0.00e+00,246.5343,0.0000
CUDA_Naive,CUDA,2000,2000,20,4,1,4,,75,3,0.000624,0.000000,0.00e+00,256.2210,0.0000
CUDA_Opt2D,CUDA,2000,2000,20,4,1,4,,75,1,0.000624,0.021486,1.85e-06,256.2487,34.4109
CUDA_Opt2D,CUDA,2000,2000,20,4,1,4,,75,2,0.000731,0.000000,0.00e+00,218.8341,0.0000
CUDA_Opt2D,CUDA,2000,2000,20,4,1,4,,75,3,0.000624,0.000000,0.00e+00,256.3342,0.0000
CUDA_Tiled,CUDA,2000,2000,20,4,1,4,,75,1,0.000708,0.021792,1.85e-06,225.9726,30.7777
CUDA_Tiled,CUDA,2000,2000,20,4,1,4,,75,2,0.000623,0.000000,0.00e+00,256.9907,0.0000
CUDA_Tiled,CUDA,2000,2000,20,4,1,4,,75,3,0.000631,0.000000,0.00e+00,253.7433,0.0000
CUDA_WarpRow,CUDA,2000,2000,20,4,1,4,,75,1,0.000696,0.020617,1.85e-06,229.7252,29.6010
CUDA_WarpRow,CUDA,2000,2000,20,4,1,4,,75,2,0.000633,0.000000,0.00e+00,252.9592,0.0000
CUDA_WarpRow,CUDA,2000,2000,20,4,1,4,,75,3,0.000632,0.000000,0.00e+00,253.1262,0.0000
CUDA_Transposed,CUDA,2000,2000,20,4,1,4,,75,1,0.000715,0.021795,1.85e-06,223.8847,30.4973
CUDA_Transposed,CUDA,2000,2000,20,4,1,4,,75,2,0.000610,0.000000,0.00e+00,262.2856,0.0000
CUDA_Transposed,CUDA,2000,2000,20,4,1,4,,75,3,0.000601,0.000000,0.00e+00,266.1733,0.0000
CUDA_Naive,CUDA,2000,2000,32,4,1,4,,75,1,0.000731,0.030862,1.47e-06,349.9690,42.1898
CUDA_Naive,CUDA,2000,2000,32,4,1,4,,75,2,0.000625,0.000000,0.00e+00,409.8225,0.0000
CUDA_Naive,CUDA,2000,2000,32,4,1,4,,75,3,0.000625,0.000000,0.00e+00,409.4586,0.0000
CUDA_Opt2D,CUDA,2000,2000,32,4,1,4,,75,1,0.000742,0.030270,1.47e-06,344.8139,40.7714
CUDA_Opt2D,CUDA,2000,2000,32,4,1,4,,75,2,0.000663,0.000000,0.00e+00,386.2375,0.0000
CUDA_Opt2D,CUDA,2000,2000,32,4,1,4,,75,3,0.000634,0.000000,0.00e+00,404.0104,0.0000
CUDA_Tiled,CUDA,2000,2000,32,4,1,4,,75,1,0.000624,0.028394,1.47e-06,410.3784,45.5172
CUDA_Tiled,CUDA,2000,2000,32,4,1,4,,75,2,0.000741,0.000000,0.00e+00,345.5321,0.0000
CUDA_Tiled,CUDA,2000,2000,32,4,1,4,,75,3,0.000622,0.000000,0.00e+00,411.3234,0.0000
CUDA_WarpRow,CUDA,2000,2000,32,4,1,4,,75,1,0.000623,0.030106,1.47e-06,411.0097,48.3353
CUDA_WarpRow,CUDA,2000,2000,32,4,1,4,,75,2,0.000729,0.000000,0.00e+00,350.9717,0.0000
CUDA_WarpRow,CUDA,2000,2000,32,4,1,4,,75,3,0.000631,0.000000,0.00e+00,405.4733,0.0000
CUDA_Transposed,CUDA,2000,2000,32,4,1,4,,75,1,0.000730,0.029239,1.47e-06,350.4865,40.0310
CUDA_Transposed,CUDA,2000,2000,32,4,1,4,,75,2,0.000730,0.000000,0.00e+00,350.6740,0.0000
CUDA_Transposed,CUDA,2000,2000,32,4,1,4,,75,3,0.000730,0.000000,0.00e+00,350.5699,0.0000
CUDA_Naive,CUDA,2000,2000,64,4,1,4,,75,1,0.000840,0.055355,1.59e-06,609.5549,65.9025
CUDA_Naive,CUDA,2000,2000,64,4,1,4,,75,2,0.000840,0.000000,0.00e+00,609.3006,0.0000
CUDA_Naive,CUDA,2000,2000,64,4,1,4,,75,3,0.000849,0.000000,0.00e+00,602.7927,0.0000
CUDA_Opt2D,CUDA,2000,2000,64,4,1,4,,75,1,0.000850,0.053839,1.59e-06,602.0669,63.3102
CUDA_Opt2D,CUDA,2000,2000,64,4,1,4,,75,2,0.000850,0.000000,0.00e+00,602.0030,0.0000
CUDA_Opt2D,CUDA,2000,2000,64,4,1,4,,75,3,0.000986,0.000000,0.00e+00,519.3154,0.0000
CUDA_Tiled,CUDA,2000,2000,64,4,1,4,,75,1,0.000761,0.057424,1.59e-06,673.0757,75.4898
CUDA_Tiled,CUDA,2000,2000,64,4,1,4,,75,2,0.000769,0.000000,0.00e+00,665.4083,0.0000
CUDA_Tiled,CUDA,2000,2000,64,4,1,4,,75,3,0.000889,0.000000,0.00e+00,576.0954,0.0000
CUDA_WarpRow,CUDA,2000,2000,64,4,1,4,,75,1,0.000881,0.055366,1.59e-06,580.8378,62.8098
CUDA_WarpRow,CUDA,2000,2000,64,4,1,4,,75,2,0.000881,0.000000,0.00e+00,581.0871,0.0000
CUDA_WarpRow,CUDA,2000,2000,64,4,1,4,,75,3,0.000882,0.000000,0.00e+00,580.4633,0.0000
CUDA_Transposed,CUDA,2000,2000,64,4,1,4,,75,1,0.000923,0.054781,1.59e-06,554.4414,59.3217
CUDA_Transposed,CUDA,2000,2000,64,4,1,4,,75,2,0.000914,0.000000,0.00e+00,560.3826,0.0000
CUDA_Transposed,CUDA,2000,2000,64,4,1,4,,75,3,0.001073,0.000000,0.00e+00,477.0290,0.0000
CUDA_Naive,CUDA,2000,2000,128,4,1,4,,75,1,0.001263,0.103959,1.65e-06,810.8289,82.3173
CUDA_Naive,CUDA,2000,2000,128,4,1,4,,75,2,0.001272,0.000000,0.00e+00,804.7985,0.0000
CUDA_Naive,CUDA,2000,2000,128,4,1,4,,75,3,0.001266,0.000000,0.00e+00,809.1333,0.0000
CUDA_Opt2D,CUDA,2000,2000,128,4,1,4,,75,1,0.001364,0.107610,1.65e-06,750.6837,78.8877
CUDA_Opt2D,CUDA,2000,2000,128,4,1,4,,75,2,0.001275,0.000000,0.00e+00,803.3984,0.0000
CUDA_Opt2D,CUDA,2000,2000,128,4,1,4,,75,3,0.001292,0.000000,0.00e+00,792.6438,0.0000
CUDA_Tiled,CUDA,2000,2000,128,4,1,4,,75,1,0.001145,0.100690,1.65e-06,893.9599,87.9031
CUDA_Tiled,CUDA,2000,2000,128,4,1,4,,75,2,0.001153,0.000000,0.00e+00,888.0757,0.0000
CUDA_Tiled,CUDA,2000,2000,128,4,1,4,,75,3,0.001154,0.000000,0.00e+00,887.3606,0.0000
CUDA_WarpRow,CUDA,2000,2000,128,4,1,4,,75,1,0.001375,0.105884,1.65e-06,744.6223,76.9955
CUDA_WarpRow,CUDA,2000,2000,128,4,1,4,,75,2,0.001372,0.000000,0.00e+00,746.4212,0.0000
CUDA_WarpRow,CUDA,2000,2000,128,4,1,4,,75,3,0.001554,0.000000,0.00e+00,658.9411,0.0000
CUDA_Transposed,CUDA,2000,2000,128,4,1,4,,75,1,0.001425,0.112881,1.65e-06,718.6996,79.2258
CUDA_Transposed,CUDA,2000,2000,128,4,1,4,,75,2,0.001606,0.000000,0.00e+00,637.4404,0.0000
CUDA_Transposed,CUDA,2000,2000,128,4,1,4,,75,3,0.001434,0.000000,0.00e+00,713.9023,0.0000
CUDA_Naive,CUDA,2000,4000,3,4,1,4,,75,1,0.000883,0.026692,5.99e-06,54.3746,30.2369
CUDA_Naive,CUDA,2000,4000,3,4,1,4,,75,2,0.001040,0.000000,0.00e+00,46.1338,0.0000
CUDA_Naive,CUDA,2000,4000,3,4,1,4,,75,3,0.000891,0.000000,0.00e+00,53.8772,0.0000
CUDA_Opt2D,CUDA,2000,4000,3,4,1,4,,75,1,0.000891,0.026788,5.99e-06,53.8460,30.0507
CUDA_Opt2D,CUDA,2000,4000,3,4,1,4,,75,2,0.000891,0.000000,0.00e+00,53.8458,0.0000
CUDA_Opt2D,CUDA,2000,4000,3,4,1,4,,75,3,0.000891,0.000000,0.00e+00,53.9020,0.0000
CUDA_Tiled,CUDA,2000,4000,3,4,1,4,,75,1,0.000888,0.026722,5.99e-06,54.0537,30.0924
CUDA_Tiled,CUDA,2000,4000,3,4,1,4,,75,2,0.000889,0.000000,0.00e+00,53.9653,0.0000
CUDA_Tiled,CUDA,2000,4000,3,4,1,4,,75,3,0.000889,0.000000,0.00e+00,53.9649,0.0000
CUDA_WarpRow,CUDA,2000,4000,3,4,1,4,,75,1,0.000879,0.027450,5.99e-06,54.6010,31.2248
CUDA_WarpRow,CUDA,2000,4000,3,4,1,4,,75,2,0.000888,0.000000,0.00e+00,54.0489,0.0000
CUDA_WarpRow,CUDA,2000,4000,3,4,1,4,,75,3,0.001036,0.000000,0.00e+00,46.3360,0.0000
CUDA_Transposed,CUDA,2000,4000,3,4,1,4,,75,1,0.000715,0.025730,5.99e-06,67.1005,35.9686
CUDA_Transposed,CUDA,2000,4000,3,4,1,4,,75,2,0.000708,0.000000,0.00e+00,67.8307,0.0000
CUDA_Transposed,CUDA,2000,4000,3,4,1,4,,75,3,0.000717,0.000000,0.00e+00,66.9474,0.0000
CUDA_Naive,CUDA,2000,4000,6,4,1,4,,75,1,0.001030,0.034579,2.14e-06,93.1816,33.5642
CUDA_Naive,CUDA,2000,4000,6,4,1,4,,75,2,0.000895,0.000000,0.00e+00,107.2845,0.0000
CUDA_Naive,CUDA,2000,4000,6,4,1,4,,75,3,0.000886,0.000000,0.00e+00,108.3959,0.0000
CUDA_Opt2D,CUDA,2000,4000,6,4,1,4,,75,1,0.000885,0.034562,2.14e-06,108.4316,39.0381
CUDA_Opt2D,CUDA,2000,4000,6,4,1,4,,75,2,0.000894,0.000000,0.00e+00,107.3328,0.0000
CUDA_Opt2D,CUDA,2000,4000,6,4,1,4,,75,3,0.000896,0.000000,0.00e+00,107.1976,0.0000
CUDA_Tiled,CUDA,2000,4000,6,4,1,4,,75,1,0.001039,0.034470,2.14e-06,92.3653,33.1646
CUDA_Tiled,CUDA,2000,4000,6,4,1,4,,75,2,0.000890,0.000000,0.00e+00,107.8159,0.0000
CUDA_Tiled,CUDA,2000,4000,6,4,1,4,,75,3,0.000877,0.000000,0.00e+00,109.4020,0.0000
CUDA_WarpRow,CUDA,2000,4000,6,4,1,4,,75,1,0.001029,0.037305,2.14e-06,93.3207,36.2642
CUDA_WarpRow,CUDA,2000,4000,6,4,1,4,,75,2,0.000882,0.000000,0.00e+00,108.8514,0.0000
CUDA_WarpRow,CUDA,2000,4000,6,4,1,4,,75,3,0.000880,0.000000,0.00e+00,109.0554,0.0000
CUDA_Transposed,CUDA,2000,4000,6,4,1,4,,75,1,0.000722,0.036987,2.14e-06,132.9784,51.2337
CUDA_Transposed,CUDA,2000,4000,6,4,1,4,,75,2,0.000722,0.000000,0.00e+00,133.0018,0.0000
CUDA_Transposed,CUDA,2000,4000,6,4,1,4,,75,3,0.000821,0.000000,0.00e+00,116.8871,0.0000
CUDA_Naive,CUDA,2000,4000,8,4,1,4,,75,1,0.000886,0.026329,3.62e-06,144.5106,29.7256
CUDA_Naive,CUDA,2000,4000,8,4,1,4,,75,2,0.000886,0.000000,0.00e+00,144.4148,0.0000
CUDA_Naive,CUDA,2000,4000,8,4,1,4,,75,3,0.000888,0.000000,0.00e+00,144.0767,0.0000
CUDA_Opt2D,CUDA,2000,4000,8,4,1,4,,75,1,0.001013,0.026828,3.62e-06,126.3942,26.4914
CUDA_Opt2D,CUDA,2000,4000,8,4,1,4,,75,2,0.000886,0.000000,0.00e+00,144.4395,0.0000
CUDA_Opt2D,CUDA,2000,4000,8,4,1,4,,75,3,0.000896,0.000000,0.00e+00,142.8631,0.0000
CUDA_Tiled,CUDA,2000,4000,8,4,1,4,,75,1,0.000890,0.026377,3.62e-06,143.7995,29.6329
CUDA_Tiled,CUDA,2000,4000,8,4,1,4,,75,2,0.000890,0.000000,0.00e+00,143.8026,0.0000
CUDA_Tiled,CUDA,2000,4000,8,4,1,4,,75,3,0.000888,0.000000,0.00e+00,144.1407,0.0000
CUDA_WarpRow,CUDA,2000,4000,8,4,1,4,,75,1,0.000884,0.025486,3.62e-06,144.8185,28.8345
CUDA_WarpRow,CUDA,2000,4000,8,4,1,4,,75,2,0.000883,0.000000,0.00e+00,144.9059,0.0000
CUDA_WarpRow,CUDA,2000,4000,8,4,1,4,,75,3,0.000989,0.000000,0.00e+00,129.4301,0.0000
CUDA_Transposed,CUDA,2000,4000,8,4,1,4,,75,1,0.000719,0.026801,3.62e-06,177.9848,37.2673
CUDA_Transposed,CUDA,2000,4000,8,4,1,4,,75,2,0.000728,0.000000,0.00e+00,175.7123,0.0000
CUDA_Transposed,CUDA,2000,4000,8,4,1,4,,75,3,0.000729,0.000000,0.00e+00,175.5602,0.0000
CUDA_Naive,CUDA,2000,4000,20,4,1,4,,75,1,0.000908,0.041494,2.43e-06,352.4675,45.7035
CUDA_Naive,CUDA,2000,4000,20,4,1,4,,75,2,0.000908,0.000000,0.00e+00,352.2823,0.0000
CUDA_Naive,CUDA,2000,4000,20,4,1,4,,75,3,0.001047,0.000000,0.00e+00,305.6556,0.0000
CUDA_Opt2D,CUDA,2000,4000,20,4,1,4,,75,1,0.000909,0.043155,2.43e-06,351.9084,47.4582
CUDA_Opt2D,CUDA,2000,4000,20,4,1,4,,75,2,0.000899,0.000000,0.00e+00,355.9361,0.0000
CUDA_Opt2D,CUDA,2000,4000,20,4,1,4,,75,3,0.000901,0.000000,0.00e+00,355.2565,0.0000
CUDA_Tiled,CUDA,2000,4000,20,4,1,4,,75,1,0.000934,0.042579,2.43e-06,342.7129,45.6012
CUDA_Tiled,CUDA,2000,4000,20,4,1,4,,75,2,0.000890,0.000000,0.00e+00,359.4615,0.0000
CUDA_Tiled,CUDA,2000,4000,20,4,1,4,,75,3,0.000889,0.000000,0.00e+00,360.0186,0.0000
CUDA_WarpRow,CUDA,2000,4000,20,4,1,4,,75,1,0.001048,0.042849,2.43e-06,305.3111,40.8822
CUDA_WarpRow,CUDA,2000,4000,20,4,1,4,,75,2,0.000950,0.000000,0.00e+00,336.8865,0.0000
CUDA_WarpRow,CUDA,2000,4000,20,4,1,4,,75,3,0.000905,0.000000,0.00e+00,353.6055,0.0000
CUDA_Transposed,CUDA,2000,4000,20,4,1,4,,75,1,0.000836,0.043147,2.43e-06,382.9826,51.6387
CUDA_Transposed,CUDA,2000,4000,20,4,1,4,,75,2,0.000967,0.000000,0.00e+00,330.8577,0.0000
CUDA_Transposed,CUDA,2000,4000,20,4,1,4,,75,3,0.000835,0.000000,0.00e+00,383.4496,0.0000
CUDA_Naive,CUDA,2000,4000,32,4,1,4,,75,1,0.000897,0.063200,2.69e-06,570.7652,70.4534
CUDA_Naive,CUDA,2000,4000,32,4,1,4,,75,2,0.000896,0.000000,0.00e+00,571.1162,0.0000
CUDA_Naive,CUDA,2000,4000,32,4,1,4,,75,3,0.001050,0.000000,0.00e+00,487.4245,0.0000
CUDA_Opt2D,CUDA,2000,4000,32,4,1,4,,75,1,0.000896,0.058438,2.69e-06,571.6824,65.2496
CUDA_Opt2D,CUDA,2000,4000,32,4,1,4,,75,2,0.000905,0.000000,0.00e+00,565.7639,0.0000
CUDA_Opt2D,CUDA,2000,4000,32,4,1,4,,75,3,0.000905,0.000000,0.00e+00,565.5198,0.0000
CUDA_Tiled,CUDA,2000,4000,32,4,1,4,,75,1,0.000889,0.056826,2.69e-06,575.7462,63.9012
CUDA_Tiled,CUDA,2000,4000,32,4,1,4,,75,2,0.000881,0.000000,0.00e+00,581.2212,0.0000
CUDA_Tiled,CUDA,2000,4000,32,4,1,4,,75,3,0.000892,0.000000,0.00e+00,573.7074,0.0000
CUDA_WarpRow,CUDA,2000,4000,32,4,1,4,,75,1,0.000894,0.063514,2.69e-06,572.7101,71.0454
CUDA_WarpRow,CUDA,2000,4000,32,4,1,4,,75,2,0.000892,0.000000,0.00e+00,574.2184,0.0000
CUDA_WarpRow,CUDA,2000,4000,32,4,1,4,,75,3,0.000901,0.000000,0.00e+00,568.1607,0.0000
CUDA_Transposed,CUDA,2000,4000,32,4,1,4,,75,1,0.001091,0.059488,2.69e-06,469.4005,54.5386
CUDA_Transposed,CUDA,2000,4000,32,4,1,4,,75,2,0.001089,0.000000,0.00e+00,470.2072,0.0000
CUDA_Transposed,CUDA,2000,4000,32,4,1,4,,75,3,0.001089,0.000000,0.00e+00,470.1449,0.0000
CUDA_Naive,CUDA,2000,4000,64,4,1,4,,75,1,0.001335,0.102827,3.25e-06,767.2058,77.0404
CUDA_Naive,CUDA,2000,4000,64,4,1,4,,75,2,0.001333,0.000000,0.00e+00,768.4396,0.0000
CUDA_Naive,CUDA,2000,4000,64,4,1,4,,75,3,0.001344,0.000000,0.00e+00,761.8505,0.0000
CUDA_Opt2D,CUDA,2000,4000,64,4,1,4,,75,1,0.001342,0.105857,3.25e-06,763.1775,78.8941
CUDA_Opt2D,CUDA,2000,4000,64,4,1,4,,75,2,0.001335,0.000000,0.00e+00,766.9674,0.0000
CUDA_Opt2D,CUDA,2000,4000,64,4,1,4,,75,3,0.001332,0.000000,0.00e+00,768.6352,0.0000
CUDA_Tiled,CUDA,2000,4000,64,4,1,4,,75,1,0.001147,0.106494,3.25e-06,892.9163,92.8614
CUDA_Tiled,CUDA,2000,4000,64,4,1,4,,75,2,0.001156,0.000000,0.00e+00,885.8529,0.0000
CUDA_Tiled,CUDA,2000,4000,64,4,1,4,,75,3,0.001275,0.000000,0.00e+00,802.9258,0.0000
CUDA_WarpRow,CUDA,2000,4000,64,4,1,4,,75,1,0.001403,0.103562,3.25e-06,729.7576,73.8040
CUDA_WarpRow,CUDA,2000,4000,64,4,1,4,,75,2,0.001395,0.000000,0.00e+00,734.1341,0.0000
CUDA_WarpRow,CUDA,2000,4000,64,4,1,4,,75,3,0.001394,0.000000,0.00e+00,734.6117,0.0000
CUDA_Transposed,CUDA,2000,4000,64,4,1,4,,75,1,0.001666,0.113176,3.25e-06,614.7406,67.9430
CUDA_Transposed,CUDA,2000,4000,64,4,1,4,,75,2,0.001473,0.000000,0.00e+00,695.3314,0.0000
CUDA_Transposed,CUDA,2000,4000,64,4,1,4,,75,3,0.001589,0.000000,0.00e+00,644.5667,0.0000
CUDA_Naive,CUDA,2000,4000,128,4,1,4,,75,1,0.002189,0.230069,3.49e-06,935.5123,105.0939
CUDA_Naive,CUDA,2000,4000,128,4,1,4,,75,2,0.002199,0.000000,0.00e+00,931.5300,0.0000
CUDA_Naive,CUDA,2000,4000,128,4,1,4,,75,3,0.002202,0.000000,0.00e+00,930.1857,0.0000
CUDA_Opt2D,CUDA,2000,4000,128,4,1,4,,75,1,0.002254,0.230170,3.49e-06,908.5288,102.1073
CUDA_Opt2D,CUDA,2000,4000,128,4,1,4,,75,2,0.002193,0.000000,0.00e+00,933.8412,0.0000
CUDA_Opt2D,CUDA,2000,4000,128,4,1,4,,75,3,0.002523,0.000000,0.00e+00,811.6778,0.0000
CUDA_Tiled,CUDA,2000,4000,128,4,1,4,,75,1,0.001918,0.211172,3.49e-06,1068.0169,110.1246
CUDA_Tiled,CUDA,2000,4000,128,4,1,4,,75,2,0.001916,0.000000,0.00e+00,1069.0874,0.0000
CUDA_Tiled,CUDA,2000,4000,128,4,1,4,,75,3,0.002108,0.000000,0.00e+00,971.5129,0.0000
CUDA_WarpRow,CUDA,2000,4000,128,4,1,4,,75,1,0.002427,0.212900,3.49e-06,843.7704,87.7142
CUDA_WarpRow,CUDA,2000,4000,128,4,1,4,,75,2,0.002455,0.000000,0.00e+00,834.0636,0.0000
CUDA_WarpRow,CUDA,2000,4000,128,4,1,4,,75,3,0.002459,0.000000,0.00e+00,832.9175,0.0000
CUDA_Transposed,CUDA,2000,4000,128,4,1,4,,75,1,0.002584,0.216833,3.49e-06,792.6077,83.9176
CUDA_Transposed,CUDA,2000,4000,128,4,1,4,,75,2,0.002583,0.000000,0.00e+00,792.8314,0.0000
CUDA_Transposed,CUDA,2000,4000,128,4,1,4,,75,3,0.002657,0.000000,0.00e+00,770.8515,0.0000
CUDA_Naive,CUDA,4000,2000,3,4,1,4,,75,1,0.000831,0.026227,3.15e-06,57.7750,31.5684
CUDA_Naive,CUDA,4000,2000,3,4,1,4,,75,2,0.000831,0.000000,0.00e+00,57.7755,0.0000
CUDA_Naive,CUDA,4000,2000,3,4,1,4,,75,3,0.000832,0.000000,0.00e+00,57.6720,0.0000
CUDA_Opt2D,CUDA,4000,2000,3,4,1,4,,75,1,0.000976,0.026765,3.15e-06,49.1833,27.4247
CUDA_Opt2D,CUDA,4000,2000,3,4,1,4,,75,2,0.000840,0.000000,0.00e+00,57.1160,0.0000
CUDA_Opt2D,CUDA,4000,2000,3,4,1,4,,75,3,0.000840,0.000000,0.00e+00,57.1179,0.0000
CUDA_Tiled,CUDA,4000,2000,3,4,1,4,,75,1,0.000821,0.027103,3.15e-06,58.4770,33.0184
CUDA_Tiled,CUDA,4000,2000,3,4,1,4,,75,2,0.000774,0.000000,0.00e+00,62.0354,0.0000
CUDA_Tiled,CUDA,4000,2000,3,4,1,4,,75,3,0.000766,0.000000,0.00e+00,62.6968,0.0000
CUDA_WarpRow,CUDA,4000,2000,3,4,1,4,,75,1,0.000829,0.027232,3.15e-06,57.8905,32.8427
CUDA_WarpRow,CUDA,4000,2000,3,4,1,4,,75,2,0.000839,0.000000,0.00e+00,57.2382,0.0000
CUDA_WarpRow,CUDA,4000,2000,3,4,1,4,,75,3,0.000963,0.000000,0.00e+00,49.8661,0.0000
CUDA_Transposed,CUDA,4000,2000,3,4,1,4,,75,1,0.000654,0.027363,3.15e-06,73.4215,41.8550
CUDA_Transposed,CUDA,4000,2000,3,4,1,4,,75,2,0.000644,0.000000,0.00e+00,74.5570,0.0000
CUDA_Transposed,CUDA,4000,2000,3,4,1,4,,75,3,0.000644,0.000000,0.00e+00,74.5385,0.0000
CUDA_Naive,CUDA,4000,2000,6,4,1,4,,75,1,0.000835,0.034680,1.59e-06,115.0375,41.5569
CUDA_Naive,CUDA,4000,2000,6,4,1,4,,75,2,0.000835,0.000000,0.00e+00,114.9912,0.0000
CUDA_Naive,CUDA,4000,2000,6,4,1,4,,75,3,0.000969,0.000000,0.00e+00,99.0339,0.0000
CUDA_Opt2D,CUDA,4000,2000,6,4,1,4,,75,1,0.000842,0.034473,1.59e-06,113.9677,40.9250
CUDA_Opt2D,CUDA,4000,2000,6,4,1,4,,75,2,0.000843,0.000000,0.00e+00,113.9185,0.0000
CUDA_Opt2D,CUDA,4000,2000,6,4,1,4,,75,3,0.000844,0.000000,0.00e+00,113.7832,0.0000
CUDA_Tiled,CUDA,4000,2000,6,4,1,4,,75,1,0.000866,0.035091,1.59e-06,110.8549,40.5213
CUDA_Tiled,CUDA,4000,2000,6,4,1,4,,75,2,0.000809,0.000000,0.00e+00,118.6602,0.0000
CUDA_Tiled,CUDA,4000,2000,6,4,1,4,,75,3,0.000765,0.000000,0.00e+00,125.4736,0.0000
CUDA_WarpRow,CUDA,4000,2000,6,4,1,4,,75,1,0.000840,0.036582,1.59e-06,114.2790,43.5469
CUDA_WarpRow,CUDA,4000,2000,6,4,1,4,,75,2,0.000840,0.000000,0.00e+00,114.3347,0.0000
CUDA_WarpRow,CUDA,4000,2000,6,4,1,4,,75,3,0.000841,0.000000,0.00e+00,114.1873,0.0000
CUDA_Transposed,CUDA,4000,2000,6,4,1,4,,75,1,0.000652,0.037427,1.59e-06,147.2298,57.4004
CUDA_Transposed,CUDA,4000,2000,6,4,1,4,,75,2,0.000651,0.000000,0.00e+00,147.4457,0.0000
CUDA_Transposed,CUDA,4000,2000,6,4,1,4,,75,3,0.000745,0.000000,0.00e+00,128.8056,0.0000
CUDA_Naive,CUDA,4000,2000,8,4,1,4,,75,1,0.000843,0.026939,1.18e-06,151.8337,31.9547
CUDA_Naive,CUDA,4000,2000,8,4,1,4,,75,2,0.000844,0.000000,0.00e+00,151.5915,0.0000
CUDA_Naive,CUDA,4000,2000,8,4,1,4,,75,3,0.000835,0.000000,0.00e+00,153.3578,0.0000
CUDA_Opt2D,CUDA,4000,2000,8,4,1,4,,75,1,0.000843,0.026007,1.18e-06,151.8005,30.8429
CUDA_Opt2D,CUDA,4000,2000,8,4,1,4,,75,2,0.000834,0.000000,0.00e+00,153.4614,0.0000
CUDA_Opt2D,CUDA,4000,2000,8,4,1,4,,75,3,0.000834,0.000000,0.00e+00,153.5196,0.0000
CUDA_Tiled,CUDA,4000,2000,8,4,1,4,,75,1,0.000774,0.026047,1.18e-06,165.3013,33.6372
CUDA_Tiled,CUDA,4000,2000,8,4,1,4,,75,2,0.000777,0.000000,0.00e+00,164.7673,0.0000
CUDA_Tiled,CUDA,4000,2000,8,4,1,4,,75,3,0.000807,0.000000,0.00e+00,158.6746,0.0000
CUDA_WarpRow,CUDA,4000,2000,8,4,1,4,,75,1,0.000831,0.026794,1.18e-06,154.0289,32.2423
CUDA_WarpRow,CUDA,4000,2000,8,4,1,4,,75,2,0.000831,0.000000,0.00e+00,154.0728,0.0000
CUDA_WarpRow,CUDA,4000,2000,8,4,1,4,,75,3,0.000833,0.000000,0.00e+00,153.7119,0.0000
CUDA_Transposed,CUDA,4000,2000,8,4,1,4,,75,1,0.000737,0.026763,1.18e-06,173.5908,36.2960
CUDA_Transposed,CUDA,4000,2000,8,4,1,4,,75,2,0.000664,0.000000,0.00e+00,192.6458,0.0000
CUDA_Transposed,CUDA,4000,2000,8,4,1,4,,75,3,0.000674,0.000000,0.00e+00,189.8834,0.0000
CUDA_Naive,CUDA,4000,2000,20,4,1,4,,75,1,0.000853,0.042810,1.85e-06,375.0619,50.1760
CUDA_Naive,CUDA,4000,2000,20,4,1,4,,75,2,0.000853,0.000000,0.00e+00,375.0057,0.0000
CUDA_Naive,CUDA,4000,2000,20,4,1,4,,75,3,0.000993,0.000000,0.00e+00,322.1880,0.0000
CUDA_Opt2D,CUDA,4000,2000,20,4,1,4,,75,1,0.000852,0.043352,1.85e-06,375.8021,50.9118
CUDA_Opt2D,CUDA,4000,2000,20,4,1,4,,75,2,0.000842,0.000000,0.00e+00,379.9539,0.0000
CUDA_Opt2D,CUDA,4000,2000,20,4,1,4,,75,3,0.000875,0.000000,0.00e+00,365.8664,0.0000
CUDA_Tiled,CUDA,4000,2000,20,4,1,4,,75,1,0.000776,0.043374,1.85e-06,412.2067,55.8722
CUDA_Tiled,CUDA,4000,2000,20,4,1,4,,75,2,0.000778,0.000000,0.00e+00,411.2157,0.0000
CUDA_Tiled,CUDA,4000,2000,20,4,1,4,,75,3,0.000892,0.000000,0.00e+00,358.6016,0.0000
CUDA_WarpRow,CUDA,4000,2000,20,4,1,4,,75,1,0.000849,0.043708,1.85e-06,376.7656,51.4617
CUDA_WarpRow,CUDA,4000,2000,20,4,1,4,,75,2,0.000849,0.000000,0.00e+00,376.8986,0.0000
CUDA_WarpRow,CUDA,4000,2000,20,4,1,4,,75,3,0.000850,0.000000,0.00e+00,376.4567,0.0000
CUDA_Transposed,CUDA,4000,2000,20,4,1,4,,75,1,0.000851,0.042626,1.85e-06,375.8360,50.0639
CUDA_Transposed,CUDA,4000,2000,20,4,1,4,,75,2,0.000862,0.000000,0.00e+00,371.2797,0.0000
CUDA_Transposed,CUDA,4000,2000,20,4,1,4,,75,3,0.000739,0.000000,0.00e+00,432.9194,0.0000
CUDA_Naive,CUDA,4000,2000,32,4,1,4,,75,1,0.000849,0.062266,1.47e-06,602.8233,73.3117
CUDA_Naive,CUDA,4000,2000,32,4,1,4,,75,2,0.000848,0.000000,0.00e+00,604.0813,0.0000
CUDA_Naive,CUDA,4000,2000,32,4,1,4,,75,3,0.000990,0.000000,0.00e+00,517.4272,0.0000
CUDA_Opt2D,CUDA,4000,2000,32,4,1,4,,75,1,0.000857,0.057446,1.47e-06,597.7251,67.0647
CUDA_Opt2D,CUDA,4000,2000,32,4,1,4,,75,2,0.000857,0.000000,0.00e+00,597.6065,0.0000
CUDA_Opt2D,CUDA,4000,2000,32,4,1,4,,75,3,0.000858,0.000000,0.00e+00,596.7594,0.0000
CUDA_Tiled,CUDA,4000,2000,32,4,1,4,,75,1,0.000778,0.062399,1.47e-06,657.9477,80.1859
CUDA_Tiled,CUDA,4000,2000,32,4,1,4,,75,2,0.000770,0.000000,0.00e+00,665.2060,0.0000
CUDA_Tiled,CUDA,4000,2000,32,4,1,4,,75,3,0.000779,0.000000,0.00e+00,657.5841,0.0000
CUDA_WarpRow,CUDA,4000,2000,32,4,1,4,,75,1,0.000844,0.056042,1.47e-06,606.7289,66.4109
CUDA_WarpRow,CUDA,4000,2000,32,4,1,4,,75,2,0.000853,0.000000,0.00e+00,600.3458,0.0000
CUDA_WarpRow,CUDA,4000,2000,32,4,1,4,,75,3,0.000854,0.000000,0.00e+00,599.5004,0.0000
CUDA_Transposed,CUDA,4000,2000,32,4,1,4,,75,1,0.001082,0.063930,1.47e-06,473.3798,59.1081
CUDA_Transposed,CUDA,4000,2000,32,4,1,4,,75,2,0.000935,0.000000,0.00e+00,547.4528,0.0000
CUDA_Transposed,CUDA,4000,2000,32,4,1,4,,75,3,0.001066,0.000000,0.00e+00,480.2873,0.0000
CUDA_Naive,CUDA,4000,2000,64,4,1,4,,75,1,0.001280,0.107445,1.59e-06,799.7147,83.9115
CUDA_Naive,CUDA,4000,2000,64,4,1,4,,75,2,0.001498,0.000000,0.00e+00,683.7882,0.0000
CUDA_Naive,CUDA,4000,2000,64,4,1,4,,75,3,0.001280,0.000000,0.00e+00,799.7037,0.0000
CUDA_Opt2D,CUDA,4000,2000,64,4,1,4,,75,1,0.001293,0.105873,1.59e-06,792.0874,81.8949
CUDA_Opt2D,CUDA,4000,2000,64,4,1,4,,75,2,0.001289,0.000000,0.00e+00,794.1258,0.0000
CUDA_Opt2D,CUDA,4000,2000,64,4,1,4,,75,3,0.001292,0.000000,0.00e+00,792.4601,0.0000
CUDA_Tiled,CUDA,4000,2000,64,4,1,4,,75,1,0.001164,0.101596,1.59e-06,879.5256,87.2619
CUDA_Tiled,CUDA,4000,2000,64,4,1,4,,75,2,0.001160,0.000000,0.00e+00,882.4050,0.0000
CUDA_Tiled,CUDA,4000,2000,64,4,1,4,,75,3,0.001341,0.000000,0.00e+00,763.7135,0.0000
CUDA_WarpRow,CUDA,4000,2000,64,4,1,4,,75,1,0.001309,0.102615,1.59e-06,782.0401,78.3680
CUDA_WarpRow,CUDA,4000,2000,64,4,1,4,,75,2,0.001317,0.000000,0.00e+00,777.2927,0.0000
CUDA_WarpRow,CUDA,4000,2000,64,4,1,4,,75,3,0.001318,0.000000,0.00e+00,776.8144,0.0000
CUDA_Transposed,CUDA,4000,2000,64,4,1,4,,75,1,0.001491,0.102897,1.59e-06,686.9827,69.0315
CUDA_Transposed,CUDA,4000,2000,64,4,1,4,,75,2,0.001479,0.000000,0.00e+00,692.5398,0.0000
CUDA_Transposed,CUDA,4000,2000,64,4,1,4,,75,3,0.001663,0.000000,0.00e+00,615.8885,0.0000
CUDA_Naive,CUDA,4000,2000,128,4,1,4,,75,1,0.002172,0.190053,1.65e-06,942.8652,87.4971
CUDA_Naive,CUDA,4000,2000,128,4,1,4,,75,2,0.002185,0.000000,0.00e+00,937.3648,0.0000
CUDA_Naive,CUDA,4000,2000,128,4,1,4,,75,3,0.002175,0.000000,0.00e+00,941.4150,0.0000
CUDA_Opt2D,CUDA,4000,2000,128,4,1,4,,75,1,0.002185,0.201320,1.65e-06,937.2226,92.1299
CUDA_Opt2D,CUDA,4000,2000,128,4,1,4,,75,2,0.002184,0.000000,0.00e+00,937.5792,0.0000
CUDA_Opt2D,CUDA,4000,2000,128,4,1,4,,75,3,0.002543,0.000000,0.00e+00,805.2572,0.0000
CUDA_Tiled,CUDA,4000,2000,128,4,1,4,,75,1,0.001816,0.214656,1.65e-06,1127.4726,118.1732
CUDA_Tiled,CUDA,4000,2000,128,4,1,4,,75,2,0.001817,0.000000,0.00e+00,1126.9869,0.0000
CUDA_Tiled,CUDA,4000,2000,128,4,1,4,,75,3,0.001827,0.000000,0.00e+00,1120.6945,0.0000
CUDA_WarpRow,CUDA,4000,2000,128,4,1,4,,75,1,0.002496,0.196454,1.65e-06,820.3920,78.6961
CUDA_WarpRow,CUDA,4000,2000,128,4,1,4,,75,2,0.002230,0.000000,0.00e+00,918.3906,0.0000
CUDA_WarpRow,CUDA,4000,2000,128,4,1,4,,75,3,0.002222,0.000000,0.00e+00,921.5863,0.0000
CUDA_Transposed,CUDA,4000,2000,128,4,1,4,,75,1,0.002419,0.195713,1.65e-06,846.5351,80.8975
CUDA_Transposed,CUDA,4000,2000,128,4,1,4,,75,2,0.002429,0.000000,0.00e+00,843.3129,0.0000
CUDA_Transposed,CUDA,4000,2000,128,4,1,4,,75,3,0.002420,0.000000,0.00e+00,846.3987,0.0000
CUDA_Naive,CUDA,6000,2000,3,4,1,4,,75,1,0.001041,0.039421,3.15e-06,69.1369,37.8531
CUDA_Naive,CUDA,6000,2000,3,4,1,4,,75,2,0.001132,0.000000,0.00e+00,63.6006,0.0000
CUDA_Naive,CUDA,6000,2000,3,4,1,4,,75,3,0.001050,0.000000,0.00e+00,68.5509,0.0000
CUDA_Opt2D,CUDA,6000,2000,3,4,1,4,,75,1,0.001043,0.038677,3.15e-06,69.0351,37.0840
CUDA_Opt2D,CUDA,6000,2000,3,4,1,4,,75,2,0.001043,0.000000,0.00e+00,69.0090,0.0000
CUDA_Opt2D,CUDA,6000,2000,3,4,1,4,,75,3,0.001222,0.000000,0.00e+00,58.9136,0.0000
CUDA_Tiled,CUDA,6000,2000,3,4,1,4,,75,1,0.000910,0.040773,3.15e-06,79.0776,44.7806
CUDA_Tiled,CUDA,6000,2000,3,4,1,4,,75,2,0.000910,0.000000,0.00e+00,79.1062,0.0000
CUDA_Tiled,CUDA,6000,2000,3,4,1,4,,75,3,0.000904,0.000000,0.00e+00,79.6609,0.0000
CUDA_WarpRow,CUDA,6000,2000,3,4,1,4,,75,1,0.001177,0.040852,3.15e-06,61.1782,34.7119
CUDA_WarpRow,CUDA,6000,2000,3,4,1,4,,75,2,0.001120,0.000000,0.00e+00,64.2909,0.0000
CUDA_WarpRow,CUDA,6000,2000,3,4,1,4,,75,3,0.001046,0.000000,0.00e+00,68.8278,0.0000
CUDA_Transposed,CUDA,6000,2000,3,4,1,4,,75,1,0.000752,0.039893,3.15e-06,95.7406,53.0471
CUDA_Transposed,CUDA,6000,2000,3,4,1,4,,75,2,0.000759,0.000000,0.00e+00,94.8150,0.0000
CUDA_Transposed,CUDA,6000,2000,3,4,1,4,,75,3,0.000843,0.000000,0.00e+00,85.4175,0.0000
CUDA_Naive,CUDA,6000,2000,6,4,1,4,,75,1,0.001044,0.052502,1.59e-06,137.9499,50.2959
CUDA_Naive,CUDA,6000,2000,6,4,1,4,,75,2,0.001053,0.000000,0.00e+00,136.7628,0.0000
CUDA_Naive,CUDA,6000,2000,6,4,1,4,,75,3,0.001045,0.000000,0.00e+00,137.8064,0.0000
CUDA_Opt2D,CUDA,6000,2000,6,4,1,4,,75,1,0.001044,0.050869,1.59e-06,137.9382,48.7274
CUDA_Opt2D,CUDA,6000,2000,6,4,1,4,,75,2,0.001067,0.000000,0.00e+00,134.9193,0.0000
CUDA_Opt2D,CUDA,6000,2000,6,4,1,4,,75,3,0.001044,0.000000,0.00e+00,137.8900,0.0000
CUDA_Tiled,CUDA,6000,2000,6,4,1,4,,75,1,0.000913,0.050891,1.59e-06,157.7718,55.7585
CUDA_Tiled,CUDA,6000,2000,6,4,1,4,,75,2,0.000904,0.000000,0.00e+00,159.2662,0.0000
CUDA_Tiled,CUDA,6000,2000,6,4,1,4,,75,3,0.001003,0.000000,0.00e+00,143.5951,0.0000
CUDA_WarpRow,CUDA,6000,2000,6,4,1,4,,75,1,0.001048,0.053392,1.59e-06,137.4041,50.9463
CUDA_WarpRow,CUDA,6000,2000,6,4,1,4,,75,2,0.001048,0.000000,0.00e+00,137.3651,0.0000
CUDA_WarpRow,CUDA,6000,2000,6,4,1,4,,75,3,0.001050,0.000000,0.00e+00,137.1373,0.0000
CUDA_Transposed,CUDA,6000,2000,6,4,1,4,,75,1,0.000766,0.054586,1.59e-06,188.0609,71.2886
CUDA_Transposed,CUDA,6000,2000,6,4,1,4,,75,2,0.000767,0.000000,0.00e+00,187.8485,0.0000
CUDA_Transposed,CUDA,6000,2000,6,4,1,4,,75,3,0.000862,0.000000,0.00e+00,166.9608,0.0000
CUDA_Naive,CUDA,6000,2000,8,4,1,4,,75,1,0.001044,0.040357,1.18e-06,183.8459,38.6431
CUDA_Naive,CUDA,6000,2000,8,4,1,4,,75,2,0.001053,0.000000,0.00e+00,182.3986,0.0000
CUDA_Naive,CUDA,6000,2000,8,4,1,4,,75,3,0.001055,0.000000,0.00e+00,181.9709,0.0000
CUDA_Opt2D,CUDA,6000,2000,8,4,1,4,,75,1,0.001227,0.039709,1.18e-06,156.5310,32.3735
CUDA_Opt2D,CUDA,6000,2000,8,4,1,4,,75,2,0.001104,0.000000,0.00e+00,173.9546,0.0000
CUDA_Opt2D,CUDA,6000,2000,8,4,1,4,,75,3,0.001054,0.000000,0.00e+00,182.2246,0.0000
CUDA_Tiled,CUDA,6000,2000,8,4,1,4,,75,1,0.000905,0.039457,1.18e-06,212.2332,43.6146
CUDA_Tiled,CUDA,6000,2000,8,4,1,4,,75,2,0.000903,0.000000,0.00e+00,212.5089,0.0000
CUDA_Tiled,CUDA,6000,2000,8,4,1,4,,75,3,0.000903,0.000000,0.00e+00,212.5430,0.0000
CUDA_WarpRow,CUDA,6000,2000,8,4,1,4,,75,1,0.001051,0.040392,1.18e-06,182.7638,38.4485
CUDA_WarpRow,CUDA,6000,2000,8,4,1,4,,75,2,0.001041,0.000000,0.00e+00,184.3530,0.0000
CUDA_WarpRow,CUDA,6000,2000,8,4,1,4,,75,3,0.001210,0.000000,0.00e+00,158.7373,0.0000
CUDA_Transposed,CUDA,6000,2000,8,4,1,4,,75,1,0.000765,0.039570,1.18e-06,250.8798,51.7050
CUDA_Transposed,CUDA,6000,2000,8,4,1,4,,75,2,0.000774,0.000000,0.00e+00,247.9337,0.0000
CUDA_Transposed,CUDA,6000,2000,8,4,1,4,,75,3,0.000776,0.000000,0.00e+00,247.5794,0.0000
CUDA_Naive,CUDA,6000,2000,20,4,1,4,,75,1,0.001067,0.064584,1.85e-06,449.6589,60.5020
CUDA_Naive,CUDA,6000,2000,20,4,1,4,,75,2,0.001068,0.000000,0.00e+00,449.6079,0.0000
CUDA_Naive,CUDA,6000,2000,20,4,1,4,,75,3,0.001233,0.000000,0.00e+00,389.2864,0.0000
CUDA_Opt2D,CUDA,6000,2000,20,4,1,4,,75,1,0.001056,0.065665,1.85e-06,454.3628,62.1573
CUDA_Opt2D,CUDA,6000,2000,20,4,1,4,,75,2,0.001056,0.000000,0.00e+00,454.5123,0.0000
CUDA_Opt2D,CUDA,6000,2000,20,4,1,4,,75,3,0.001066,0.000000,0.00e+00,450.4857,0.0000
CUDA_Tiled,CUDA,6000,2000,20,4,1,4,,75,1,0.001041,0.062033,1.85e-06,461.0234,59.5801
CUDA_Tiled,CUDA,6000,2000,20,4,1,4,,75,2,0.000915,0.000000,0.00e+00,524.5306,0.0000
CUDA_Tiled,CUDA,6000,2000,20,4,1,4,,75,3,0.000915,0.000000,0.00e+00,524.6478,0.0000
CUDA_WarpRow,CUDA,6000,2000,20,4,1,4,,75,1,0.001061,0.065263,1.85e-06,452.2795,61.4937
CUDA_WarpRow,CUDA,6000,2000,20,4,1,4,,75,2,0.001061,0.000000,0.00e+00,452.2861,0.0000
CUDA_WarpRow,CUDA,6000,2000,20,4,1,4,,75,3,0.001063,0.000000,0.00e+00,451.5576,0.0000
CUDA_Transposed,CUDA,6000,2000,20,4,1,4,,75,1,0.000860,0.066471,1.85e-06,557.9898,77.2715
CUDA_Transposed,CUDA,6000,2000,20,4,1,4,,75,2,0.000868,0.000000,0.00e+00,553.0879,0.0000
CUDA_Transposed,CUDA,6000,2000,20,4,1,4,,75,3,0.000860,0.000000,0.00e+00,557.9196,0.0000
CUDA_Naive,CUDA,6000,2000,32,4,1,4,,75,1,0.001257,0.089205,1.47e-06,610.8840,70.9556
CUDA_Naive,CUDA,6000,2000,32,4,1,4,,75,2,0.001077,0.000000,0.00e+00,713.2255,0.0000
CUDA_Naive,CUDA,6000,2000,32,4,1,4,,75,3,0.001068,0.000000,0.00e+00,719.1914,0.0000
CUDA_Opt2D,CUDA,6000,2000,32,4,1,4,,75,1,0.001073,0.084510,1.47e-06,715.5541,78.7390
CUDA_Opt2D,CUDA,6000,2000,32,4,1,4,,75,2,0.001172,0.000000,0.00e+00,655.4780,0.0000
CUDA_Opt2D,CUDA,6000,2000,32,4,1,4,,75,3,0.001075,0.000000,0.00e+00,714.6540,0.0000
CUDA_Tiled,CUDA,6000,2000,32,4,1,4,,75,1,0.000916,0.090644,1.47e-06,838.6046,98.9774
CUDA_Tiled,CUDA,6000,2000,32,4,1,4,,75,2,0.000905,0.000000,0.00e+00,849.0691,0.0000
CUDA_Tiled,CUDA,6000,2000,32,4,1,4,,75,3,0.000907,0.000000,0.00e+00,846.8376,0.0000
CUDA_WarpRow,CUDA,6000,2000,32,4,1,4,,75,1,0.001059,0.093695,1.47e-06,725.2405,88.4788
CUDA_WarpRow,CUDA,6000,2000,32,4,1,4,,75,2,0.001071,0.000000,0.00e+00,717.2576,0.0000
CUDA_WarpRow,CUDA,6000,2000,32,4,1,4,,75,3,0.001059,0.000000,0.00e+00,725.2425,0.0000
CUDA_Transposed,CUDA,6000,2000,32,4,1,4,,75,1,0.001130,0.088065,1.47e-06,679.4524,77.9118
CUDA_Transposed,CUDA,6000,2000,32,4,1,4,,75,2,0.001130,0.000000,0.00e+00,679.4848,0.0000
CUDA_Transposed,CUDA,6000,2000,32,4,1,4,,75,3,0.001123,0.000000,0.00e+00,683.7509,0.0000
CUDA_Naive,CUDA,6000,2000,64,4,1,4,,75,1,0.002010,0.165951,1.59e-06,764.1273,82.5573
CUDA_Naive,CUDA,6000,2000,64,4,1,4,,75,2,0.001759,0.000000,0.00e+00,873.4062,0.0000
CUDA_Naive,CUDA,6000,2000,64,4,1,4,,75,3,0.001762,0.000000,0.00e+00,871.7872,0.0000
CUDA_Opt2D,CUDA,6000,2000,64,4,1,4,,75,1,0.001753,0.161398,1.59e-06,876.4585,92.0954
CUDA_Opt2D,CUDA,6000,2000,64,4,1,4,,75,2,0.001839,0.000000,0.00e+00,835.0485,0.0000
CUDA_Opt2D,CUDA,6000,2000,64,4,1,4,,75,3,0.001759,0.000000,0.00e+00,873.4548,0.0000
CUDA_Tiled,CUDA,6000,2000,64,4,1,4,,75,1,0.001433,0.146003,1.59e-06,1071.7322,101.8723
CUDA_Tiled,CUDA,6000,2000,64,4,1,4,,75,2,0.001482,0.000000,0.00e+00,1036.3218,0.0000
CUDA_Tiled,CUDA,6000,2000,64,4,1,4,,75,3,0.001440,0.000000,0.00e+00,1066.3953,0.0000
CUDA_WarpRow,CUDA,6000,2000,64,4,1,4,,75,1,0.001751,0.164210,1.59e-06,876.9847,93.7563
CUDA_WarpRow,CUDA,6000,2000,64,4,1,4,,75,2,0.001742,0.000000,0.00e+00,881.4936,0.0000
CUDA_WarpRow,CUDA,6000,2000,64,4,1,4,,75,3,0.001963,0.000000,0.00e+00,782.4979,0.0000
CUDA_Transposed,CUDA,6000,2000,64,4,1,4,,75,1,0.001883,0.146915,1.59e-06,815.7272,78.0223
CUDA_Transposed,CUDA,6000,2000,64,4,1,4,,75,2,0.001889,0.000000,0.00e+00,813.2283,0.0000
CUDA_Transposed,CUDA,6000,2000,64,4,1,4,,75,3,0.002010,0.000000,0.00e+00,764.1306,0.0000
CUDA_Naive,CUDA,6000,2000,128,4,1,4,,75,1,0.003081,0.300329,1.65e-06,997.1334,97.4831
CUDA_Naive,CUDA,6000,2000,128,4,1,4,,75,2,0.003077,0.000000,0.00e+00,998.4943,0.0000
CUDA_Naive,CUDA,6000,2000,128,4,1,4,,75,3,0.003086,0.000000,0.00e+00,995.3081,0.0000
CUDA_Opt2D,CUDA,6000,2000,128,4,1,4,,75,1,0.003182,0.300773,1.65e-06,965.5482,94.5347
CUDA_Opt2D,CUDA,6000,2000,128,4,1,4,,75,2,0.003081,0.000000,0.00e+00,997.1951,0.0000
CUDA_Opt2D,CUDA,6000,2000,128,4,1,4,,75,3,0.003078,0.000000,0.00e+00,998.0798,0.0000
CUDA_Tiled,CUDA,6000,2000,128,4,1,4,,75,1,0.002485,0.306684,1.65e-06,1236.2870,123.4209
CUDA_Tiled,CUDA,6000,2000,128,4,1,4,,75,2,0.002480,0.000000,0.00e+00,1238.6636,0.0000
CUDA_Tiled,CUDA,6000,2000,128,4,1,4,,75,3,0.002478,0.000000,0.00e+00,1239.7520,0.0000
CUDA_WarpRow,CUDA,6000,2000,128,4,1,4,,75,1,0.003069,0.295191,1.65e-06,1000.9589,96.1829
CUDA_WarpRow,CUDA,6000,2000,128,4,1,4,,75,2,0.003055,0.000000,0.00e+00,1005.6857,0.0000
CUDA_WarpRow,CUDA,6000,2000,128,4,1,4,,75,3,0.003063,0.000000,0.00e+00,1002.8012,0.0000
CUDA_Transposed,CUDA,6000,2000,128,4,1,4,,75,1,0.003515,0.291211,1.65e-06,874.0724,82.8580
CUDA_Transposed,CUDA,6000,2000,128,4,1,4,,75,2,0.003376,0.000000,0.00e+00,910.0418,0.0000
CUDA_Transposed,CUDA,6000,2000,128,4,1,4,,75,3,0.003382,0.000000,0.00e+00,908.4710,0.0000
CUDA_Naive,CUDA,4000,4000,3,4,1,4,,75,1,0.001327,0.054495,5.99e-06,72.3360,41.0621
CUDA_Naive,CUDA,4000,4000,3,4,1,4,,75,2,0.001315,0.000000,0.00e+00,72.9914,0.0000
CUDA_Naive,CUDA,4000,4000,3,4,1,4,,75,3,0.001318,0.000000,0.00e+00,72.8526,0.0000
CUDA_Opt2D,CUDA,4000,4000,3,4,1,4,,75,1,0.001326,0.054234,5.99e-06,72.3863,40.8941
CUDA_Opt2D,CUDA,4000,4000,3,4,1,4,,75,2,0.001324,0.000000,0.00e+00,72.5073,0.0000
CUDA_Opt2D,CUDA,4000,4000,3,4,1,4,,75,3,0.001413,0.000000,0.00e+00,67.9301,0.0000
CUDA_Tiled,CUDA,4000,4000,3,4,1,4,,75,1,0.001166,0.054424,5.99e-06,82.3020,46.6585
CUDA_Tiled,CUDA,4000,4000,3,4,1,4,,75,2,0.001158,0.000000,0.00e+00,82.9332,0.0000
CUDA_Tiled,CUDA,4000,4000,3,4,1,4,,75,3,0.001158,0.000000,0.00e+00,82.9344,0.0000
CUDA_WarpRow,CUDA,4000,4000,3,4,1,4,,75,1,0.001320,0.051748,5.99e-06,72.7376,39.2089
CUDA_WarpRow,CUDA,4000,4000,3,4,1,4,,75,2,0.001309,0.000000,0.00e+00,73.3491,0.0000
CUDA_WarpRow,CUDA,4000,4000,3,4,1,4,,75,3,0.001310,0.000000,0.00e+00,73.2655,0.0000
CUDA_Transposed,CUDA,4000,4000,3,4,1,4,,75,1,0.000957,0.054311,5.99e-06,100.2965,56.7415
CUDA_Transposed,CUDA,4000,4000,3,4,1,4,,75,2,0.000890,0.000000,0.00e+00,107.8491,0.0000
CUDA_Transposed,CUDA,4000,4000,3,4,1,4,,75,3,0.000891,0.000000,0.00e+00,107.7425,0.0000
CUDA_Naive,CUDA,4000,4000,6,4,1,4,,75,1,0.001332,0.069376,2.14e-06,144.1971,52.1034
CUDA_Naive,CUDA,4000,4000,6,4,1,4,,75,2,0.001333,0.000000,0.00e+00,143.9839,0.0000
CUDA_Naive,CUDA,4000,4000,6,4,1,4,,75,3,0.001547,0.000000,0.00e+00,124.0960,0.0000
CUDA_Opt2D,CUDA,4000,4000,6,4,1,4,,75,1,0.001323,0.069118,2.14e-06,145.1114,52.2389
CUDA_Opt2D,CUDA,4000,4000,6,4,1,4,,75,2,0.001332,0.000000,0.00e+00,144.1512,0.0000
CUDA_Opt2D,CUDA,4000,4000,6,4,1,4,,75,3,0.001332,0.000000,0.00e+00,144.1915,0.0000
CUDA_Tiled,CUDA,4000,4000,6,4,1,4,,75,1,0.001161,0.069234,2.14e-06,165.3983,59.6414
CUDA_Tiled,CUDA,4000,4000,6,4,1,4,,75,2,0.001168,0.000000,0.00e+00,164.4527,0.0000
CUDA_Tiled,CUDA,4000,4000,6,4,1,4,,75,3,0.001160,0.000000,0.00e+00,165.4758,0.0000
CUDA_WarpRow,CUDA,4000,4000,6,4,1,4,,75,1,0.001323,0.073620,2.14e-06,145.0859,55.6317
CUDA_WarpRow,CUDA,4000,4000,6,4,1,4,,75,2,0.001325,0.000000,0.00e+00,144.8522,0.0000
CUDA_WarpRow,CUDA,4000,4000,6,4,1,4,,75,3,0.001323,0.000000,0.00e+00,145.1106,0.0000
CUDA_Transposed,CUDA,4000,4000,6,4,1,4,,75,1,0.000903,0.075007,2.14e-06,212.5782,83.0455
CUDA_Transposed,CUDA,4000,4000,6,4,1,4,,75,2,0.000902,0.000000,0.00e+00,212.7743,0.0000
CUDA_Transposed,CUDA,4000,4000,6,4,1,4,,75,3,0.000911,0.000000,0.00e+00,210.7188,0.0000
CUDA_Naive,CUDA,4000,4000,8,4,1,4,,75,1,0.001399,0.053799,3.62e-06,182.9792,38.4539
CUDA_Naive,CUDA,4000,4000,8,4,1,4,,75,2,0.001335,0.000000,0.00e+00,191.7391,0.0000
CUDA_Naive,CUDA,4000,4000,8,4,1,4,,75,3,0.001411,0.000000,0.00e+00,181.4576,0.0000
CUDA_Opt2D,CUDA,4000,4000,8,4,1,4,,75,1,0.001323,0.052498,3.62e-06,193.5274,39.6865
CUDA_Opt2D,CUDA,4000,4000,8,4,1,4,,75,2,0.001324,0.000000,0.00e+00,193.2921,0.0000
CUDA_Opt2D,CUDA,4000,4000,8,4,1,4,,75,3,0.001325,0.000000,0.00e+00,193.1552,0.0000
CUDA_Tiled,CUDA,4000,4000,8,4,1,4,,75,1,0.001170,0.053944,3.62e-06,218.8833,46.1232
CUDA_Tiled,CUDA,4000,4000,8,4,1,4,,75,2,0.001159,0.000000,0.00e+00,220.9178,0.0000
CUDA_Tiled,CUDA,4000,4000,8,4,1,4,,75,3,0.001170,0.000000,0.00e+00,218.7384,0.0000
CUDA_WarpRow,CUDA,4000,4000,8,4,1,4,,75,1,0.001325,0.051883,3.62e-06,193.1493,39.1453
CUDA_WarpRow,CUDA,4000,4000,8,4,1,4,,75,2,0.001325,0.000000,0.00e+00,193.2283,0.0000
CUDA_WarpRow,CUDA,4000,4000,8,4,1,4,,75,3,0.001316,0.000000,0.00e+00,194.5663,0.0000
CUDA_Transposed,CUDA,4000,4000,8,4,1,4,,75,1,0.000910,0.054167,3.62e-06,281.3755,59.5367
CUDA_Transposed,CUDA,4000,4000,8,4,1,4,,75,2,0.000910,0.000000,0.00e+00,281.2051,0.0000
CUDA_Transposed,CUDA,4000,4000,8,4,1,4,,75,3,0.000909,0.000000,0.00e+00,281.5037,0.0000
CUDA_Naive,CUDA,4000,4000,20,4,1,4,,75,1,0.001452,0.085647,2.43e-06,440.8596,58.9975
CUDA_Naive,CUDA,4000,4000,20,4,1,4,,75,2,0.001365,0.000000,0.00e+00,468.9389,0.0000
CUDA_Naive,CUDA,4000,4000,20,4,1,4,,75,3,0.001402,0.000000,0.00e+00,456.3801,0.0000
CUDA_Opt2D,CUDA,4000,4000,20,4,1,4,,75,1,0.001365,0.086616,2.43e-06,468.9357,63.4649
CUDA_Opt2D,CUDA,4000,4000,20,4,1,4,,75,2,0.001368,0.000000,0.00e+00,467.9202,0.0000
CUDA_Opt2D,CUDA,4000,4000,20,4,1,4,,75,3,0.001359,0.000000,0.00e+00,470.9231,0.0000
CUDA_Tiled,CUDA,4000,4000,20,4,1,4,,75,1,0.001170,0.083962,2.43e-06,547.0936,71.7735
CUDA_Tiled,CUDA,4000,4000,20,4,1,4,,75,2,0.001172,0.000000,0.00e+00,546.1820,0.0000
CUDA_Tiled,CUDA,4000,4000,20,4,1,4,,75,3,0.001172,0.000000,0.00e+00,545.8837,0.0000
CUDA_WarpRow,CUDA,4000,4000,20,4,1,4,,75,1,0.001483,0.086803,2.43e-06,431.4580,58.5184
CUDA_WarpRow,CUDA,4000,4000,20,4,1,4,,75,2,0.001357,0.000000,0.00e+00,471.7434,0.0000
CUDA_WarpRow,CUDA,4000,4000,20,4,1,4,,75,3,0.001368,0.000000,0.00e+00,467.7412,0.0000
CUDA_Transposed,CUDA,4000,4000,20,4,1,4,,75,1,0.001078,0.086884,2.43e-06,593.8318,80.6166
CUDA_Transposed,CUDA,4000,4000,20,4,1,4,,75,2,0.001071,0.000000,0.00e+00,597.3260,0.0000
CUDA_Transposed,CUDA,4000,4000,20,4,1,4,,75,3,0.001071,0.000000,0.00e+00,597.7001,0.0000
CUDA_Naive,CUDA,4000,4000,32,4,1,4,,75,1,0.001357,0.114773,2.69e-06,754.6116,84.5791
CUDA_Naive,CUDA,4000,4000,32,4,1,4,,75,2,0.001360,0.000000,0.00e+00,752.6886,0.0000
CUDA_Naive,CUDA,4000,4000,32,4,1,4,,75,3,0.001361,0.000000,0.00e+00,752.4719,0.0000
CUDA_Opt2D,CUDA,4000,4000,32,4,1,4,,75,1,0.001586,0.124553,2.69e-06,645.5672,78.5225
CUDA_Opt2D,CUDA,4000,4000,32,4,1,4,,75,2,0.001356,0.000000,0.00e+00,755.0266,0.0000
CUDA_Opt2D,CUDA,4000,4000,32,4,1,4,,75,3,0.001351,0.000000,0.00e+00,758.0520,0.0000
CUDA_Tiled,CUDA,4000,4000,32,4,1,4,,75,1,0.001164,0.118341,2.69e-06,879.8215,101.6786
CUDA_Tiled,CUDA,4000,4000,32,4,1,4,,75,2,0.001171,0.000000,0.00e+00,874.5649,0.0000
CUDA_Tiled,CUDA,4000,4000,32,4,1,4,,75,3,0.001165,0.000000,0.00e+00,878.8137,0.0000
CUDA_WarpRow,CUDA,4000,4000,32,4,1,4,,75,1,0.001342,0.118191,2.69e-06,762.7834,88.0408
CUDA_WarpRow,CUDA,4000,4000,32,4,1,4,,75,2,0.001350,0.000000,0.00e+00,758.5067,0.0000
CUDA_WarpRow,CUDA,4000,4000,32,4,1,4,,75,3,0.001352,0.000000,0.00e+00,757.2074,0.0000
CUDA_Transposed,CUDA,4000,4000,32,4,1,4,,75,1,0.001476,0.119670,2.69e-06,693.8658,81.0886
CUDA_Transposed,CUDA,4000,4000,32,4,1,4,,75,2,0.001473,0.000000,0.00e+00,695.1758,0.0000
CUDA_Transposed,CUDA,4000,4000,32,4,1,4,,75,3,0.001464,0.000000,0.00e+00,699.6126,0.0000
CUDA_Naive,CUDA,4000,4000,64,4,1,4,,75,1,0.002240,0.231786,3.25e-06,914.2320,103.4699
CUDA_Naive,CUDA,4000,4000,64,4,1,4,,75,2,0.002226,0.000000,0.00e+00,920.0298,0.0000
CUDA_Naive,CUDA,4000,4000,64,4,1,4,,75,3,0.002528,0.000000,0.00e+00,810.1279,0.0000
CUDA_Opt2D,CUDA,4000,4000,64,4,1,4,,75,1,0.002236,0.230752,3.25e-06,916.0580,103.2140
CUDA_Opt2D,CUDA,4000,4000,64,4,1,4,,75,2,0.002226,0.000000,0.00e+00,920.1426,0.0000
CUDA_Opt2D,CUDA,4000,4000,64,4,1,4,,75,3,0.002235,0.000000,0.00e+00,916.2798,0.0000
CUDA_Tiled,CUDA,4000,4000,64,4,1,4,,75,1,0.001934,0.224858,3.25e-06,1058.9346,116.2645
CUDA_Tiled,CUDA,4000,4000,64,4,1,4,,75,2,0.001938,0.000000,0.00e+00,1056.9322,0.0000
CUDA_Tiled,CUDA,4000,4000,64,4,1,4,,75,3,0.001939,0.000000,0.00e+00,1056.1944,0.0000
CUDA_WarpRow,CUDA,4000,4000,64,4,1,4,,75,1,0.002579,0.230160,3.25e-06,793.9546,89.2267
CUDA_WarpRow,CUDA,4000,4000,64,4,1,4,,75,2,0.002286,0.000000,0.00e+00,895.7705,0.0000
CUDA_WarpRow,CUDA,4000,4000,64,4,1,4,,75,3,0.002339,0.000000,0.00e+00,875.6388,0.0000
CUDA_Transposed,CUDA,4000,4000,64,4,1,4,,75,1,0.002563,0.221683,3.25e-06,799.1180,86.4995
CUDA_Transposed,CUDA,4000,4000,64,4,1,4,,75,2,0.002563,0.000000,0.00e+00,799.2117,0.0000
CUDA_Transposed,CUDA,4000,4000,64,4,1,4,,75,3,0.002560,0.000000,0.00e+00,800.0874,0.0000
CUDA_Naive,CUDA,4000,4000,128,4,1,4,,75,1,0.004045,0.424142,3.49e-06,1012.6425,104.8595
CUDA_Naive,CUDA,4000,4000,128,4,1,4,,75,2,0.004042,0.000000,0.00e+00,1013.2998,0.0000
CUDA_Naive,CUDA,4000,4000,128,4,1,4,,75,3,0.004032,0.000000,0.00e+00,1015.8467,0.0000
CUDA_Opt2D,CUDA,4000,4000,128,4,1,4,,75,1,0.004049,0.425945,3.49e-06,1011.6610,105.2030
CUDA_Opt2D,CUDA,4000,4000,128,4,1,4,,75,2,0.004042,0.000000,0.00e+00,1013.3930,0.0000
CUDA_Opt2D,CUDA,4000,4000,128,4,1,4,,75,3,0.004049,0.000000,0.00e+00,1011.6589,0.0000
CUDA_Tiled,CUDA,4000,4000,128,4,1,4,,75,1,0.003259,0.423374,3.49e-06,1256.7936,129.9057
CUDA_Tiled,CUDA,4000,4000,128,4,1,4,,75,2,0.003248,0.000000,0.00e+00,1261.1908,0.0000
CUDA_Tiled,CUDA,4000,4000,128,4,1,4,,75,3,0.003354,0.000000,0.00e+00,1221.1236,0.0000
CUDA_WarpRow,CUDA,4000,4000,128,4,1,4,,75,1,0.004232,0.414230,3.49e-06,967.7941,97.8734
CUDA_WarpRow,CUDA,4000,4000,128,4,1,4,,75,2,0.004236,0.000000,0.00e+00,966.9220,0.0000
CUDA_WarpRow,CUDA,4000,4000,128,4,1,4,,75,3,0.004229,0.000000,0.00e+00,968.4771,0.0000
CUDA_Transposed,CUDA,4000,4000,128,4,1,4,,75,1,0.004406,0.477558,3.49e-06,929.6840,108.3931
CUDA_Transposed,CUDA,4000,4000,128,4,1,4,,75,2,0.004391,0.000000,0.00e+00,932.8192,0.0000
CUDA_Transposed,CUDA,4000,4000,128,4,1,4,,75,3,0.004396,0.000000,0.00e+00,931.7909,0.0000
CUDA_Naive,CUDA,2000,6000,3,4,1,4,,75,1,0.001151,0.038957,5.85e-06,62.5533,33.8455
CUDA_Naive,CUDA,2000,6000,3,4,1,4,,75,2,0.001141,0.000000,0.00e+00,63.1300,0.0000
CUDA_Naive,CUDA,2000,6000,3,4,1,4,,75,3,0.001141,0.000000,0.00e+00,63.0800,0.0000
CUDA_Opt2D,CUDA,2000,6000,3,4,1,4,,75,1,0.001324,0.039699,5.85e-06,54.3887,29.9883
CUDA_Opt2D,CUDA,2000,6000,3,4,1,4,,75,2,0.001141,0.000000,0.00e+00,63.0855,0.0000
CUDA_Opt2D,CUDA,2000,6000,3,4,1,4,,75,3,0.001149,0.000000,0.00e+00,62.6442,0.0000
CUDA_Tiled,CUDA,2000,6000,3,4,1,4,,75,1,0.001135,0.040744,5.85e-06,63.4616,35.9126
CUDA_Tiled,CUDA,2000,6000,3,4,1,4,,75,2,0.001142,0.000000,0.00e+00,63.0501,0.0000
CUDA_Tiled,CUDA,2000,6000,3,4,1,4,,75,3,0.001138,0.000000,0.00e+00,63.2490,0.0000
CUDA_WarpRow,CUDA,2000,6000,3,4,1,4,,75,1,0.001137,0.040590,5.85e-06,63.3202,35.6966
CUDA_WarpRow,CUDA,2000,6000,3,4,1,4,,75,2,0.001145,0.000000,0.00e+00,62.8715,0.0000
CUDA_WarpRow,CUDA,2000,6000,3,4,1,4,,75,3,0.001281,0.000000,0.00e+00,56.1956,0.0000
CUDA_Transposed,CUDA,2000,6000,3,4,1,4,,75,1,0.000895,0.040218,5.85e-06,80.4653,44.9471
CUDA_Transposed,CUDA,2000,6000,3,4,1,4,,75,2,0.000887,0.000000,0.00e+00,81.1802,0.0000
CUDA_Transposed,CUDA,2000,6000,3,4,1,4,,75,3,0.000896,0.000000,0.00e+00,80.3439,0.0000
CUDA_Naive,CUDA,2000,6000,6,4,1,4,,75,1,0.001190,0.050825,4.67e-06,121.0251,42.7160
CUDA_Naive,CUDA,2000,6000,6,4,1,4,,75,2,0.001150,0.000000,0.00e+00,125.1722,0.0000
CUDA_Naive,CUDA,2000,6000,6,4,1,4,,75,3,0.001272,0.000000,0.00e+00,113.1964,0.0000
CUDA_Opt2D,CUDA,2000,6000,6,4,1,4,,75,1,0.001147,0.050215,4.67e-06,125.4987,43.7630
CUDA_Opt2D,CUDA,2000,6000,6,4,1,4,,75,2,0.001149,0.000000,0.00e+00,125.3033,0.0000
CUDA_Opt2D,CUDA,2000,6000,6,4,1,4,,75,3,0.001159,0.000000,0.00e+00,124.2918,0.0000
CUDA_Tiled,CUDA,2000,6000,6,4,1,4,,75,1,0.001146,0.051510,4.67e-06,125.6539,44.9478
CUDA_Tiled,CUDA,2000,6000,6,4,1,4,,75,2,0.001147,0.000000,0.00e+00,125.5545,0.0000
CUDA_Tiled,CUDA,2000,6000,6,4,1,4,,75,3,0.001147,0.000000,0.00e+00,125.5219,0.0000
CUDA_WarpRow,CUDA,2000,6000,6,4,1,4,,75,1,0.001140,0.056964,4.67e-06,126.2670,49.9488
CUDA_WarpRow,CUDA,2000,6000,6,4,1,4,,75,2,0.001140,0.000000,0.00e+00,126.3004,0.0000
CUDA_WarpRow,CUDA,2000,6000,6,4,1,4,,75,3,0.001150,0.000000,0.00e+00,125.2443,0.0000
CUDA_Transposed,CUDA,2000,6000,6,4,1,4,,75,1,0.001010,0.056133,4.67e-06,142.6039,55.5888
CUDA_Transposed,CUDA,2000,6000,6,4,1,4,,75,2,0.000896,0.000000,0.00e+00,160.6575,0.0000
CUDA_Transposed,CUDA,2000,6000,6,4,1,4,,75,3,0.000904,0.000000,0.00e+00,159.3583,0.0000
CUDA_Naive,CUDA,2000,6000,8,4,1,4,,75,1,0.001159,0.040055,2.31e-06,165.6848,34.5649
CUDA_Naive,CUDA,2000,6000,8,4,1,4,,75,2,0.001160,0.000000,0.00e+00,165.5720,0.0000
CUDA_Naive,CUDA,2000,6000,8,4,1,4,,75,3,0.001161,0.000000,0.00e+00,165.3572,0.0000
CUDA_Opt2D,CUDA,2000,6000,8,4,1,4,,75,1,0.001326,0.040782,2.31e-06,144.8319,30.7632
CUDA_Opt2D,CUDA,2000,6000,8,4,1,4,,75,2,0.001161,0.000000,0.00e+00,165.4318,0.0000
CUDA_Opt2D,CUDA,2000,6000,8,4,1,4,,75,3,0.001262,0.000000,0.00e+00,152.1134,0.0000
CUDA_Tiled,CUDA,2000,6000,8,4,1,4,,75,1,0.001136,0.038367,2.31e-06,169.0688,33.7848
CUDA_Tiled,CUDA,2000,6000,8,4,1,4,,75,2,0.001146,0.000000,0.00e+00,167.4724,0.0000
CUDA_Tiled,CUDA,2000,6000,8,4,1,4,,75,3,0.001145,0.000000,0.00e+00,167.6231,0.0000
CUDA_WarpRow,CUDA,2000,6000,8,4,1,4,,75,1,0.001154,0.038104,2.31e-06,166.3941,33.0227
CUDA_WarpRow,CUDA,2000,6000,8,4,1,4,,75,2,0.001155,0.000000,0.00e+00,166.2845,0.0000
CUDA_WarpRow,CUDA,2000,6000,8,4,1,4,,75,3,0.001154,0.000000,0.00e+00,166.4226,0.0000
CUDA_Transposed,CUDA,2000,6000,8,4,1,4,,75,1,0.000994,0.038427,2.31e-06,193.0897,38.6448
CUDA_Transposed,CUDA,2000,6000,8,4,1,4,,75,2,0.000911,0.000000,0.00e+00,210.6720,0.0000
CUDA_Transposed,CUDA,2000,6000,8,4,1,4,,75,3,0.001022,0.000000,0.00e+00,187.8011,0.0000
CUDA_Naive,CUDA,2000,6000,20,4,1,4,,75,1,0.001164,0.064016,3.49e-06,412.3039,54.9872
CUDA_Naive,CUDA,2000,6000,20,4,1,4,,75,2,0.001173,0.000000,0.00e+00,409.3181,0.0000
CUDA_Naive,CUDA,2000,6000,20,4,1,4,,75,3,0.001166,0.000000,0.00e+00,411.5476,0.0000
CUDA_Opt2D,CUDA,2000,6000,20,4,1,4,,75,1,0.001177,0.063385,3.49e-06,407.8054,53.8512
CUDA_Opt2D,CUDA,2000,6000,20,4,1,4,,75,2,0.001176,0.000000,0.00e+00,408.0581,0.0000
CUDA_Opt2D,CUDA,2000,6000,20,4,1,4,,75,3,0.001175,0.000000,0.00e+00,408.4208,0.0000
CUDA_Tiled,CUDA,2000,6000,20,4,1,4,,75,1,0.001144,0.063196,3.49e-06,419.6645,55.2526
CUDA_Tiled,CUDA,2000,6000,20,4,1,4,,75,2,0.001145,0.000000,0.00e+00,419.0646,0.0000
CUDA_Tiled,CUDA,2000,6000,20,4,1,4,,75,3,0.001148,0.000000,0.00e+00,417.9516,0.0000
CUDA_WarpRow,CUDA,2000,6000,20,4,1,4,,75,1,0.001169,0.065099,3.49e-06,410.4919,55.6718
CUDA_WarpRow,CUDA,2000,6000,20,4,1,4,,75,2,0.001167,0.000000,0.00e+00,411.4593,0.0000
CUDA_WarpRow,CUDA,2000,6000,20,4,1,4,,75,3,0.001359,0.000000,0.00e+00,353.2896,0.0000
CUDA_Transposed,CUDA,2000,6000,20,4,1,4,,75,1,0.001078,0.065229,3.49e-06,445.2907,60.5125
CUDA_Transposed,CUDA,2000,6000,20,4,1,4,,75,2,0.001079,0.000000,0.00e+00,444.8211,0.0000
CUDA_Transposed,CUDA,2000,6000,20,4,1,4,,75,3,0.001069,0.000000,0.00e+00,449.0407,0.0000
CUDA_Naive,CUDA,2000,6000,32,4,1,4,,75,1,0.001163,0.088791,3.80e-06,660.2823,76.3374
CUDA_Naive,CUDA,2000,6000,32,4,1,4,,75,2,0.001171,0.000000,0.00e+00,656.1137,0.0000
CUDA_Naive,CUDA,2000,6000,32,4,1,4,,75,3,0.001165,0.000000,0.00e+00,659.2459,0.0000
CUDA_Opt2D,CUDA,2000,6000,32,4,1,4,,75,1,0.001168,0.090192,3.80e-06,657.3439,77.1972
CUDA_Opt2D,CUDA,2000,6000,32,4,1,4,,75,2,0.001364,0.000000,0.00e+00,562.8611,0.0000
CUDA_Opt2D,CUDA,2000,6000,32,4,1,4,,75,3,0.001170,0.000000,0.00e+00,656.3756,0.0000
CUDA_Tiled,CUDA,2000,6000,32,4,1,4,,75,1,0.001140,0.086513,3.80e-06,673.6239,75.8814
CUDA_Tiled,CUDA,2000,6000,32,4,1,4,,75,2,0.001149,0.000000,0.00e+00,668.5391,0.0000
CUDA_Tiled,CUDA,2000,6000,32,4,1,4,,75,3,0.001140,0.000000,0.00e+00,673.7646,0.0000
CUDA_WarpRow,CUDA,2000,6000,32,4,1,4,,75,1,0.001156,0.088745,3.80e-06,664.5932,76.7960
CUDA_WarpRow,CUDA,2000,6000,32,4,1,4,,75,2,0.001157,0.000000,0.00e+00,663.8033,0.0000
CUDA_WarpRow,CUDA,2000,6000,32,4,1,4,,75,3,0.001157,0.000000,0.00e+00,663.7305,0.0000
CUDA_Transposed,CUDA,2000,6000,32,4,1,4,,75,1,0.001465,0.090287,3.80e-06,524.2204,61.6279
CUDA_Transposed,CUDA,2000,6000,32,4,1,4,,75,2,0.001468,0.000000,0.00e+00,523.2933,0.0000
CUDA_Transposed,CUDA,2000,6000,32,4,1,4,,75,3,0.001477,0.000000,0.00e+00,519.9278,0.0000
CUDA_Naive,CUDA,2000,6000,64,4,1,4,,75,1,0.001804,0.175414,4.13e-06,851.4015,97.2317
CUDA_Naive,CUDA,2000,6000,64,4,1,4,,75,2,0.001814,0.000000,0.00e+00,846.8976,0.0000
CUDA_Naive,CUDA,2000,6000,64,4,1,4,,75,3,0.001807,0.000000,0.00e+00,849.9147,0.0000
CUDA_Opt2D,CUDA,2000,6000,64,4,1,4,,75,1,0.002119,0.182204,4.13e-06,724.8914,85.9885
CUDA_Opt2D,CUDA,2000,6000,64,4,1,4,,75,2,0.001805,0.000000,0.00e+00,851.1017,0.0000
CUDA_Opt2D,CUDA,2000,6000,64,4,1,4,,75,3,0.001815,0.000000,0.00e+00,846.0960,0.0000
CUDA_Tiled,CUDA,2000,6000,64,4,1,4,,75,1,0.001538,0.185580,4.13e-06,998.7405,120.6678
CUDA_Tiled,CUDA,2000,6000,64,4,1,4,,75,2,0.001528,0.000000,0.00e+00,1005.1000,0.0000
CUDA_Tiled,CUDA,2000,6000,64,4,1,4,,75,3,0.001525,0.000000,0.00e+00,1007.0894,0.0000
CUDA_WarpRow,CUDA,2000,6000,64,4,1,4,,75,1,0.001928,0.182182,4.13e-06,796.4898,94.4703
CUDA_WarpRow,CUDA,2000,6000,64,4,1,4,,75,2,0.001921,0.000000,0.00e+00,799.7434,0.0000
CUDA_WarpRow,CUDA,2000,6000,64,4,1,4,,75,3,0.001921,0.000000,0.00e+00,799.4560,0.0000
CUDA_Transposed,CUDA,2000,6000,64,4,1,4,,75,1,0.002359,0.181735,4.13e-06,651.2329,77.0522
CUDA_Transposed,CUDA,2000,6000,64,4,1,4,,75,2,0.002034,0.000000,0.00e+00,755.0111,0.0000
CUDA_Transposed,CUDA,2000,6000,64,4,1,4,,75,3,0.002025,0.000000,0.00e+00,758.3714,0.0000
CUDA_Naive,CUDA,2000,6000,128,4,1,4,,75,1,0.003091,0.348438,3.98e-06,993.7060,112.7098
CUDA_Naive,CUDA,2000,6000,128,4,1,4,,75,2,0.003086,0.000000,0.00e+00,995.6238,0.0000
CUDA_Naive,CUDA,2000,6000,128,4,1,4,,75,3,0.003085,0.000000,0.00e+00,995.7107,0.0000
CUDA_Opt2D,CUDA,2000,6000,128,4,1,4,,75,1,0.003082,0.350491,3.98e-06,996.8121,113.7283
CUDA_Opt2D,CUDA,2000,6000,128,4,1,4,,75,2,0.003081,0.000000,0.00e+00,997.0679,0.0000
CUDA_Opt2D,CUDA,2000,6000,128,4,1,4,,75,3,0.003083,0.000000,0.00e+00,996.4080,0.0000
CUDA_Tiled,CUDA,2000,6000,128,4,1,4,,75,1,0.003017,0.316643,3.98e-06,1018.1890,104.9486
CUDA_Tiled,CUDA,2000,6000,128,4,1,4,,75,2,0.002657,0.000000,0.00e+00,1156.0500,0.0000
CUDA_Tiled,CUDA,2000,6000,128,4,1,4,,75,3,0.002659,0.000000,0.00e+00,1155.2715,0.0000
CUDA_WarpRow,CUDA,2000,6000,128,4,1,4,,75,1,0.003455,0.310215,3.98e-06,889.2648,89.7993
CUDA_WarpRow,CUDA,2000,6000,128,4,1,4,,75,2,0.003459,0.000000,0.00e+00,888.0699,0.0000
CUDA_WarpRow,CUDA,2000,6000,128,4,1,4,,75,3,0.003628,0.000000,0.00e+00,846.6655,0.0000
CUDA_Transposed,CUDA,2000,6000,128,4,1,4,,75,1,0.003683,0.348008,3.98e-06,834.1862,94.4998
CUDA_Transposed,CUDA,2000,6000,128,4,1,4,,75,2,0.003682,0.000000,0.00e+00,834.3867,0.0000
CUDA_Transposed,CUDA,2000,6000,128,4,1,4,,75,3,0.003685,0.000000,0.00e+00,833.6980,0.0000
CUDA_Naive,CUDA,2000,2000,3,4,2,2,,75,1,0.000654,0.013567,2.36e-06,36.6970,20.7440
CUDA_Naive,CUDA,2000,2000,3,4,2,2,,75,2,0.000745,0.000000,0.00e+00,32.2023,0.0000
CUDA_Naive,CUDA,2000,2000,3,4,2,2,,75,3,0.000653,0.000000,0.00e+00,36.7629,0.0000
CUDA_Opt2D,CUDA,2000,2000,3,4,2,2,,75,1,0.000653,0.013636,2.36e-06,36.7360,20.8717
CUDA_Opt2D,CUDA,2000,2000,3,4,2,2,,75,2,0.000644,0.000000,0.00e+00,37.2430,0.0000
CUDA_Opt2D,CUDA,2000,2000,3,4,2,2,,75,3,0.000644,0.000000,0.00e+00,37.2488,0.0000
CUDA_Tiled,CUDA,2000,2000,3,4,2,2,,75,1,0.000746,0.013132,2.36e-06,32.1861,17.6106
CUDA_Tiled,CUDA,2000,2000,3,4,2,2,,75,2,0.000634,0.000000,0.00e+00,37.8780,0.0000
CUDA_Tiled,CUDA,2000,2000,3,4,2,2,,75,3,0.000643,0.000000,0.00e+00,37.3393,0.0000
CUDA_WarpRow,CUDA,2000,2000,3,4,2,2,,75,1,0.000641,0.013295,2.36e-06,37.4452,20.7426
CUDA_WarpRow,CUDA,2000,2000,3,4,2,2,,75,2,0.000754,0.000000,0.00e+00,31.8459,0.0000
CUDA_WarpRow,CUDA,2000,2000,3,4,2,2,,75,3,0.000641,0.000000,0.00e+00,37.4294,0.0000
CUDA_Transposed,CUDA,2000,2000,3,4,2,2,,75,1,0.000555,0.013631,2.36e-06,43.2049,24.5386
CUDA_Transposed,CUDA,2000,2000,3,4,2,2,,75,2,0.000556,0.000000,0.00e+00,43.1540,0.0000
CUDA_Transposed,CUDA,2000,2000,3,4,2,2,,75,3,0.000555,0.000000,0.00e+00,43.2198,0.0000
CUDA_Naive,CUDA,2000,2000,6,4,2,2,,75,1,0.000655,0.016630,2.37e-06,73.2588,25.3812
CUDA_Naive,CUDA,2000,2000,6,4,2,2,,75,2,0.000759,0.000000,0.00e+00,63.2646,0.0000
CUDA_Naive,CUDA,2000,2000,6,4,2,2,,75,3,0.000655,0.000000,0.00e+00,73.3374,0.0000
CUDA_Opt2D,CUDA,2000,2000,6,4,2,2,,75,1,0.000655,0.017609,2.37e-06,73.2686,26.8791
CUDA_Opt2D,CUDA,2000,2000,6,4,2,2,,75,2,0.000747,0.000000,0.00e+00,64.2559,0.0000
CUDA_Opt2D,CUDA,2000,2000,6,4,2,2,,75,3,0.000655,0.000000,0.00e+00,73.2460,0.0000
CUDA_Tiled,CUDA,2000,2000,6,4,2,2,,75,1,0.000634,0.017539,2.37e-06,75.7136,27.6649
CUDA_Tiled,CUDA,2000,2000,6,4,2,2,,75,2,0.000747,0.000000,0.00e+00,64.2975,0.0000
CUDA_Tiled,CUDA,2000,2000,6,4,2,2,,75,3,0.000643,0.000000,0.00e+00,74.6057,0.0000
CUDA_WarpRow,CUDA,2000,2000,6,4,2,2,,75,1,0.000644,0.017841,2.37e-06,74.5392,27.7046
CUDA_WarpRow,CUDA,2000,2000,6,4,2,2,,75,2,0.000704,0.000000,0.00e+00,68.2227,0.0000
CUDA_WarpRow,CUDA,2000,2000,6,4,2,2,,75,3,0.000652,0.000000,0.00e+00,73.6116,0.0000
CUDA_Transposed,CUDA,2000,2000,6,4,2,2,,75,1,0.000559,0.018786,2.37e-06,85.8095,33.5829
CUDA_Transposed,CUDA,2000,2000,6,4,2,2,,75,2,0.000548,0.000000,0.00e+00,87.5875,0.0000
CUDA_Transposed,CUDA,2000,2000,6,4,2,2,,75,3,0.000559,0.000000,0.00e+00,85.8073,0.0000
CUDA_Naive,CUDA,2000,2000,8,4,2,2,,75,1,0.000645,0.013284,1.13e-06,99.2099,20.5927
CUDA_Naive,CUDA,2000,2000,8,4,2,2,,75,2,0.000748,0.000000,0.00e+00,85.6081,0.0000
CUDA_Naive,CUDA,2000,2000,8,4,2,2,,75,3,0.000645,0.000000,0.00e+00,99.2029,0.0000
CUDA_Opt2D,CUDA,2000,2000,8,4,2,2,,75,1,0.000646,0.013401,1.13e-06,99.1247,20.7551
CUDA_Opt2D,CUDA,2000,2000,8,4,2,2,,75,2,0.000702,0.000000,0.00e+00,91.1456,0.0000
CUDA_Opt2D,CUDA,2000,2000,8,4,2,2,,75,3,0.000644,0.000000,0.00e+00,99.3956,0.0000
CUDA_Tiled,CUDA,2000,2000,8,4,2,2,,75,1,0.000635,0.013721,1.13e-06,100.8535,21.6217
CUDA_Tiled,CUDA,2000,2000,8,4,2,2,,75,2,0.000747,0.000000,0.00e+00,85.7105,0.0000
CUDA_Tiled,CUDA,2000,2000,8,4,2,2,,75,3,0.000633,0.000000,0.00e+00,101.0807,0.0000
CUDA_WarpRow,CUDA,2000,2000,8,4,2,2,,75,1,0.000652,0.013768,1.13e-06,98.2158,21.1282
CUDA_WarpRow,CUDA,2000,2000,8,4,2,2,,75,2,0.000755,0.000000,0.00e+00,84.7809,0.0000
CUDA_WarpRow,CUDA,2000,2000,8,4,2,2,,75,3,0.000642,0.000000,0.00e+00,99.7372,0.0000
CUDA_Transposed,CUDA,2000,2000,8,4,2,2,,75,1,0.000565,0.013458,1.13e-06,113.2239,23.8090
CUDA_Transposed,CUDA,2000,2000,8,4,2,2,,75,2,0.000553,0.000000,0.00e+00,115.6844,0.0000
CUDA_Transposed,CUDA,2000,2000,8,4,2,2,,75,3,0.000567,0.000000,0.00e+00,112.8529,0.0000
CUDA_Naive,CUDA,2000,2000,20,4,2,2,,75,1,0.000657,0.021133,1.90e-06,243.5563,32.1695
CUDA_Naive,CUDA,2000,2000,20,4,2,2,,75,2,0.000658,0.000000,0.00e+00,243.1414,0.0000
CUDA_Naive,CUDA,2000,2000,20,4,2,2,,75,3,0.000657,0.000000,0.00e+00,243.5381,0.0000
CUDA_Opt2D,CUDA,2000,2000,20,4,2,2,,75,1,0.000657,0.021889,1.90e-06,243.6120,33.3279
CUDA_Opt2D,CUDA,2000,2000,20,4,2,2,,75,2,0.000658,0.000000,0.00e+00,243.2981,0.0000
CUDA_Opt2D,CUDA,2000,2000,20,4,2,2,,75,3,0.000657,0.000000,0.00e+00,243.6375,0.0000
CUDA_Tiled,CUDA,2000,2000,20,4,2,2,,75,1,0.000644,0.020457,1.90e-06,248.5754,31.7817
CUDA_Tiled,CUDA,2000,2000,20,4,2,2,,75,2,0.000643,0.000000,0.00e+00,248.7388,0.0000
CUDA_Tiled,CUDA,2000,2000,20,4,2,2,,75,3,0.000636,0.000000,0.00e+00,251.7051,0.0000
CUDA_WarpRow,CUDA,2000,2000,20,4,2,2,,75,1,0.000740,0.021546,1.90e-06,216.3168,29.1295
CUDA_WarpRow,CUDA,2000,2000,20,4,2,2,,75,2,0.000654,0.000000,0.00e+00,244.6017,0.0000
CUDA_WarpRow,CUDA,2000,2000,20,4,2,2,,75,3,0.000645,0.000000,0.00e+00,247.9894,0.0000
CUDA_Transposed,CUDA,2000,2000,20,4,2,2,,75,1,0.000609,0.022186,1.90e-06,262.8225,36.4432
CUDA_Transposed,CUDA,2000,2000,20,4,2,2,,75,2,0.000617,0.000000,0.00e+00,259.2270,0.0000
CUDA_Transposed,CUDA,2000,2000,20,4,2,2,,75,3,0.000607,0.000000,0.00e+00,263.7899,0.0000
CUDA_Naive,CUDA,2000,2000,32,4,2,2,,75,1,0.000656,0.029701,1.56e-06,390.4280,45.2979
CUDA_Naive,CUDA,2000,2000,32,4,2,2,,75,2,0.000646,0.000000,0.00e+00,396.4393,0.0000
CUDA_Naive,CUDA,2000,2000,32,4,2,2,,75,3,0.000656,0.000000,0.00e+00,390.4866,0.0000
CUDA_Opt2D,CUDA,2000,2000,32,4,2,2,,75,1,0.000655,0.028235,1.56e-06,390.8040,43.1029
CUDA_Opt2D,CUDA,2000,2000,32,4,2,2,,75,2,0.000655,0.000000,0.00e+00,391.0147,0.0000
CUDA_Opt2D,CUDA,2000,2000,32,4,2,2,,75,3,0.000760,0.000000,0.00e+00,336.7615,0.0000
CUDA_Tiled,CUDA,2000,2000,32,4,2,2,,75,1,0.000635,0.031548,1.56e-06,403.0260,49.6674
CUDA_Tiled,CUDA,2000,2000,32,4,2,2,,75,2,0.000645,0.000000,0.00e+00,396.8889,0.0000
CUDA_Tiled,CUDA,2000,2000,32,4,2,2,,75,3,0.000727,0.000000,0.00e+00,352.0233,0.0000
CUDA_WarpRow,CUDA,2000,2000,32,4,2,2,,75,1,0.000653,0.032167,1.56e-06,392.2009,49.2813
CUDA_WarpRow,CUDA,2000,2000,32,4,2,2,,75,2,0.000643,0.000000,0.00e+00,397.9266,0.0000
CUDA_WarpRow,CUDA,2000,2000,32,4,2,2,,75,3,0.000644,0.000000,0.00e+00,397.5444,0.0000
CUDA_Transposed,CUDA,2000,2000,32,4,2,2,,75,1,0.000860,0.031912,1.56e-06,297.5092,37.0868
CUDA_Transposed,CUDA,2000,2000,32,4,2,2,,75,2,0.000750,0.000000,0.00e+00,341.5144,0.0000
CUDA_Transposed,CUDA,2000,2000,32,4,2,2,,75,3,0.000750,0.000000,0.00e+00,341.4715,0.0000
CUDA_Naive,CUDA,2000,2000,64,4,2,2,,75,1,0.000910,0.054822,1.65e-06,562.7033,60.2512
CUDA_Naive,CUDA,2000,2000,64,4,2,2,,75,2,0.000909,0.000000,0.00e+00,563.0673,0.0000
CUDA_Naive,CUDA,2000,2000,64,4,2,2,,75,3,0.000900,0.000000,0.00e+00,568.7437,0.0000
CUDA_Opt2D,CUDA,2000,2000,64,4,2,2,,75,1,0.001029,0.050255,1.65e-06,497.4046,48.8228
CUDA_Opt2D,CUDA,2000,2000,64,4,2,2,,75,2,0.001006,0.000000,0.00e+00,509.0848,0.0000
CUDA_Opt2D,CUDA,2000,2000,64,4,2,2,,75,3,0.000909,0.000000,0.00e+00,563.4748,0.0000
CUDA_Tiled,CUDA,2000,2000,64,4,2,2,,75,1,0.000885,0.054025,1.65e-06,578.8317,61.0769
CUDA_Tiled,CUDA,2000,2000,64,4,2,2,,75,2,0.000896,0.000000,0.00e+00,571.2193,0.0000
CUDA_Tiled,CUDA,2000,2000,64,4,2,2,,75,3,0.001040,0.000000,0.00e+00,492.1795,0.0000
CUDA_WarpRow,CUDA,2000,2000,64,4,2,2,,75,1,0.000892,0.054564,1.65e-06,573.9435,61.1650
CUDA_WarpRow,CUDA,2000,2000,64,4,2,2,,75,2,0.000902,0.000000,0.00e+00,567.6553,0.0000
CUDA_WarpRow,CUDA,2000,2000,64,4,2,2,,75,3,0.000903,0.000000,0.00e+00,566.9121,0.0000
CUDA_Transposed,CUDA,2000,2000,64,4,2,2,,75,1,0.001075,0.055296,1.65e-06,476.2062,51.4302
CUDA_Transposed,CUDA,2000,2000,64,4,2,2,,75,2,0.001076,0.000000,0.00e+00,475.6788,0.0000
CUDA_Transposed,CUDA,2000,2000,64,4,2,2,,75,3,0.001068,0.000000,0.00e+00,479.5085,0.0000
CUDA_Naive,CUDA,2000,2000,128,4,2,2,,75,1,0.001329,0.107945,1.66e-06,770.2149,81.1923
CUDA_Naive,CUDA,2000,2000,128,4,2,2,,75,2,0.001527,0.000000,0.00e+00,670.5948,0.0000
CUDA_Naive,CUDA,2000,2000,128,4,2,2,,75,3,0.001329,0.000000,0.00e+00,770.4364,0.0000
CUDA_Opt2D,CUDA,2000,2000,128,4,2,2,,75,1,0.001333,0.099559,1.66e-06,768.4090,74.7093
CUDA_Opt2D,CUDA,2000,2000,128,4,2,2,,75,2,0.001338,0.000000,0.00e+00,765.1060,0.0000
CUDA_Opt2D,CUDA,2000,2000,128,4,2,2,,75,3,0.001564,0.000000,0.00e+00,654.7839,0.0000
CUDA_Tiled,CUDA,2000,2000,128,4,2,2,,75,1,0.001167,0.105933,1.66e-06,877.3437,90.7615
CUDA_Tiled,CUDA,2000,2000,128,4,2,2,,75,2,0.001169,0.000000,0.00e+00,875.5975,0.0000
CUDA_Tiled,CUDA,2000,2000,128,4,2,2,,75,3,0.001158,0.000000,0.00e+00,883.9175,0.0000
CUDA_WarpRow,CUDA,2000,2000,128,4,2,2,,75,1,0.001408,0.104762,1.66e-06,727.1836,74.3960
CUDA_WarpRow,CUDA,2000,2000,128,4,2,2,,75,2,0.001414,0.000000,0.00e+00,724.0136,0.0000
CUDA_WarpRow,CUDA,2000,2000,128,4,2,2,,75,3,0.001500,0.000000,0.00e+00,682.8504,0.0000
CUDA_Transposed,CUDA,2000,2000,128,4,2,2,,75,1,0.001472,0.102683,1.66e-06,695.7127,69.7636
CUDA_Transposed,CUDA,2000,2000,128,4,2,2,,75,2,0.001462,0.000000,0.00e+00,700.2686,0.0000
CUDA_Transposed,CUDA,2000,2000,128,4,2,2,,75,3,0.001475,0.000000,0.00e+00,694.2330,0.0000
CUDA_Naive,CUDA,2000,4000,3,4,2,2,,75,1,0.001108,0.026790,6.80e-06,43.3363,24.1875
CUDA_Naive,CUDA,2000,4000,3,4,2,2,,75,2,0.000954,0.000000,0.00e+00,50.2962,0.0000
CUDA_Naive,CUDA,2000,4000,3,4,2,2,,75,3,0.000955,0.000000,0.00e+00,50.2610,0.0000
CUDA_Opt2D,CUDA,2000,4000,3,4,2,2,,75,1,0.000945,0.026818,6.80e-06,50.7942,28.3787
CUDA_Opt2D,CUDA,2000,4000,3,4,2,2,,75,2,0.000954,0.000000,0.00e+00,50.3101,0.0000
CUDA_Opt2D,CUDA,2000,4000,3,4,2,2,,75,3,0.000956,0.000000,0.00e+00,50.2155,0.0000
CUDA_Tiled,CUDA,2000,4000,3,4,2,2,,75,1,0.000922,0.025559,6.80e-06,52.0404,27.7109
CUDA_Tiled,CUDA,2000,4000,3,4,2,2,,75,2,0.000899,0.000000,0.00e+00,53.4164,0.0000
CUDA_Tiled,CUDA,2000,4000,3,4,2,2,,75,3,0.000900,0.000000,0.00e+00,53.3541,0.0000
CUDA_WarpRow,CUDA,2000,4000,3,4,2,2,,75,1,0.001097,0.027151,6.80e-06,43.7677,24.7568
CUDA_WarpRow,CUDA,2000,4000,3,4,2,2,,75,2,0.001069,0.000000,0.00e+00,44.8969,0.0000
CUDA_WarpRow,CUDA,2000,4000,3,4,2,2,,75,3,0.000947,0.000000,0.00e+00,50.7084,0.0000
CUDA_Transposed,CUDA,2000,4000,3,4,2,2,,75,1,0.000727,0.027273,6.80e-06,66.0438,37.5254
CUDA_Transposed,CUDA,2000,4000,3,4,2,2,,75,2,0.000727,0.000000,0.00e+00,66.0179,0.0000
CUDA_Transposed,CUDA,2000,4000,3,4,2,2,,75,3,0.000795,0.000000,0.00e+00,60.3453,0.0000
CUDA_Naive,CUDA,2000,4000,6,4,2,2,,75,1,0.000955,0.035066,3.43e-06,100.4916,36.7063
CUDA_Naive,CUDA,2000,4000,6,4,2,2,,75,2,0.000955,0.000000,0.00e+00,100.5033,0.0000
CUDA_Naive,CUDA,2000,4000,6,4,2,2,,75,3,0.000948,0.000000,0.00e+00,101.2860,0.0000
CUDA_Opt2D,CUDA,2000,4000,6,4,2,2,,75,1,0.000957,0.035113,3.43e-06,100.3242,36.6951
CUDA_Opt2D,CUDA,2000,4000,6,4,2,2,,75,2,0.000963,0.000000,0.00e+00,99.6766,0.0000
CUDA_Opt2D,CUDA,2000,4000,6,4,2,2,,75,3,0.000946,0.000000,0.00e+00,101.4784,0.0000
CUDA_Tiled,CUDA,2000,4000,6,4,2,2,,75,1,0.001043,0.035177,3.43e-06,92.0056,33.7138
CUDA_Tiled,CUDA,2000,4000,6,4,2,2,,75,2,0.001033,0.000000,0.00e+00,92.9327,0.0000
CUDA_Tiled,CUDA,2000,4000,6,4,2,2,,75,3,0.000890,0.000000,0.00e+00,107.8756,0.0000
CUDA_WarpRow,CUDA,2000,4000,6,4,2,2,,75,1,0.000940,0.037861,3.43e-06,102.1289,40.2781
CUDA_WarpRow,CUDA,2000,4000,6,4,2,2,,75,2,0.000941,0.000000,0.00e+00,102.0011,0.0000
CUDA_WarpRow,CUDA,2000,4000,6,4,2,2,,75,3,0.000949,0.000000,0.00e+00,101.1074,0.0000
CUDA_Transposed,CUDA,2000,4000,6,4,2,2,,75,1,0.000730,0.037728,3.43e-06,131.5190,51.6875
CUDA_Transposed,CUDA,2000,4000,6,4,2,2,,75,2,0.000730,0.000000,0.00e+00,131.4591,0.0000
CUDA_Transposed,CUDA,2000,4000,6,4,2,2,,75,3,0.000730,0.000000,0.00e+00,131.5251,0.0000
CUDA_Naive,CUDA,2000,4000,8,4,2,2,,75,1,0.000953,0.026717,3.35e-06,134.3025,28.0322
CUDA_Naive,CUDA,2000,4000,8,4,2,2,,75,2,0.000946,0.000000,0.00e+00,135.3616,0.0000
CUDA_Naive,CUDA,2000,4000,8,4,2,2,,75,3,0.000946,0.000000,0.00e+00,135.3778,0.0000
CUDA_Opt2D,CUDA,2000,4000,8,4,2,2,,75,1,0.000943,0.026011,3.35e-06,135.7432,27.5847
CUDA_Opt2D,CUDA,2000,4000,8,4,2,2,,75,2,0.000944,0.000000,0.00e+00,135.5675,0.0000
CUDA_Opt2D,CUDA,2000,4000,8,4,2,2,,75,3,0.000946,0.000000,0.00e+00,135.3620,0.0000
CUDA_Tiled,CUDA,2000,4000,8,4,2,2,,75,1,0.000900,0.026832,3.35e-06,142.2756,29.8241
CUDA_Tiled,CUDA,2000,4000,8,4,2,2,,75,2,0.000890,0.000000,0.00e+00,143.8596,0.0000
CUDA_Tiled,CUDA,2000,4000,8,4,2,2,,75,3,0.001044,0.000000,0.00e+00,122.6489,0.0000
CUDA_WarpRow,CUDA,2000,4000,8,4,2,2,,75,1,0.000947,0.025501,3.35e-06,135.1557,26.9266
CUDA_WarpRow,CUDA,2000,4000,8,4,2,2,,75,2,0.000947,0.000000,0.00e+00,135.2298,0.0000
CUDA_WarpRow,CUDA,2000,4000,8,4,2,2,,75,3,0.000939,0.000000,0.00e+00,136.3091,0.0000
CUDA_Transposed,CUDA,2000,4000,8,4,2,2,,75,1,0.000729,0.027291,3.35e-06,175.6290,37.4459
CUDA_Transposed,CUDA,2000,4000,8,4,2,2,,75,2,0.000738,0.000000,0.00e+00,173.4092,0.0000
CUDA_Transposed,CUDA,2000,4000,8,4,2,2,,75,3,0.000731,0.000000,0.00e+00,175.1365,0.0000
CUDA_Naive,CUDA,2000,4000,20,4,2,2,,75,1,0.001112,0.043472,2.61e-06,287.7176,39.0865
CUDA_Naive,CUDA,2000,4000,20,4,2,2,,75,2,0.001048,0.000000,0.00e+00,305.2656,0.0000
CUDA_Naive,CUDA,2000,4000,20,4,2,2,,75,3,0.000964,0.000000,0.00e+00,332.1194,0.0000
CUDA_Opt2D,CUDA,2000,4000,20,4,2,2,,75,1,0.000956,0.042161,2.61e-06,334.6482,44.0908
CUDA_Opt2D,CUDA,2000,4000,20,4,2,2,,75,2,0.000957,0.000000,0.00e+00,334.2448,0.0000
CUDA_Opt2D,CUDA,2000,4000,20,4,2,2,,75,3,0.000957,0.000000,0.00e+00,334.4768,0.0000
CUDA_Tiled,CUDA,2000,4000,20,4,2,2,,75,1,0.000901,0.043168,2.61e-06,355.3515,47.9372
CUDA_Tiled,CUDA,2000,4000,20,4,2,2,,75,2,0.000901,0.000000,0.00e+00,355.2105,0.0000
CUDA_Tiled,CUDA,2000,4000,20,4,2,2,,75,3,0.000900,0.000000,0.00e+00,355.3925,0.0000
CUDA_WarpRow,CUDA,2000,4000,20,4,2,2,,75,1,0.001099,0.043179,2.61e-06,291.1535,39.2869
CUDA_WarpRow,CUDA,2000,4000,20,4,2,2,,75,2,0.001071,0.000000,0.00e+00,298.7026,0.0000
CUDA_WarpRow,CUDA,2000,4000,20,4,2,2,,75,3,0.000957,0.000000,0.00e+00,334.2734,0.0000
CUDA_Transposed,CUDA,2000,4000,20,4,2,2,,75,1,0.000847,0.041391,2.61e-06,377.6280,48.8446
CUDA_Transposed,CUDA,2000,4000,20,4,2,2,,75,2,0.000849,0.000000,0.00e+00,377.0934,0.0000
CUDA_Transposed,CUDA,2000,4000,20,4,2,2,,75,3,0.000857,0.000000,0.00e+00,373.4091,0.0000
CUDA_Naive,CUDA,2000,4000,32,4,2,2,,75,1,0.000949,0.058418,2.81e-06,539.2383,61.5253
CUDA_Naive,CUDA,2000,4000,32,4,2,2,,75,2,0.000958,0.000000,0.00e+00,534.3769,0.0000
CUDA_Naive,CUDA,2000,4000,32,4,2,2,,75,3,0.000958,0.000000,0.00e+00,534.7028,0.0000
CUDA_Opt2D,CUDA,2000,4000,32,4,2,2,,75,1,0.001117,0.061960,2.81e-06,458.2731,55.4580
CUDA_Opt2D,CUDA,2000,4000,32,4,2,2,,75,2,0.000961,0.000000,0.00e+00,532.9011,0.0000
CUDA_Opt2D,CUDA,2000,4000,32,4,2,2,,75,3,0.000950,0.000000,0.00e+00,538.9439,0.0000
CUDA_Tiled,CUDA,2000,4000,32,4,2,2,,75,1,0.000891,0.062976,2.81e-06,574.6876,70.6867
CUDA_Tiled,CUDA,2000,4000,32,4,2,2,,75,2,0.000900,0.000000,0.00e+00,568.5960,0.0000
CUDA_Tiled,CUDA,2000,4000,32,4,2,2,,75,3,0.000899,0.000000,0.00e+00,569.6031,0.0000
CUDA_WarpRow,CUDA,2000,4000,32,4,2,2,,75,1,0.000944,0.061837,2.81e-06,542.6590,65.5402
CUDA_WarpRow,CUDA,2000,4000,32,4,2,2,,75,2,0.000945,0.000000,0.00e+00,541.6225,0.0000
CUDA_WarpRow,CUDA,2000,4000,32,4,2,2,,75,3,0.001105,0.000000,0.00e+00,463.1485,0.0000
CUDA_Transposed,CUDA,2000,4000,32,4,2,2,,75,1,0.001116,0.059056,2.81e-06,458.8718,52.9281
CUDA_Transposed,CUDA,2000,4000,32,4,2,2,,75,2,0.001124,0.000000,0.00e+00,455.4396,0.0000
CUDA_Transposed,CUDA,2000,4000,32,4,2,2,,75,3,0.001118,0.000000,0.00e+00,458.1102,0.0000
CUDA_Naive,CUDA,2000,4000,64,4,2,2,,75,1,0.001580,0.116978,3.29e-06,648.2327,74.0517
CUDA_Naive,CUDA,2000,4000,64,4,2,2,,75,2,0.001451,0.000000,0.00e+00,705.8953,0.0000
CUDA_Naive,CUDA,2000,4000,64,4,2,2,,75,3,0.001454,0.000000,0.00e+00,704.1195,0.0000
CUDA_Opt2D,CUDA,2000,4000,64,4,2,2,,75,1,0.001458,0.109489,3.29e-06,702.2064,75.0818
CUDA_Opt2D,CUDA,2000,4000,64,4,2,2,,75,2,0.001699,0.000000,0.00e+00,602.6647,0.0000
CUDA_Opt2D,CUDA,2000,4000,64,4,2,2,,75,3,0.001449,0.000000,0.00e+00,706.8479,0.0000
CUDA_Tiled,CUDA,2000,4000,64,4,2,2,,75,1,0.001380,0.104057,3.29e-06,741.9437,75.3949
CUDA_Tiled,CUDA,2000,4000,64,4,2,2,,75,2,0.001383,0.000000,0.00e+00,740.2104,0.0000
CUDA_Tiled,CUDA,2000,4000,64,4,2,2,,75,3,0.001388,0.000000,0.00e+00,737.6339,0.0000
CUDA_WarpRow,CUDA,2000,4000,64,4,2,2,,75,1,0.001478,0.111192,3.29e-06,692.8288,75.2312
CUDA_WarpRow,CUDA,2000,4000,64,4,2,2,,75,2,0.001484,0.000000,0.00e+00,690.0537,0.0000
CUDA_WarpRow,CUDA,2000,4000,64,4,2,2,,75,3,0.001482,0.000000,0.00e+00,690.8426,0.0000
CUDA_Transposed,CUDA,2000,4000,64,4,2,2,,75,1,0.001844,0.113773,3.29e-06,555.2949,61.6967
CUDA_Transposed,CUDA,2000,4000,64,4,2,2,,75,2,0.001841,0.000000,0.00e+00,556.3122,0.0000
CUDA_Transposed,CUDA,2000,4000,64,4,2,2,,75,3,0.001843,0.000000,0.00e+00,555.4675,0.0000
CUDA_Naive,CUDA,2000,4000,128,4,2,2,,75,1,0.002501,0.238644,3.47e-06,819.0299,95.4380
CUDA_Naive,CUDA,2000,4000,128,4,2,2,,75,2,0.002401,0.000000,0.00e+00,852.9257,0.0000
CUDA_Naive,CUDA,2000,4000,128,4,2,2,,75,3,0.002293,0.000000,0.00e+00,893.2270,0.0000
CUDA_Opt2D,CUDA,2000,4000,128,4,2,2,,75,1,0.002292,0.207524,3.47e-06,893.4668,90.5352
CUDA_Opt2D,CUDA,2000,4000,128,4,2,2,,75,2,0.002296,0.000000,0.00e+00,892.1609,0.0000
CUDA_Opt2D,CUDA,2000,4000,128,4,2,2,,75,3,0.002296,0.000000,0.00e+00,891.9706,0.0000
CUDA_Tiled,CUDA,2000,4000,128,4,2,2,,75,1,0.001982,0.205275,3.47e-06,1033.3823,103.5777
CUDA_Tiled,CUDA,2000,4000,128,4,2,2,,75,2,0.002153,0.000000,0.00e+00,951.2819,0.0000
CUDA_Tiled,CUDA,2000,4000,128,4,2,2,,75,3,0.001926,0.000000,0.00e+00,1063.5611,0.0000
CUDA_WarpRow,CUDA,2000,4000,128,4,2,2,,75,1,0.002550,0.208309,3.47e-06,803.0522,81.6812
CUDA_WarpRow,CUDA,2000,4000,128,4,2,2,,75,2,0.002552,0.000000,0.00e+00,802.6360,0.0000
CUDA_WarpRow,CUDA,2000,4000,128,4,2,2,,75,3,0.002561,0.000000,0.00e+00,799.7551,0.0000
CUDA_Transposed,CUDA,2000,4000,128,4,2,2,,75,1,0.002719,0.243801,3.47e-06,753.2309,89.6671
CUDA_Transposed,CUDA,2000,4000,128,4,2,2,,75,2,0.002579,0.000000,0.00e+00,794.1994,0.0000
CUDA_Transposed,CUDA,2000,4000,128,4,2,2,,75,3,0.002874,0.000000,0.00e+00,712.6767,0.0000
CUDA_Naive,CUDA,4000,2000,3,4,2,2,,75,1,0.000897,0.027250,2.36e-06,53.5281,30.3878
CUDA_Naive,CUDA,4000,2000,3,4,2,2,,75,2,0.000888,0.000000,0.00e+00,54.0630,0.0000
CUDA_Naive,CUDA,4000,2000,3,4,2,2,,75,3,0.000918,0.000000,0.00e+00,52.2977,0.0000
CUDA_Opt2D,CUDA,4000,2000,3,4,2,2,,75,1,0.000888,0.027077,2.36e-06,54.0844,30.5089
CUDA_Opt2D,CUDA,4000,2000,3,4,2,2,,75,2,0.000897,0.000000,0.00e+00,53.5216,0.0000
CUDA_Opt2D,CUDA,4000,2000,3,4,2,2,,75,3,0.000888,0.000000,0.00e+00,54.0381,0.0000
CUDA_Tiled,CUDA,4000,2000,3,4,2,2,,75,1,0.000896,0.027266,2.36e-06,53.5918,30.4425
CUDA_Tiled,CUDA,4000,2000,3,4,2,2,,75,2,0.000883,0.000000,0.00e+00,54.3471,0.0000
CUDA_Tiled,CUDA,4000,2000,3,4,2,2,,75,3,0.000897,0.000000,0.00e+00,53.5251,0.0000
CUDA_WarpRow,CUDA,4000,2000,3,4,2,2,,75,1,0.000885,0.027080,2.36e-06,54.2323,30.5960
CUDA_WarpRow,CUDA,4000,2000,3,4,2,2,,75,2,0.000894,0.000000,0.00e+00,53.6797,0.0000
CUDA_WarpRow,CUDA,4000,2000,3,4,2,2,,75,3,0.000893,0.000000,0.00e+00,53.7439,0.0000
CUDA_Transposed,CUDA,4000,2000,3,4,2,2,,75,1,0.000712,0.025689,2.36e-06,67.3739,36.0582
CUDA_Transposed,CUDA,4000,2000,3,4,2,2,,75,2,0.000712,0.000000,0.00e+00,67.4586,0.0000
CUDA_Transposed,CUDA,4000,2000,3,4,2,2,,75,3,0.000803,0.000000,0.00e+00,59.7769,0.0000
CUDA_Naive,CUDA,4000,2000,6,4,2,2,,75,1,0.000891,0.035987,2.37e-06,107.6958,40.3717
CUDA_Naive,CUDA,4000,2000,6,4,2,2,,75,2,0.000901,0.000000,0.00e+00,106.5884,0.0000
CUDA_Naive,CUDA,4000,2000,6,4,2,2,,75,3,0.000902,0.000000,0.00e+00,106.4425,0.0000
CUDA_Opt2D,CUDA,4000,2000,6,4,2,2,,75,1,0.001037,0.035017,2.37e-06,92.6019,33.7776
CUDA_Opt2D,CUDA,4000,2000,6,4,2,2,,75,2,0.000932,0.000000,0.00e+00,103.0111,0.0000
CUDA_Opt2D,CUDA,4000,2000,6,4,2,2,,75,3,0.000891,0.000000,0.00e+00,107.7430,0.0000
CUDA_Tiled,CUDA,4000,2000,6,4,2,2,,75,1,0.000897,0.034918,2.37e-06,107.0823,38.9494
CUDA_Tiled,CUDA,4000,2000,6,4,2,2,,75,2,0.000892,0.000000,0.00e+00,107.5801,0.0000
CUDA_Tiled,CUDA,4000,2000,6,4,2,2,,75,3,0.000890,0.000000,0.00e+00,107.9239,0.0000
CUDA_WarpRow,CUDA,4000,2000,6,4,2,2,,75,1,0.001040,0.037885,2.37e-06,92.2872,36.4199
CUDA_WarpRow,CUDA,4000,2000,6,4,2,2,,75,2,0.000947,0.000000,0.00e+00,101.3793,0.0000
CUDA_WarpRow,CUDA,4000,2000,6,4,2,2,,75,3,0.000896,0.000000,0.00e+00,107.1557,0.0000
CUDA_Transposed,CUDA,4000,2000,6,4,2,2,,75,1,0.000726,0.037289,2.37e-06,132.1768,51.3416
CUDA_Transposed,CUDA,4000,2000,6,4,2,2,,75,2,0.000726,0.000000,0.00e+00,132.2265,0.0000
CUDA_Transposed,CUDA,4000,2000,6,4,2,2,,75,3,0.000727,0.000000,0.00e+00,132.0366,0.0000
CUDA_Naive,CUDA,4000,2000,8,4,2,2,,75,1,0.001037,0.026676,1.13e-06,123.4245,25.7228
CUDA_Naive,CUDA,4000,2000,8,4,2,2,,75,2,0.001036,0.000000,0.00e+00,123.5410,0.0000
CUDA_Naive,CUDA,4000,2000,8,4,2,2,,75,3,0.000893,0.000000,0.00e+00,143.3049,0.0000
CUDA_Opt2D,CUDA,4000,2000,8,4,2,2,,75,1,0.000903,0.025649,1.13e-06,141.7748,28.4089
CUDA_Opt2D,CUDA,4000,2000,8,4,2,2,,75,2,0.000894,0.000000,0.00e+00,143.1184,0.0000
CUDA_Opt2D,CUDA,4000,2000,8,4,2,2,,75,3,0.001037,0.000000,0.00e+00,123.4786,0.0000
CUDA_Tiled,CUDA,4000,2000,8,4,2,2,,75,1,0.000886,0.027060,1.13e-06,144.4069,30.5287
CUDA_Tiled,CUDA,4000,2000,8,4,2,2,,75,2,0.000895,0.000000,0.00e+00,142.9742,0.0000
CUDA_Tiled,CUDA,4000,2000,8,4,2,2,,75,3,0.000897,0.000000,0.00e+00,142.7224,0.0000
CUDA_WarpRow,CUDA,4000,2000,8,4,2,2,,75,1,0.000898,0.026405,1.13e-06,142.4637,29.3882
CUDA_WarpRow,CUDA,4000,2000,8,4,2,2,,75,2,0.000898,0.000000,0.00e+00,142.6148,0.0000
CUDA_WarpRow,CUDA,4000,2000,8,4,2,2,,75,3,0.001032,0.000000,0.00e+00,124.0783,0.0000
CUDA_Transposed,CUDA,4000,2000,8,4,2,2,,75,1,0.000734,0.025519,1.13e-06,174.4652,34.7820
CUDA_Transposed,CUDA,4000,2000,8,4,2,2,,75,2,0.000733,0.000000,0.00e+00,174.7034,0.0000
CUDA_Transposed,CUDA,4000,2000,8,4,2,2,,75,3,0.000723,0.000000,0.00e+00,177.0284,0.0000
CUDA_Naive,CUDA,4000,2000,20,4,2,2,,75,1,0.000914,0.043507,1.90e-06,350.0955,47.5987
CUDA_Naive,CUDA,4000,2000,20,4,2,2,,75,2,0.000916,0.000000,0.00e+00,349.3524,0.0000
CUDA_Naive,CUDA,4000,2000,20,4,2,2,,75,3,0.000907,0.000000,0.00e+00,352.6859,0.0000
CUDA_Opt2D,CUDA,4000,2000,20,4,2,2,,75,1,0.000915,0.043188,1.90e-06,349.6159,47.1848
CUDA_Opt2D,CUDA,4000,2000,20,4,2,2,,75,2,0.000905,0.000000,0.00e+00,353.5219,0.0000
CUDA_Opt2D,CUDA,4000,2000,20,4,2,2,,75,3,0.000905,0.000000,0.00e+00,353.4002,0.0000
CUDA_Tiled,CUDA,4000,2000,20,4,2,2,,75,1,0.000897,0.041370,1.90e-06,356.8515,46.1338
CUDA_Tiled,CUDA,4000,2000,20,4,2,2,,75,2,0.000903,0.000000,0.00e+00,354.5144,0.0000
CUDA_Tiled,CUDA,4000,2000,20,4,2,2,,75,3,0.001034,0.000000,0.00e+00,309.4488,0.0000
CUDA_WarpRow,CUDA,4000,2000,20,4,2,2,,75,1,0.000911,0.043128,1.90e-06,351.3300,47.3505
CUDA_WarpRow,CUDA,4000,2000,20,4,2,2,,75,2,0.000911,0.000000,0.00e+00,351.1953,0.0000
CUDA_WarpRow,CUDA,4000,2000,20,4,2,2,,75,3,0.000903,0.000000,0.00e+00,354.4864,0.0000
CUDA_Transposed,CUDA,4000,2000,20,4,2,2,,75,1,0.000980,0.041944,1.90e-06,326.5810,42.8071
CUDA_Transposed,CUDA,4000,2000,20,4,2,2,,75,2,0.000864,0.000000,0.00e+00,370.2256,0.0000
CUDA_Transposed,CUDA,4000,2000,20,4,2,2,,75,3,0.000840,0.000000,0.00e+00,380.8433,0.0000
CUDA_Naive,CUDA,4000,2000,32,4,2,2,,75,1,0.000904,0.059774,1.56e-06,566.6655,66.1557
CUDA_Naive,CUDA,4000,2000,32,4,2,2,,75,2,0.000912,0.000000,0.00e+00,561.4467,0.0000
CUDA_Naive,CUDA,4000,2000,32,4,2,2,,75,3,0.000912,0.000000,0.00e+00,561.5344,0.0000
CUDA_Opt2D,CUDA,4000,2000,32,4,2,2,,75,1,0.000913,0.059075,1.56e-06,560.7010,64.6939
CUDA_Opt2D,CUDA,4000,2000,32,4,2,2,,75,2,0.000903,0.000000,0.00e+00,566.8800,0.0000
CUDA_Opt2D,CUDA,4000,2000,32,4,2,2,,75,3,0.001062,0.000000,0.00e+00,482.0510,0.0000
CUDA_Tiled,CUDA,4000,2000,32,4,2,2,,75,1,0.000899,0.057692,1.56e-06,569.3962,64.1595
CUDA_Tiled,CUDA,4000,2000,32,4,2,2,,75,2,0.000896,0.000000,0.00e+00,571.6226,0.0000
CUDA_Tiled,CUDA,4000,2000,32,4,2,2,,75,3,0.000887,0.000000,0.00e+00,577.4971,0.0000
CUDA_WarpRow,CUDA,4000,2000,32,4,2,2,,75,1,0.001046,0.058559,1.56e-06,489.3229,55.9654
CUDA_WarpRow,CUDA,4000,2000,32,4,2,2,,75,2,0.000899,0.000000,0.00e+00,569.2574,0.0000
CUDA_WarpRow,CUDA,4000,2000,32,4,2,2,,75,3,0.000907,0.000000,0.00e+00,564.2218,0.0000
CUDA_Transposed,CUDA,4000,2000,32,4,2,2,,75,1,0.001106,0.059064,1.56e-06,462.9818,53.4091
CUDA_Transposed,CUDA,4000,2000,32,4,2,2,,75,2,0.001097,0.000000,0.00e+00,466.7534,0.0000
CUDA_Transposed,CUDA,4000,2000,32,4,2,2,,75,3,0.001205,0.000000,0.00e+00,424.7322,0.0000
CUDA_Naive,CUDA,4000,2000,64,4,2,2,,75,1,0.001351,0.107917,1.65e-06,757.9092,79.8740
CUDA_Naive,CUDA,4000,2000,64,4,2,2,,75,2,0.001455,0.000000,0.00e+00,703.9770,0.0000
CUDA_Naive,CUDA,4000,2000,64,4,2,2,,75,3,0.001351,0.000000,0.00e+00,758.0962,0.0000
CUDA_Opt2D,CUDA,4000,2000,64,4,2,2,,75,1,0.001354,0.106756,1.65e-06,756.3710,78.8547
CUDA_Opt2D,CUDA,4000,2000,64,4,2,2,,75,2,0.001342,0.000000,0.00e+00,763.3158,0.0000
CUDA_Opt2D,CUDA,4000,2000,64,4,2,2,,75,3,0.001354,0.000000,0.00e+00,756.1805,0.0000
CUDA_Tiled,CUDA,4000,2000,64,4,2,2,,75,1,0.001167,0.111148,1.65e-06,877.3501,95.2299
CUDA_Tiled,CUDA,4000,2000,64,4,2,2,,75,2,0.001156,0.000000,0.00e+00,885.5195,0.0000
CUDA_Tiled,CUDA,4000,2000,64,4,2,2,,75,3,0.001166,0.000000,0.00e+00,878.0002,0.0000
CUDA_WarpRow,CUDA,4000,2000,64,4,2,2,,75,1,0.001596,0.108524,1.65e-06,641.7079,68.0083
CUDA_WarpRow,CUDA,4000,2000,64,4,2,2,,75,2,0.001414,0.000000,0.00e+00,724.3987,0.0000
CUDA_WarpRow,CUDA,4000,2000,64,4,2,2,,75,3,0.001414,0.000000,0.00e+00,724.0231,0.0000
CUDA_Transposed,CUDA,4000,2000,64,4,2,2,,75,1,0.001471,0.108782,1.65e-06,696.3106,73.9707
CUDA_Transposed,CUDA,4000,2000,64,4,2,2,,75,2,0.001480,0.000000,0.00e+00,691.9407,0.0000
CUDA_Transposed,CUDA,4000,2000,64,4,2,2,,75,3,0.001474,0.000000,0.00e+00,694.5196,0.0000
CUDA_Naive,CUDA,4000,2000,128,4,2,2,,75,1,0.002205,0.214686,1.66e-06,928.6973,97.3529
CUDA_Naive,CUDA,4000,2000,128,4,2,2,,75,2,0.002215,0.000000,0.00e+00,924.6754,0.0000
CUDA_Naive,CUDA,4000,2000,128,4,2,2,,75,3,0.002215,0.000000,0.00e+00,924.7342,0.0000
CUDA_Opt2D,CUDA,4000,2000,128,4,2,2,,75,1,0.002433,0.207250,1.66e-06,841.8867,85.1959
CUDA_Opt2D,CUDA,4000,2000,128,4,2,2,,75,2,0.002585,0.000000,0.00e+00,792.1249,0.0000
CUDA_Opt2D,CUDA,4000,2000,128,4,2,2,,75,3,0.002205,0.000000,0.00e+00,928.6614,0.0000
CUDA_Tiled,CUDA,4000,2000,128,4,2,2,,75,1,0.001930,0.199520,1.66e-06,1061.0678,103.3711
CUDA_Tiled,CUDA,4000,2000,128,4,2,2,,75,2,0.001940,0.000000,0.00e+00,1055.7460,0.0000
CUDA_Tiled,CUDA,4000,2000,128,4,2,2,,75,3,0.001941,0.000000,0.00e+00,1054.9984,0.0000
CUDA_WarpRow,CUDA,4000,2000,128,4,2,2,,75,1,0.002451,0.201480,1.66e-06,835.7423,82.2193
CUDA_WarpRow,CUDA,4000,2000,128,4,2,2,,75,2,0.002765,0.000000,0.00e+00,740.7486,0.0000
CUDA_WarpRow,CUDA,4000,2000,128,4,2,2,,75,3,0.002457,0.000000,0.00e+00,833.6594,0.0000
CUDA_Transposed,CUDA,4000,2000,128,4,2,2,,75,1,0.002580,0.206421,1.66e-06,793.9033,80.0187
CUDA_Transposed,CUDA,4000,2000,128,4,2,2,,75,2,0.002583,0.000000,0.00e+00,792.8240,0.0000
CUDA_Transposed,CUDA,4000,2000,128,4,2,2,,75,3,0.002584,0.000000,0.00e+00,792.7115,0.0000
CUDA_Naive,CUDA,6000,2000,3,4,2,2,,75,1,0.001240,0.041334,2.37e-06,58.0417,33.3205
CUDA_Naive,CUDA,6000,2000,3,4,2,2,,75,2,0.001070,0.000000,0.00e+00,67.2953,0.0000
CUDA_Naive,CUDA,6000,2000,3,4,2,2,,75,3,0.001068,0.000000,0.00e+00,67.3933,0.0000
CUDA_Opt2D,CUDA,6000,2000,3,4,2,2,,75,1,0.001068,0.040867,2.37e-06,67.4088,38.2613
CUDA_Opt2D,CUDA,6000,2000,3,4,2,2,,75,2,0.001069,0.000000,0.00e+00,67.3399,0.0000
CUDA_Opt2D,CUDA,6000,2000,3,4,2,2,,75,3,0.001250,0.000000,0.00e+00,57.5800,0.0000
CUDA_Tiled,CUDA,6000,2000,3,4,2,2,,75,1,0.000900,0.038612,2.37e-06,80.0098,42.9073
CUDA_Tiled,CUDA,6000,2000,3,4,2,2,,75,2,0.000910,0.000000,0.00e+00,79.1261,0.0000
CUDA_Tiled,CUDA,6000,2000,3,4,2,2,,75,3,0.000910,0.000000,0.00e+00,79.0789,0.0000
CUDA_WarpRow,CUDA,6000,2000,3,4,2,2,,75,1,0.001071,0.041546,2.37e-06,67.2463,38.8027
CUDA_WarpRow,CUDA,6000,2000,3,4,2,2,,75,2,0.001072,0.000000,0.00e+00,67.1580,0.0000
CUDA_WarpRow,CUDA,6000,2000,3,4,2,2,,75,3,0.001232,0.000000,0.00e+00,58.4506,0.0000
CUDA_Transposed,CUDA,6000,2000,3,4,2,2,,75,1,0.000729,0.040800,2.37e-06,98.8151,55.9951
CUDA_Transposed,CUDA,6000,2000,3,4,2,2,,75,2,0.000729,0.000000,0.00e+00,98.7076,0.0000
CUDA_Transposed,CUDA,6000,2000,3,4,2,2,,75,3,0.000737,0.000000,0.00e+00,97.6431,0.0000
CUDA_Naive,CUDA,6000,2000,6,4,2,2,,75,1,0.001073,0.051177,2.37e-06,134.2114,47.6982
CUDA_Naive,CUDA,6000,2000,6,4,2,2,,75,2,0.001084,0.000000,0.00e+00,132.8052,0.0000
CUDA_Naive,CUDA,6000,2000,6,4,2,2,,75,3,0.001073,0.000000,0.00e+00,134.2255,0.0000
CUDA_Opt2D,CUDA,6000,2000,6,4,2,2,,75,1,0.001073,0.052443,2.37e-06,134.1615,48.8603
CUDA_Opt2D,CUDA,6000,2000,6,4,2,2,,75,2,0.001082,0.000000,0.00e+00,133.1157,0.0000
CUDA_Opt2D,CUDA,6000,2000,6,4,2,2,,75,3,0.001076,0.000000,0.00e+00,133.8840,0.0000
CUDA_Tiled,CUDA,6000,2000,6,4,2,2,,75,1,0.000901,0.052263,2.37e-06,159.8406,58.0124
CUDA_Tiled,CUDA,6000,2000,6,4,2,2,,75,2,0.000901,0.000000,0.00e+00,159.7792,0.0000
CUDA_Tiled,CUDA,6000,2000,6,4,2,2,,75,3,0.000910,0.000000,0.00e+00,158.2365,0.0000
CUDA_WarpRow,CUDA,6000,2000,6,4,2,2,,75,1,0.001146,0.056874,2.37e-06,125.6852,49.6403
CUDA_WarpRow,CUDA,6000,2000,6,4,2,2,,75,2,0.001068,0.000000,0.00e+00,134.8586,0.0000
CUDA_WarpRow,CUDA,6000,2000,6,4,2,2,,75,3,0.001250,0.000000,0.00e+00,115.2269,0.0000
CUDA_Transposed,CUDA,6000,2000,6,4,2,2,,75,1,0.000735,0.056873,2.37e-06,195.9743,77.4004
CUDA_Transposed,CUDA,6000,2000,6,4,2,2,,75,2,0.000743,0.000000,0.00e+00,193.8381,0.0000
CUDA_Transposed,CUDA,6000,2000,6,4,2,2,,75,3,0.000736,0.000000,0.00e+00,195.7039,0.0000
CUDA_Naive,CUDA,6000,2000,8,4,2,2,,75,1,0.001085,0.039917,1.13e-06,176.9880,36.7960
CUDA_Naive,CUDA,6000,2000,8,4,2,2,,75,2,0.001085,0.000000,0.00e+00,176.8828,0.0000
CUDA_Naive,CUDA,6000,2000,8,4,2,2,,75,3,0.001085,0.000000,0.00e+00,176.9755,0.0000
CUDA_Opt2D,CUDA,6000,2000,8,4,2,2,,75,1,0.001250,0.040544,1.13e-06,153.6188,32.4388
CUDA_Opt2D,CUDA,6000,2000,8,4,2,2,,75,2,0.001138,0.000000,0.00e+00,168.7031,0.0000
CUDA_Opt2D,CUDA,6000,2000,8,4,2,2,,75,3,0.001083,0.000000,0.00e+00,177.2505,0.0000
CUDA_Tiled,CUDA,6000,2000,8,4,2,2,,75,1,0.000911,0.040590,1.13e-06,210.6625,44.5357
CUDA_Tiled,CUDA,6000,2000,8,4,2,2,,75,2,0.000901,0.000000,0.00e+00,213.2114,0.0000
CUDA_Tiled,CUDA,6000,2000,8,4,2,2,,75,3,0.000910,0.000000,0.00e+00,210.9226,0.0000
CUDA_WarpRow,CUDA,6000,2000,8,4,2,2,,75,1,0.001069,0.039870,1.13e-06,179.5232,37.2795
CUDA_WarpRow,CUDA,6000,2000,8,4,2,2,,75,2,0.001067,0.000000,0.00e+00,179.8801,0.0000
CUDA_WarpRow,CUDA,6000,2000,8,4,2,2,,75,3,0.001076,0.000000,0.00e+00,178.3672,0.0000
CUDA_Transposed,CUDA,6000,2000,8,4,2,2,,75,1,0.000739,0.041429,1.13e-06,259.9634,56.0937
CUDA_Transposed,CUDA,6000,2000,8,4,2,2,,75,2,0.000741,0.000000,0.00e+00,259.1668,0.0000
CUDA_Transposed,CUDA,6000,2000,8,4,2,2,,75,3,0.000809,0.000000,0.00e+00,237.2377,0.0000
CUDA_Naive,CUDA,6000,2000,20,4,2,2,,75,1,0.001103,0.064918,1.90e-06,435.1627,58.8538
CUDA_Naive,CUDA,6000,2000,20,4,2,2,,75,2,0.001103,0.000000,0.00e+00,435.1342,0.0000
CUDA_Naive,CUDA,6000,2000,20,4,2,2,,75,3,0.001106,0.000000,0.00e+00,434.0090,0.0000
CUDA_Opt2D,CUDA,6000,2000,20,4,2,2,,75,1,0.001197,0.061144,1.90e-06,401.1278,51.0972
CUDA_Opt2D,CUDA,6000,2000,20,4,2,2,,75,2,0.001105,0.000000,0.00e+00,434.4121,0.0000
CUDA_Opt2D,CUDA,6000,2000,20,4,2,2,,75,3,0.001278,0.000000,0.00e+00,375.4601,0.0000
CUDA_Tiled,CUDA,6000,2000,20,4,2,2,,75,1,0.000903,0.065364,1.90e-06,531.6303,72.3951
CUDA_Tiled,CUDA,6000,2000,20,4,2,2,,75,2,0.000911,0.000000,0.00e+00,526.7594,0.0000
CUDA_Tiled,CUDA,6000,2000,20,4,2,2,,75,3,0.000914,0.000000,0.00e+00,525.4147,0.0000
CUDA_WarpRow,CUDA,6000,2000,20,4,2,2,,75,1,0.001280,0.065352,1.90e-06,374.8949,51.0418
CUDA_WarpRow,CUDA,6000,2000,20,4,2,2,,75,2,0.001099,0.000000,0.00e+00,436.6037,0.0000
CUDA_WarpRow,CUDA,6000,2000,20,4,2,2,,75,3,0.001280,0.000000,0.00e+00,375.0972,0.0000
CUDA_Transposed,CUDA,6000,2000,20,4,2,2,,75,1,0.000863,0.065220,1.90e-06,556.1194,75.5627
CUDA_Transposed,CUDA,6000,2000,20,4,2,2,,75,2,0.000854,0.000000,0.00e+00,562.1910,0.0000
CUDA_Transposed,CUDA,6000,2000,20,4,2,2,,75,3,0.000852,0.000000,0.00e+00,563.1554,0.0000
CUDA_Naive,CUDA,6000,2000,32,4,2,2,,75,1,0.001100,0.089675,1.56e-06,697.8852,81.4879
CUDA_Naive,CUDA,6000,2000,32,4,2,2,,75,2,0.001097,0.000000,0.00e+00,700.0555,0.0000
CUDA_Naive,CUDA,6000,2000,32,4,2,2,,75,3,0.001091,0.000000,0.00e+00,703.8448,0.0000
CUDA_Opt2D,CUDA,6000,2000,32,4,2,2,,75,1,0.001284,0.087752,1.56e-06,598.1843,68.3492
CUDA_Opt2D,CUDA,6000,2000,32,4,2,2,,75,2,0.001092,0.000000,0.00e+00,703.6135,0.0000
CUDA_Opt2D,CUDA,6000,2000,32,4,2,2,,75,3,0.001158,0.000000,0.00e+00,663.1551,0.0000
CUDA_Tiled,CUDA,6000,2000,32,4,2,2,,75,1,0.000912,0.094695,1.56e-06,841.9065,103.8074
CUDA_Tiled,CUDA,6000,2000,32,4,2,2,,75,2,0.000913,0.000000,0.00e+00,841.3997,0.0000
CUDA_Tiled,CUDA,6000,2000,32,4,2,2,,75,3,0.000905,0.000000,0.00e+00,848.5344,0.0000
CUDA_WarpRow,CUDA,6000,2000,32,4,2,2,,75,1,0.001094,0.089528,1.56e-06,701.7618,81.8060
CUDA_WarpRow,CUDA,6000,2000,32,4,2,2,,75,2,0.001091,0.000000,0.00e+00,703.6745,0.0000
CUDA_WarpRow,CUDA,6000,2000,32,4,2,2,,75,3,0.001095,0.000000,0.00e+00,701.6306,0.0000
CUDA_Transposed,CUDA,6000,2000,32,4,2,2,,75,1,0.001131,0.089283,1.56e-06,679.0845,78.9463
CUDA_Transposed,CUDA,6000,2000,32,4,2,2,,75,2,0.001129,0.000000,0.00e+00,680.3101,0.0000
CUDA_Transposed,CUDA,6000,2000,32,4,2,2,,75,3,0.001131,0.000000,0.00e+00,679.0605,0.0000
CUDA_Naive,CUDA,6000,2000,64,4,2,2,,75,1,0.002042,0.151862,1.65e-06,752.3828,74.3868
CUDA_Naive,CUDA,6000,2000,64,4,2,2,,75,2,0.001793,0.000000,0.00e+00,856.6393,0.0000
CUDA_Naive,CUDA,6000,2000,64,4,2,2,,75,3,0.001796,0.000000,0.00e+00,855.0491,0.0000
CUDA_Opt2D,CUDA,6000,2000,64,4,2,2,,75,1,0.001787,0.162839,1.65e-06,859.4185,91.1115
CUDA_Opt2D,CUDA,6000,2000,64,4,2,2,,75,2,0.001793,0.000000,0.00e+00,856.4351,0.0000
CUDA_Opt2D,CUDA,6000,2000,64,4,2,2,,75,3,0.001797,0.000000,0.00e+00,854.5778,0.0000
CUDA_Tiled,CUDA,6000,2000,64,4,2,2,,75,1,0.001435,0.161463,1.65e-06,1070.5193,112.5319
CUDA_Tiled,CUDA,6000,2000,64,4,2,2,,75,2,0.001433,0.000000,0.00e+00,1072.1946,0.0000
CUDA_Tiled,CUDA,6000,2000,64,4,2,2,,75,3,0.001432,0.000000,0.00e+00,1072.3539,0.0000
CUDA_WarpRow,CUDA,6000,2000,64,4,2,2,,75,1,0.001767,0.152644,1.65e-06,869.3721,86.3963
CUDA_WarpRow,CUDA,6000,2000,64,4,2,2,,75,2,0.001770,0.000000,0.00e+00,868.0144,0.0000
CUDA_WarpRow,CUDA,6000,2000,64,4,2,2,,75,3,0.001771,0.000000,0.00e+00,867.5280,0.0000
CUDA_Transposed,CUDA,6000,2000,64,4,2,2,,75,1,0.001867,0.146113,1.65e-06,822.7715,78.2667
CUDA_Transposed,CUDA,6000,2000,64,4,2,2,,75,2,0.001877,0.000000,0.00e+00,818.1377,0.0000
CUDA_Transposed,CUDA,6000,2000,64,4,2,2,,75,3,0.001876,0.000000,0.00e+00,818.7078,0.0000
CUDA_Naive,CUDA,6000,2000,128,4,2,2,,75,1,0.003171,0.293594,1.66e-06,968.7479,92.5840
CUDA_Naive,CUDA,6000,2000,128,4,2,2,,75,2,0.003157,0.000000,0.00e+00,973.0690,0.0000
CUDA_Naive,CUDA,6000,2000,128,4,2,2,,75,3,0.003157,0.000000,0.00e+00,973.1160,0.0000
CUDA_Opt2D,CUDA,6000,2000,128,4,2,2,,75,1,0.003162,0.310190,1.66e-06,971.6135,98.1072
CUDA_Opt2D,CUDA,6000,2000,128,4,2,2,,75,2,0.003156,0.000000,0.00e+00,973.3194,0.0000
CUDA_Opt2D,CUDA,6000,2000,128,4,2,2,,75,3,0.003165,0.000000,0.00e+00,970.5073,0.0000
CUDA_Tiled,CUDA,6000,2000,128,4,2,2,,75,1,0.002476,0.298684,1.66e-06,1240.7716,120.6376
CUDA_Tiled,CUDA,6000,2000,128,4,2,2,,75,2,0.002472,0.000000,0.00e+00,1242.6568,0.0000
CUDA_Tiled,CUDA,6000,2000,128,4,2,2,,75,3,0.002482,0.000000,0.00e+00,1237.7407,0.0000
CUDA_WarpRow,CUDA,6000,2000,128,4,2,2,,75,1,0.003170,0.316265,1.66e-06,969.1028,99.7699
CUDA_WarpRow,CUDA,6000,2000,128,4,2,2,,75,2,0.003172,0.000000,0.00e+00,968.6054,0.0000
CUDA_WarpRow,CUDA,6000,2000,128,4,2,2,,75,3,0.003163,0.000000,0.00e+00,971.2112,0.0000
CUDA_Transposed,CUDA,6000,2000,128,4,2,2,,75,1,0.003364,0.323915,1.66e-06,913.3254,96.3021
CUDA_Transposed,CUDA,6000,2000,128,4,2,2,,75,2,0.003482,0.000000,0.00e+00,882.3234,0.0000
CUDA_Transposed,CUDA,6000,2000,128,4,2,2,,75,3,0.003357,0.000000,0.00e+00,915.0415,0.0000
CUDA_Naive,CUDA,4000,4000,3,4,2,2,,75,1,0.001483,0.053610,6.80e-06,64.7353,36.1509
CUDA_Naive,CUDA,4000,4000,3,4,2,2,,75,2,0.001484,0.000000,0.00e+00,64.7020,0.0000
CUDA_Naive,CUDA,4000,4000,3,4,2,2,,75,3,0.001492,0.000000,0.00e+00,64.3232,0.0000
CUDA_Opt2D,CUDA,4000,4000,3,4,2,2,,75,1,0.001497,0.054249,6.80e-06,64.1315,36.2400
CUDA_Opt2D,CUDA,4000,4000,3,4,2,2,,75,2,0.001484,0.000000,0.00e+00,64.6938,0.0000
CUDA_Opt2D,CUDA,4000,4000,3,4,2,2,,75,3,0.001496,0.000000,0.00e+00,64.1510,0.0000
CUDA_Tiled,CUDA,4000,4000,3,4,2,2,,75,1,0.001605,0.054004,6.80e-06,59.8054,33.6432
CUDA_Tiled,CUDA,4000,4000,3,4,2,2,,75,2,0.001407,0.000000,0.00e+00,68.2439,0.0000
CUDA_Tiled,CUDA,4000,4000,3,4,2,2,,75,3,0.001547,0.000000,0.00e+00,62.0438,0.0000
CUDA_WarpRow,CUDA,4000,4000,3,4,2,2,,75,1,0.001475,0.053981,6.80e-06,65.0744,36.5917
CUDA_WarpRow,CUDA,4000,4000,3,4,2,2,,75,2,0.001476,0.000000,0.00e+00,65.0613,0.0000
CUDA_WarpRow,CUDA,4000,4000,3,4,2,2,,75,3,0.001465,0.000000,0.00e+00,65.5413,0.0000
CUDA_Transposed,CUDA,4000,4000,3,4,2,2,,75,1,0.001143,0.054521,6.80e-06,83.9890,47.6997
CUDA_Transposed,CUDA,4000,4000,3,4,2,2,,75,2,0.001049,0.000000,0.00e+00,91.4728,0.0000
CUDA_Transposed,CUDA,4000,4000,3,4,2,2,,75,3,0.001051,0.000000,0.00e+00,91.3428,0.0000
CUDA_Naive,CUDA,4000,4000,6,4,2,2,,75,1,0.001500,0.069308,3.43e-06,128.0156,46.2111
CUDA_Naive,CUDA,4000,4000,6,4,2,2,,75,2,0.001493,0.000000,0.00e+00,128.5901,0.0000
CUDA_Naive,CUDA,4000,4000,6,4,2,2,,75,3,0.001649,0.000000,0.00e+00,116.4551,0.0000
CUDA_Opt2D,CUDA,4000,4000,6,4,2,2,,75,1,0.001498,0.066476,3.43e-06,128.1465,44.3678
CUDA_Opt2D,CUDA,4000,4000,6,4,2,2,,75,2,0.001498,0.000000,0.00e+00,128.1522,0.0000
CUDA_Opt2D,CUDA,4000,4000,6,4,2,2,,75,3,0.001488,0.000000,0.00e+00,129.0019,0.0000
CUDA_Tiled,CUDA,4000,4000,6,4,2,2,,75,1,0.001406,0.070163,3.43e-06,136.5477,49.8988
CUDA_Tiled,CUDA,4000,4000,6,4,2,2,,75,2,0.001406,0.000000,0.00e+00,136.5658,0.0000
CUDA_Tiled,CUDA,4000,4000,6,4,2,2,,75,3,0.001406,0.000000,0.00e+00,136.5303,0.0000
CUDA_WarpRow,CUDA,4000,4000,6,4,2,2,,75,1,0.001481,0.075488,3.43e-06,129.6065,50.9569
CUDA_WarpRow,CUDA,4000,4000,6,4,2,2,,75,2,0.001480,0.000000,0.00e+00,129.7213,0.0000
CUDA_WarpRow,CUDA,4000,4000,6,4,2,2,,75,3,0.001470,0.000000,0.00e+00,130.5823,0.0000
CUDA_Transposed,CUDA,4000,4000,6,4,2,2,,75,1,0.001170,0.074672,3.43e-06,164.1350,63.8351
CUDA_Transposed,CUDA,4000,4000,6,4,2,2,,75,2,0.001070,0.000000,0.00e+00,179.4317,0.0000
CUDA_Transposed,CUDA,4000,4000,6,4,2,2,,75,3,0.001071,0.000000,0.00e+00,179.2992,0.0000
CUDA_Naive,CUDA,4000,4000,8,4,2,2,,75,1,0.001482,0.053580,3.35e-06,172.7399,36.1537
CUDA_Naive,CUDA,4000,4000,8,4,2,2,,75,2,0.001492,0.000000,0.00e+00,171.6232,0.0000
CUDA_Naive,CUDA,4000,4000,8,4,2,2,,75,3,0.001483,0.000000,0.00e+00,172.6798,0.0000
CUDA_Opt2D,CUDA,4000,4000,8,4,2,2,,75,1,0.001483,0.053988,3.35e-06,172.5778,36.3948
CUDA_Opt2D,CUDA,4000,4000,8,4,2,2,,75,2,0.001490,0.000000,0.00e+00,171.8657,0.0000
CUDA_Opt2D,CUDA,4000,4000,8,4,2,2,,75,3,0.001495,0.000000,0.00e+00,171.2833,0.0000
CUDA_Tiled,CUDA,4000,4000,8,4,2,2,,75,1,0.001405,0.053897,3.35e-06,182.1951,38.3587
CUDA_Tiled,CUDA,4000,4000,8,4,2,2,,75,2,0.001399,0.000000,0.00e+00,183.0086,0.0000
CUDA_Tiled,CUDA,4000,4000,8,4,2,2,,75,3,0.001620,0.000000,0.00e+00,158.0030,0.0000
CUDA_WarpRow,CUDA,4000,4000,8,4,2,2,,75,1,0.001475,0.052359,3.35e-06,173.5485,35.4953
CUDA_WarpRow,CUDA,4000,4000,8,4,2,2,,75,2,0.001475,0.000000,0.00e+00,173.5954,0.0000
CUDA_WarpRow,CUDA,4000,4000,8,4,2,2,,75,3,0.001469,0.000000,0.00e+00,174.3114,0.0000
CUDA_Transposed,CUDA,4000,4000,8,4,2,2,,75,1,0.001197,0.051066,3.35e-06,213.8171,42.6518
CUDA_Transposed,CUDA,4000,4000,8,4,2,2,,75,2,0.001069,0.000000,0.00e+00,239.5740,0.0000
CUDA_Transposed,CUDA,4000,4000,8,4,2,2,,75,3,0.001077,0.000000,0.00e+00,237.6436,0.0000
CUDA_Naive,CUDA,4000,4000,20,4,2,2,,75,1,0.001503,0.085053,2.61e-06,425.7468,56.5796
CUDA_Naive,CUDA,4000,4000,20,4,2,2,,75,2,0.001504,0.000000,0.00e+00,425.4156,0.0000
CUDA_Naive,CUDA,4000,4000,20,4,2,2,,75,3,0.001500,0.000000,0.00e+00,426.6177,0.0000
CUDA_Opt2D,CUDA,4000,4000,20,4,2,2,,75,1,0.001510,0.086726,2.61e-06,423.7492,57.4220
CUDA_Opt2D,CUDA,4000,4000,20,4,2,2,,75,2,0.001500,0.000000,0.00e+00,426.7969,0.0000
CUDA_Opt2D,CUDA,4000,4000,20,4,2,2,,75,3,0.001498,0.000000,0.00e+00,427.2849,0.0000
CUDA_Tiled,CUDA,4000,4000,20,4,2,2,,75,1,0.001626,0.082702,2.61e-06,393.5746,50.8587
CUDA_Tiled,CUDA,4000,4000,20,4,2,2,,75,2,0.001405,0.000000,0.00e+00,455.5981,0.0000
CUDA_Tiled,CUDA,4000,4000,20,4,2,2,,75,3,0.001408,0.000000,0.00e+00,454.6777,0.0000
CUDA_WarpRow,CUDA,4000,4000,20,4,2,2,,75,1,0.001495,0.088215,2.61e-06,428.1197,59.0102
CUDA_WarpRow,CUDA,4000,4000,20,4,2,2,,75,2,0.001634,0.000000,0.00e+00,391.7791,0.0000
CUDA_WarpRow,CUDA,4000,4000,20,4,2,2,,75,3,0.001487,0.000000,0.00e+00,430.4420,0.0000
CUDA_Transposed,CUDA,4000,4000,20,4,2,2,,75,1,0.001296,0.087817,2.61e-06,493.6741,67.7388
CUDA_Transposed,CUDA,4000,4000,20,4,2,2,,75,2,0.001294,0.000000,0.00e+00,494.4007,0.0000
CUDA_Transposed,CUDA,4000,4000,20,4,2,2,,75,3,0.001306,0.000000,0.00e+00,489.9232,0.0000
CUDA_Naive,CUDA,4000,4000,32,4,2,2,,75,1,0.001499,0.117052,2.81e-06,683.2082,78.0965
CUDA_Naive,CUDA,4000,4000,32,4,2,2,,75,2,0.001496,0.000000,0.00e+00,684.4729,0.0000
CUDA_Naive,CUDA,4000,4000,32,4,2,2,,75,3,0.001503,0.000000,0.00e+00,681.4479,0.0000
CUDA_Opt2D,CUDA,4000,4000,32,4,2,2,,75,1,0.001492,0.119283,2.81e-06,686.4034,79.9570
CUDA_Opt2D,CUDA,4000,4000,32,4,2,2,,75,2,0.001498,0.000000,0.00e+00,683.5148,0.0000
CUDA_Opt2D,CUDA,4000,4000,32,4,2,2,,75,3,0.001498,0.000000,0.00e+00,683.5457,0.0000
CUDA_Tiled,CUDA,4000,4000,32,4,2,2,,75,1,0.001394,0.119513,2.81e-06,734.7936,85.7590
CUDA_Tiled,CUDA,4000,4000,32,4,2,2,,75,2,0.001406,0.000000,0.00e+00,728.0922,0.0000
CUDA_Tiled,CUDA,4000,4000,32,4,2,2,,75,3,0.001405,0.000000,0.00e+00,729.0033,0.0000
CUDA_WarpRow,CUDA,4000,4000,32,4,2,2,,75,1,0.001480,0.120490,2.81e-06,692.0321,81.4288
CUDA_WarpRow,CUDA,4000,4000,32,4,2,2,,75,2,0.001479,0.000000,0.00e+00,692.3975,0.0000
CUDA_WarpRow,CUDA,4000,4000,32,4,2,2,,75,3,0.001489,0.000000,0.00e+00,687.5045,0.0000
CUDA_Transposed,CUDA,4000,4000,32,4,2,2,,75,1,0.001829,0.118718,2.81e-06,559.9249,64.9153
CUDA_Transposed,CUDA,4000,4000,32,4,2,2,,75,2,0.001824,0.000000,0.00e+00,561.2608,0.0000
CUDA_Transposed,CUDA,4000,4000,32,4,2,2,,75,3,0.001825,0.000000,0.00e+00,560.9983,0.0000
CUDA_Naive,CUDA,4000,4000,64,4,2,2,,75,1,0.002353,0.222899,3.29e-06,870.3182,94.7230
CUDA_Naive,CUDA,4000,4000,64,4,2,2,,75,2,0.002352,0.000000,0.00e+00,870.6490,0.0000
CUDA_Naive,CUDA,4000,4000,64,4,2,2,,75,3,0.002361,0.000000,0.00e+00,867.2591,0.0000
CUDA_Opt2D,CUDA,4000,4000,64,4,2,2,,75,1,0.002351,0.223303,3.29e-06,871.1771,94.9887
CUDA_Opt2D,CUDA,4000,4000,64,4,2,2,,75,2,0.002352,0.000000,0.00e+00,870.6868,0.0000
CUDA_Opt2D,CUDA,4000,4000,64,4,2,2,,75,3,0.002351,0.000000,0.00e+00,870.9360,0.0000
CUDA_Tiled,CUDA,4000,4000,64,4,2,2,,75,1,0.001935,0.233352,3.29e-06,1058.2482,120.5782
CUDA_Tiled,CUDA,4000,4000,64,4,2,2,,75,2,0.001934,0.000000,0.00e+00,1059.0639,0.0000
CUDA_Tiled,CUDA,4000,4000,64,4,2,2,,75,3,0.001924,0.000000,0.00e+00,1064.7030,0.0000
CUDA_WarpRow,CUDA,4000,4000,64,4,2,2,,75,1,0.002637,0.231403,3.29e-06,776.5937,87.7473
CUDA_WarpRow,CUDA,4000,4000,64,4,2,2,,75,2,0.002556,0.000000,0.00e+00,801.3592,0.0000
CUDA_WarpRow,CUDA,4000,4000,64,4,2,2,,75,3,0.002556,0.000000,0.00e+00,801.2729,0.0000
CUDA_Transposed,CUDA,4000,4000,64,4,2,2,,75,1,0.002582,0.224686,3.29e-06,793.0983,87.0108
CUDA_Transposed,CUDA,4000,4000,64,4,2,2,,75,2,0.002568,0.000000,0.00e+00,797.3983,0.0000
CUDA_Transposed,CUDA,4000,4000,64,4,2,2,,75,3,0.002582,0.000000,0.00e+00,793.1236,0.0000
CUDA_Naive,CUDA,4000,4000,128,4,2,2,,75,1,0.004041,0.471060,3.47e-06,1013.6771,116.5779
CUDA_Naive,CUDA,4000,4000,128,4,2,2,,75,2,0.004025,0.000000,0.00e+00,1017.5656,0.0000
CUDA_Naive,CUDA,4000,4000,128,4,2,2,,75,3,0.004025,0.000000,0.00e+00,1017.6696,0.0000
CUDA_Opt2D,CUDA,4000,4000,128,4,2,2,,75,1,0.004033,0.404405,3.47e-06,1015.7000,100.2817
CUDA_Opt2D,CUDA,4000,4000,128,4,2,2,,75,2,0.004041,0.000000,0.00e+00,1013.5460,0.0000
CUDA_Opt2D,CUDA,4000,4000,128,4,2,2,,75,3,0.004041,0.000000,0.00e+00,1013.7128,0.0000
CUDA_Tiled,CUDA,4000,4000,128,4,2,2,,75,1,0.003440,0.467419,3.47e-06,1190.7474,135.8834
CUDA_Tiled,CUDA,4000,4000,128,4,2,2,,75,2,0.003438,0.000000,0.00e+00,1191.5106,0.0000
CUDA_Tiled,CUDA,4000,4000,128,4,2,2,,75,3,0.003448,0.000000,0.00e+00,1188.0584,0.0000
CUDA_WarpRow,CUDA,4000,4000,128,4,2,2,,75,1,0.004713,0.417855,3.47e-06,869.0941,88.6610
CUDA_WarpRow,CUDA,4000,4000,128,4,2,2,,75,2,0.004722,0.000000,0.00e+00,867.4680,0.0000
CUDA_WarpRow,CUDA,4000,4000,128,4,2,2,,75,3,0.004710,0.000000,0.00e+00,869.6412,0.0000
CUDA_Transposed,CUDA,4000,4000,128,4,2,2,,75,1,0.004769,0.414027,3.47e-06,858.8962,86.8179
CUDA_Transposed,CUDA,4000,4000,128,4,2,2,,75,2,0.004753,0.000000,0.00e+00,861.7668,0.0000
CUDA_Transposed,CUDA,4000,4000,128,4,2,2,,75,3,0.004770,0.000000,0.00e+00,858.7669,0.0000
CUDA_Naive,CUDA,2000,6000,3,4,2,2,,75,1,0.001201,0.040549,4.53e-06,59.9269,33.7498
CUDA_Naive,CUDA,2000,6000,3,4,2,2,,75,2,0.001209,0.000000,0.00e+00,59.5315,0.0000
CUDA_Naive,CUDA,2000,6000,3,4,2,2,,75,3,0.001202,0.000000,0.00e+00,59.9034,0.0000
CUDA_Opt2D,CUDA,2000,6000,3,4,2,2,,75,1,0.001200,0.040515,4.53e-06,60.0092,33.7673
CUDA_Opt2D,CUDA,2000,6000,3,4,2,2,,75,2,0.001235,0.000000,0.00e+00,58.2974,0.0000
CUDA_Opt2D,CUDA,2000,6000,3,4,2,2,,75,3,0.001211,0.000000,0.00e+00,59.4614,0.0000
CUDA_Tiled,CUDA,2000,6000,3,4,2,2,,75,1,0.001147,0.040331,4.53e-06,62.7829,35.1681
CUDA_Tiled,CUDA,2000,6000,3,4,2,2,,75,2,0.001156,0.000000,0.00e+00,62.3021,0.0000
CUDA_Tiled,CUDA,2000,6000,3,4,2,2,,75,3,0.001225,0.000000,0.00e+00,58.7888,0.0000
CUDA_WarpRow,CUDA,2000,6000,3,4,2,2,,75,1,0.001206,0.040330,4.53e-06,59.7046,33.4430
CUDA_WarpRow,CUDA,2000,6000,3,4,2,2,,75,2,0.001193,0.000000,0.00e+00,60.3376,0.0000
CUDA_WarpRow,CUDA,2000,6000,3,4,2,2,,75,3,0.001204,0.000000,0.00e+00,59.8128,0.0000
CUDA_Transposed,CUDA,2000,6000,3,4,2,2,,75,1,0.000898,0.040625,4.53e-06,80.2057,45.2544
CUDA_Transposed,CUDA,2000,6000,3,4,2,2,,75,2,0.000898,0.000000,0.00e+00,80.1691,0.0000
CUDA_Transposed,CUDA,2000,6000,3,4,2,2,,75,3,0.000996,0.000000,0.00e+00,72.3106,0.0000
CUDA_Naive,CUDA,2000,6000,6,4,2,2,,75,1,0.001212,0.052308,4.42e-06,118.8144,43.1597
CUDA_Naive,CUDA,2000,6000,6,4,2,2,,75,2,0.001212,0.000000,0.00e+00,118.8540,0.0000
CUDA_Naive,CUDA,2000,6000,6,4,2,2,,75,3,0.001214,0.000000,0.00e+00,118.5805,0.0000
CUDA_Opt2D,CUDA,2000,6000,6,4,2,2,,75,1,0.001365,0.050003,4.42e-06,105.5088,36.6374
CUDA_Opt2D,CUDA,2000,6000,6,4,2,2,,75,2,0.001214,0.000000,0.00e+00,118.6497,0.0000
CUDA_Opt2D,CUDA,2000,6000,6,4,2,2,,75,3,0.001219,0.000000,0.00e+00,118.1159,0.0000
CUDA_Tiled,CUDA,2000,6000,6,4,2,2,,75,1,0.001146,0.052099,4.42e-06,125.6029,45.4426
CUDA_Tiled,CUDA,2000,6000,6,4,2,2,,75,2,0.001154,0.000000,0.00e+00,124.7499,0.0000
CUDA_Tiled,CUDA,2000,6000,6,4,2,2,,75,3,0.001147,0.000000,0.00e+00,125.5113,0.0000
CUDA_WarpRow,CUDA,2000,6000,6,4,2,2,,75,1,0.001343,0.056240,4.42e-06,107.2062,41.8699
CUDA_WarpRow,CUDA,2000,6000,6,4,2,2,,75,2,0.001208,0.000000,0.00e+00,119.2323,0.0000
CUDA_WarpRow,CUDA,2000,6000,6,4,2,2,,75,3,0.001207,0.000000,0.00e+00,119.3518,0.0000
CUDA_Transposed,CUDA,2000,6000,6,4,2,2,,75,1,0.000893,0.056800,4.42e-06,161.2738,63.6138
CUDA_Transposed,CUDA,2000,6000,6,4,2,2,,75,2,0.000902,0.000000,0.00e+00,159.6061,0.0000
CUDA_Transposed,CUDA,2000,6000,6,4,2,2,,75,3,0.000894,0.000000,0.00e+00,161.1620,0.0000
CUDA_Naive,CUDA,2000,6000,8,4,2,2,,75,1,0.001211,0.039742,1.49e-06,158.5018,32.8079
CUDA_Naive,CUDA,2000,6000,8,4,2,2,,75,2,0.001210,0.000000,0.00e+00,158.6562,0.0000
CUDA_Naive,CUDA,2000,6000,8,4,2,2,,75,3,0.001322,0.000000,0.00e+00,145.1921,0.0000
CUDA_Opt2D,CUDA,2000,6000,8,4,2,2,,75,1,0.001201,0.040331,1.49e-06,159.8962,33.5876
CUDA_Opt2D,CUDA,2000,6000,8,4,2,2,,75,2,0.001209,0.000000,0.00e+00,158.8373,0.0000
CUDA_Opt2D,CUDA,2000,6000,8,4,2,2,,75,3,0.001203,0.000000,0.00e+00,159.5386,0.0000
CUDA_Tiled,CUDA,2000,6000,8,4,2,2,,75,1,0.001329,0.039069,1.49e-06,144.4180,29.3870
CUDA_Tiled,CUDA,2000,6000,8,4,2,2,,75,2,0.001156,0.000000,0.00e+00,166.0247,0.0000
CUDA_Tiled,CUDA,2000,6000,8,4,2,2,,75,3,0.001340,0.000000,0.00e+00,143.2964,0.0000
CUDA_WarpRow,CUDA,2000,6000,8,4,2,2,,75,1,0.001202,0.040610,1.49e-06,159.7179,33.7824
CUDA_WarpRow,CUDA,2000,6000,8,4,2,2,,75,2,0.001203,0.000000,0.00e+00,159.5464,0.0000
CUDA_WarpRow,CUDA,2000,6000,8,4,2,2,,75,3,0.001203,0.000000,0.00e+00,159.6317,0.0000
CUDA_Transposed,CUDA,2000,6000,8,4,2,2,,75,1,0.000911,0.038472,1.49e-06,210.8057,42.2406
CUDA_Transposed,CUDA,2000,6000,8,4,2,2,,75,2,0.000905,0.000000,0.00e+00,212.0536,0.0000
CUDA_Transposed,CUDA,2000,6000,8,4,2,2,,75,3,0.001002,0.000000,0.00e+00,191.5632,0.0000
CUDA_Naive,CUDA,2000,6000,20,4,2,2,,75,1,0.001211,0.064849,3.59e-06,396.2467,53.5334
CUDA_Naive,CUDA,2000,6000,20,4,2,2,,75,2,0.001212,0.000000,0.00e+00,396.0252,0.0000
CUDA_Naive,CUDA,2000,6000,20,4,2,2,,75,3,0.001223,0.000000,0.00e+00,392.3365,0.0000
CUDA_Opt2D,CUDA,2000,6000,20,4,2,2,,75,1,0.001416,0.062017,3.59e-06,338.9879,43.7977
CUDA_Opt2D,CUDA,2000,6000,20,4,2,2,,75,2,0.001221,0.000000,0.00e+00,393.1476,0.0000
CUDA_Opt2D,CUDA,2000,6000,20,4,2,2,,75,3,0.001223,0.000000,0.00e+00,392.5526,0.0000
CUDA_Tiled,CUDA,2000,6000,20,4,2,2,,75,1,0.001333,0.061749,3.59e-06,360.2035,46.3381
CUDA_Tiled,CUDA,2000,6000,20,4,2,2,,75,2,0.001158,0.000000,0.00e+00,414.6367,0.0000
CUDA_Tiled,CUDA,2000,6000,20,4,2,2,,75,3,0.001156,0.000000,0.00e+00,415.1871,0.0000
CUDA_WarpRow,CUDA,2000,6000,20,4,2,2,,75,1,0.001410,0.065685,3.59e-06,340.5419,46.6009
CUDA_WarpRow,CUDA,2000,6000,20,4,2,2,,75,2,0.001218,0.000000,0.00e+00,394.2225,0.0000
CUDA_WarpRow,CUDA,2000,6000,20,4,2,2,,75,3,0.001410,0.000000,0.00e+00,340.3199,0.0000
CUDA_Transposed,CUDA,2000,6000,20,4,2,2,,75,1,0.001095,0.064364,3.59e-06,438.4503,58.7922
CUDA_Transposed,CUDA,2000,6000,20,4,2,2,,75,2,0.001096,0.000000,0.00e+00,438.0112,0.0000
CUDA_Transposed,CUDA,2000,6000,20,4,2,2,,75,3,0.001097,0.000000,0.00e+00,437.5531,0.0000
CUDA_Naive,CUDA,2000,6000,32,4,2,2,,75,1,0.001325,0.085857,3.14e-06,579.4256,64.7760
CUDA_Naive,CUDA,2000,6000,32,4,2,2,,75,2,0.001205,0.000000,0.00e+00,637.2511,0.0000
CUDA_Naive,CUDA,2000,6000,32,4,2,2,,75,3,0.001218,0.000000,0.00e+00,630.7000,0.0000
CUDA_Opt2D,CUDA,2000,6000,32,4,2,2,,75,1,0.001213,0.089969,3.14e-06,632.9766,74.1510
CUDA_Opt2D,CUDA,2000,6000,32,4,2,2,,75,2,0.001217,0.000000,0.00e+00,631.2834,0.0000
CUDA_Opt2D,CUDA,2000,6000,32,4,2,2,,75,3,0.001233,0.000000,0.00e+00,623.1074,0.0000
CUDA_Tiled,CUDA,2000,6000,32,4,2,2,,75,1,0.001147,0.089087,3.14e-06,669.8096,77.6969
CUDA_Tiled,CUDA,2000,6000,32,4,2,2,,75,2,0.001155,0.000000,0.00e+00,665.1748,0.0000
CUDA_Tiled,CUDA,2000,6000,32,4,2,2,,75,3,0.001155,0.000000,0.00e+00,664.6950,0.0000
CUDA_WarpRow,CUDA,2000,6000,32,4,2,2,,75,1,0.001210,0.087825,3.14e-06,634.5496,72.5644
CUDA_WarpRow,CUDA,2000,6000,32,4,2,2,,75,2,0.001213,0.000000,0.00e+00,633.4007,0.0000
CUDA_WarpRow,CUDA,2000,6000,32,4,2,2,,75,3,0.001264,0.000000,0.00e+00,607.4122,0.0000
CUDA_Transposed,CUDA,2000,6000,32,4,2,2,,75,1,0.001489,0.089166,3.14e-06,515.8337,59.8888
CUDA_Transposed,CUDA,2000,6000,32,4,2,2,,75,2,0.001488,0.000000,0.00e+00,516.1786,0.0000
CUDA_Transposed,CUDA,2000,6000,32,4,2,2,,75,3,0.001498,0.000000,0.00e+00,512.7880,0.0000
CUDA_Naive,CUDA,2000,6000,64,4,2,2,,75,1,0.002203,0.178805,3.72e-06,697.1197,81.1513
CUDA_Naive,CUDA,2000,6000,64,4,2,2,,75,2,0.001973,0.000000,0.00e+00,778.4441,0.0000
CUDA_Naive,CUDA,2000,6000,64,4,2,2,,75,3,0.001974,0.000000,0.00e+00,778.0085,0.0000
CUDA_Opt2D,CUDA,2000,6000,64,4,2,2,,75,1,0.001985,0.169809,3.72e-06,773.7723,85.5425
CUDA_Opt2D,CUDA,2000,6000,64,4,2,2,,75,2,0.001975,0.000000,0.00e+00,777.8337,0.0000
CUDA_Opt2D,CUDA,2000,6000,64,4,2,2,,75,3,0.001976,0.000000,0.00e+00,777.3295,0.0000
CUDA_Tiled,CUDA,2000,6000,64,4,2,2,,75,1,0.001916,0.182016,3.72e-06,801.7421,95.0066
CUDA_Tiled,CUDA,2000,6000,64,4,2,2,,75,2,0.001842,0.000000,0.00e+00,833.8838,0.0000
CUDA_Tiled,CUDA,2000,6000,64,4,2,2,,75,3,0.001848,0.000000,0.00e+00,831.2260,0.0000
CUDA_WarpRow,CUDA,2000,6000,64,4,2,2,,75,1,0.002011,0.168822,3.72e-06,763.7596,83.9448
CUDA_WarpRow,CUDA,2000,6000,64,4,2,2,,75,2,0.002220,0.000000,0.00e+00,692.0170,0.0000
CUDA_WarpRow,CUDA,2000,6000,64,4,2,2,,75,3,0.001998,0.000000,0.00e+00,768.8014,0.0000
CUDA_Transposed,CUDA,2000,6000,64,4,2,2,,75,1,0.002563,0.170756,3.72e-06,599.3816,66.6330
CUDA_Transposed,CUDA,2000,6000,64,4,2,2,,75,2,0.002571,0.000000,0.00e+00,597.4525,0.0000
CUDA_Transposed,CUDA,2000,6000,64,4,2,2,,75,3,0.002571,0.000000,0.00e+00,597.4284,0.0000
CUDA_Naive,CUDA,2000,6000,128,4,2,2,,75,1,0.003289,0.311528,3.33e-06,934.0971,94.7256
CUDA_Naive,CUDA,2000,6000,128,4,2,2,,75,2,0.003281,0.000000,0.00e+00,936.3411,0.0000
CUDA_Naive,CUDA,2000,6000,128,4,2,2,,75,3,0.003290,0.000000,0.00e+00,933.8352,0.0000
CUDA_Opt2D,CUDA,2000,6000,128,4,2,2,,75,1,0.003290,0.367522,3.33e-06,933.7652,111.7119
CUDA_Opt2D,CUDA,2000,6000,128,4,2,2,,75,2,0.003278,0.000000,0.00e+00,937.1458,0.0000
CUDA_Opt2D,CUDA,2000,6000,128,4,2,2,,75,3,0.003278,0.000000,0.00e+00,937.0895,0.0000
CUDA_Tiled,CUDA,2000,6000,128,4,2,2,,75,1,0.002714,0.324146,3.33e-06,1131.7652,119.4197
CUDA_Tiled,CUDA,2000,6000,128,4,2,2,,75,2,0.002686,0.000000,0.00e+00,1143.7808,0.0000
CUDA_Tiled,CUDA,2000,6000,128,4,2,2,,75,3,0.002694,0.000000,0.00e+00,1140.2187,0.0000
CUDA_WarpRow,CUDA,2000,6000,128,4,2,2,,75,1,0.003588,0.359667,3.33e-06,856.1712,100.2398
CUDA_WarpRow,CUDA,2000,6000,128,4,2,2,,75,2,0.003580,0.000000,0.00e+00,858.0416,0.0000
CUDA_WarpRow,CUDA,2000,6000,128,4,2,2,,75,3,0.003589,0.000000,0.00e+00,855.9459,0.0000
CUDA_Transposed,CUDA,2000,6000,128,4,2,2,,75,1,0.003678,0.314409,3.33e-06,835.3095,85.4912
CUDA_Transposed,CUDA,2000,6000,128,4,2,2,,75,2,0.003670,0.000000,0.00e+00,837.0440,0.0000
CUDA_Transposed,CUDA,2000,6000,128,4,2,2,,75,3,0.003672,0.000000,0.00e+00,836.6986,0.0000
CUDA_Naive,CUDA,2000,2000,3,4,4,1,,75,1,0.000725,0.013320,0.00e+00,33.1149,18.3782
CUDA_Naive,CUDA,2000,2000,3,4,4,1,,75,2,0.000827,0.000000,0.00e+00,29.0259,0.0000
CUDA_Naive,CUDA,2000,2000,3,4,4,1,,75,3,0.000724,0.000000,0.00e+00,33.1580,0.0000
CUDA_Opt2D,CUDA,2000,2000,3,4,4,1,,75,1,0.000716,0.013695,0.00e+00,33.5357,19.1357
CUDA_Opt2D,CUDA,2000,2000,3,4,4,1,,75,2,0.000843,0.000000,0.00e+00,28.4567,0.0000
CUDA_Opt2D,CUDA,2000,2000,3,4,4,1,,75,3,0.000714,0.000000,0.00e+00,33.6185,0.0000
CUDA_Tiled,CUDA,2000,2000,3,4,4,1,,75,1,0.000843,0.013760,0.00e+00,28.4645,16.3195
CUDA_Tiled,CUDA,2000,2000,3,4,4,1,,75,2,0.000843,0.000000,0.00e+00,28.4616,0.0000
CUDA_Tiled,CUDA,2000,2000,3,4,4,1,,75,3,0.000843,0.000000,0.00e+00,28.4621,0.0000
CUDA_WarpRow,CUDA,2000,2000,3,4,4,1,,75,1,0.000719,0.013264,0.00e+00,33.3746,18.4445
CUDA_WarpRow,CUDA,2000,2000,3,4,4,1,,75,2,0.000720,0.000000,0.00e+00,33.3429,0.0000
CUDA_WarpRow,CUDA,2000,2000,3,4,4,1,,75,3,0.000720,0.000000,0.00e+00,33.3507,0.0000
CUDA_Transposed,CUDA,2000,2000,3,4,4,1,,75,1,0.000704,0.013419,0.00e+00,34.0879,19.0592
CUDA_Transposed,CUDA,2000,2000,3,4,4,1,,75,2,0.000705,0.000000,0.00e+00,34.0236,0.0000
CUDA_Transposed,CUDA,2000,2000,3,4,4,1,,75,3,0.000703,0.000000,0.00e+00,34.1517,0.0000
CUDA_Naive,CUDA,2000,2000,6,4,4,1,,75,1,0.000724,0.017624,0.00e+00,66.2553,24.3266
CUDA_Naive,CUDA,2000,2000,6,4,4,1,,75,2,0.000724,0.000000,0.00e+00,66.2760,0.0000
CUDA_Naive,CUDA,2000,2000,6,4,4,1,,75,3,0.000843,0.000000,0.00e+00,56.9445,0.0000
CUDA_Opt2D,CUDA,2000,2000,6,4,4,1,,75,1,0.000723,0.017501,0.00e+00,66.3875,24.2045
CUDA_Opt2D,CUDA,2000,2000,6,4,4,1,,75,2,0.000715,0.000000,0.00e+00,67.1491,0.0000
CUDA_Opt2D,CUDA,2000,2000,6,4,4,1,,75,3,0.000843,0.000000,0.00e+00,56.9398,0.0000
CUDA_Tiled,CUDA,2000,2000,6,4,4,1,,75,1,0.000843,0.017621,0.00e+00,56.9663,20.9123
CUDA_Tiled,CUDA,2000,2000,6,4,4,1,,75,2,0.000842,0.000000,0.00e+00,57.0235,0.0000
CUDA_Tiled,CUDA,2000,2000,6,4,4,1,,75,3,0.000832,0.000000,0.00e+00,57.6876,0.0000
CUDA_WarpRow,CUDA,2000,2000,6,4,4,1,,75,1,0.000722,0.018953,0.00e+00,66.4907,26.2540
CUDA_WarpRow,CUDA,2000,2000,6,4,4,1,,75,2,0.000721,0.000000,0.00e+00,66.5476,0.0000
CUDA_WarpRow,CUDA,2000,2000,6,4,4,1,,75,3,0.000840,0.000000,0.00e+00,57.1502,0.0000
CUDA_Transposed,CUDA,2000,2000,6,4,4,1,,75,1,0.000724,0.018793,0.00e+00,66.3265,25.9685
CUDA_Transposed,CUDA,2000,2000,6,4,4,1,,75,2,0.000725,0.000000,0.00e+00,66.2492,0.0000
CUDA_Transposed,CUDA,2000,2000,6,4,4,1,,75,3,0.000724,0.000000,0.00e+00,66.3363,0.0000
CUDA_Naive,CUDA,2000,2000,8,4,4,1,,75,1,0.000721,0.012904,0.00e+00,88.7301,17.8904
CUDA_Naive,CUDA,2000,2000,8,4,4,1,,75,2,0.000711,0.000000,0.00e+00,90.0158,0.0000
CUDA_Naive,CUDA,2000,2000,8,4,4,1,,75,3,0.000840,0.000000,0.00e+00,76.1794,0.0000
CUDA_Opt2D,CUDA,2000,2000,8,4,4,1,,75,1,0.000712,0.013422,0.00e+00,89.9403,18.8626
CUDA_Opt2D,CUDA,2000,2000,8,4,4,1,,75,2,0.000723,0.000000,0.00e+00,88.5704,0.0000
CUDA_Opt2D,CUDA,2000,2000,8,4,4,1,,75,3,0.000806,0.000000,0.00e+00,79.4500,0.0000
CUDA_Tiled,CUDA,2000,2000,8,4,4,1,,75,1,0.000833,0.013183,0.00e+00,76.8366,15.8268
CUDA_Tiled,CUDA,2000,2000,8,4,4,1,,75,2,0.000834,0.000000,0.00e+00,76.7126,0.0000
CUDA_Tiled,CUDA,2000,2000,8,4,4,1,,75,3,0.000835,0.000000,0.00e+00,76.6613,0.0000
CUDA_WarpRow,CUDA,2000,2000,8,4,4,1,,75,1,0.000778,0.013457,0.00e+00,82.2701,17.2981
CUDA_WarpRow,CUDA,2000,2000,8,4,4,1,,75,2,0.000708,0.000000,0.00e+00,90.3632,0.0000
CUDA_WarpRow,CUDA,2000,2000,8,4,4,1,,75,3,0.000710,0.000000,0.00e+00,90.1702,0.0000
CUDA_Transposed,CUDA,2000,2000,8,4,4,1,,75,1,0.000734,0.013193,0.00e+00,87.1746,17.9704
CUDA_Transposed,CUDA,2000,2000,8,4,4,1,,75,2,0.000829,0.000000,0.00e+00,77.1878,0.0000
CUDA_Transposed,CUDA,2000,2000,8,4,4,1,,75,3,0.000733,0.000000,0.00e+00,87.3706,0.0000
CUDA_Naive,CUDA,2000,2000,20,4,4,1,,75,1,0.000718,0.020998,2.79e-08,222.7127,29.2283
CUDA_Naive,CUDA,2000,2000,20,4,4,1,,75,2,0.000849,0.000000,0.00e+00,188.5544,0.0000
CUDA_Naive,CUDA,2000,2000,20,4,4,1,,75,3,0.000726,0.000000,0.00e+00,220.4343,0.0000
CUDA_Opt2D,CUDA,2000,2000,20,4,4,1,,75,1,0.000727,0.020521,2.79e-08,220.0142,28.2183
CUDA_Opt2D,CUDA,2000,2000,20,4,4,1,,75,2,0.000764,0.000000,0.00e+00,209.4221,0.0000
CUDA_Opt2D,CUDA,2000,2000,20,4,4,1,,75,3,0.000717,0.000000,0.00e+00,223.2926,0.0000
CUDA_Tiled,CUDA,2000,2000,20,4,4,1,,75,1,0.000846,0.021902,2.79e-08,189.1377,25.8905
CUDA_Tiled,CUDA,2000,2000,20,4,4,1,,75,2,0.000846,0.000000,0.00e+00,189.0826,0.0000
CUDA_Tiled,CUDA,2000,2000,20,4,4,1,,75,3,0.000844,0.000000,0.00e+00,189.6489,0.0000
CUDA_WarpRow,CUDA,2000,2000,20,4,4,1,,75,1,0.000716,0.021493,2.79e-08,223.3424,30.0012
CUDA_WarpRow,CUDA,2000,2000,20,4,4,1,,75,2,0.000715,0.000000,0.00e+00,223.6755,0.0000
CUDA_WarpRow,CUDA,2000,2000,20,4,4,1,,75,3,0.000714,0.000000,0.00e+00,224.0382,0.0000
CUDA_Transposed,CUDA,2000,2000,20,4,4,1,,75,1,0.000802,0.020873,2.79e-08,199.6000,26.0386
CUDA_Transposed,CUDA,2000,2000,20,4,4,1,,75,2,0.000801,0.000000,0.00e+00,199.6596,0.0000
CUDA_Transposed,CUDA,2000,2000,20,4,4,1,,75,3,0.000811,0.000000,0.00e+00,197.2483,0.0000
CUDA_Naive,CUDA,2000,2000,32,4,4,1,,75,1,0.000716,0.029832,2.56e-08,357.4656,41.6562
CUDA_Naive,CUDA,2000,2000,32,4,4,1,,75,2,0.000847,0.000000,0.00e+00,302.2965,0.0000
CUDA_Naive,CUDA,2000,2000,32,4,4,1,,75,3,0.000724,0.000000,0.00e+00,353.7535,0.0000
CUDA_Opt2D,CUDA,2000,2000,32,4,4,1,,75,1,0.000725,0.029218,2.56e-08,353.3334,40.3267
CUDA_Opt2D,CUDA,2000,2000,32,4,4,1,,75,2,0.000846,0.000000,0.00e+00,302.5413,0.0000
CUDA_Opt2D,CUDA,2000,2000,32,4,4,1,,75,3,0.000724,0.000000,0.00e+00,353.8329,0.0000
CUDA_Tiled,CUDA,2000,2000,32,4,4,1,,75,1,0.000978,0.029782,2.56e-08,261.6505,30.4392
CUDA_Tiled,CUDA,2000,2000,32,4,4,1,,75,2,0.000847,0.000000,0.00e+00,302.3650,0.0000
CUDA_Tiled,CUDA,2000,2000,32,4,4,1,,75,3,0.000845,0.000000,0.00e+00,302.8583,0.0000
CUDA_WarpRow,CUDA,2000,2000,32,4,4,1,,75,1,0.000723,0.028381,2.56e-08,354.2322,39.2718
CUDA_WarpRow,CUDA,2000,2000,32,4,4,1,,75,2,0.000714,0.000000,0.00e+00,358.5550,0.0000
CUDA_WarpRow,CUDA,2000,2000,32,4,4,1,,75,3,0.000713,0.000000,0.00e+00,358.9677,0.0000
CUDA_Transposed,CUDA,2000,2000,32,4,4,1,,75,1,0.001033,0.028879,2.56e-08,247.8157,27.9555
CUDA_Transposed,CUDA,2000,2000,32,4,4,1,,75,2,0.001033,0.000000,0.00e+00,247.8817,0.0000
CUDA_Transposed,CUDA,2000,2000,32,4,4,1,,75,3,0.001042,0.000000,0.00e+00,245.5760,0.0000
CUDA_Naive,CUDA,2000,2000,64,4,4,1,,75,1,0.000942,0.050450,1.28e-08,543.3540,53.5399
CUDA_Naive,CUDA,2000,2000,64,4,4,1,,75,2,0.000943,0.000000,0.00e+00,542.8094,0.0000
CUDA_Naive,CUDA,2000,2000,64,4,4,1,,75,3,0.000945,0.000000,0.00e+00,542.0102,0.0000
CUDA_Opt2D,CUDA,2000,2000,64,4,4,1,,75,1,0.000944,0.055717,1.28e-08,542.2316,59.0071
CUDA_Opt2D,CUDA,2000,2000,64,4,4,1,,75,2,0.000943,0.000000,0.00e+00,542.6860,0.0000
CUDA_Opt2D,CUDA,2000,2000,64,4,4,1,,75,3,0.001017,0.000000,0.00e+00,503.5098,0.0000
CUDA_Tiled,CUDA,2000,2000,64,4,4,1,,75,1,0.000896,0.052133,1.28e-08,571.1819,58.1586
CUDA_Tiled,CUDA,2000,2000,64,4,4,1,,75,2,0.000887,0.000000,0.00e+00,577.2396,0.0000
CUDA_Tiled,CUDA,2000,2000,64,4,4,1,,75,3,0.001004,0.000000,0.00e+00,509.8609,0.0000
CUDA_WarpRow,CUDA,2000,2000,64,4,4,1,,75,1,0.001054,0.055181,1.28e-08,485.8638,52.3645
CUDA_WarpRow,CUDA,2000,2000,64,4,4,1,,75,2,0.001054,0.000000,0.00e+00,485.7817,0.0000
CUDA_WarpRow,CUDA,2000,2000,64,4,4,1,,75,3,0.001216,0.000000,0.00e+00,420.9618,0.0000
CUDA_Transposed,CUDA,2000,2000,64,4,4,1,,75,1,0.001048,0.055040,1.28e-08,488.6001,52.5249
CUDA_Transposed,CUDA,2000,2000,64,4,4,1,,75,2,0.001057,0.000000,0.00e+00,484.4337,0.0000
CUDA_Transposed,CUDA,2000,2000,64,4,4,1,,75,3,0.001050,0.000000,0.00e+00,487.6602,0.0000
CUDA_Naive,CUDA,2000,2000,128,4,4,1,,75,1,0.001562,0.101472,1.57e-08,655.6051,64.9664
CUDA_Naive,CUDA,2000,2000,128,4,4,1,,75,2,0.001440,0.000000,0.00e+00,711.0874,0.0000
CUDA_Naive,CUDA,2000,2000,128,4,4,1,,75,3,0.001662,0.000000,0.00e+00,615.9728,0.0000
CUDA_Opt2D,CUDA,2000,2000,128,4,4,1,,75,1,0.001436,0.106320,1.57e-08,712.9330,74.0222
CUDA_Opt2D,CUDA,2000,2000,128,4,4,1,,75,2,0.001427,0.000000,0.00e+00,717.4732,0.0000
CUDA_Opt2D,CUDA,2000,2000,128,4,4,1,,75,3,0.001437,0.000000,0.00e+00,712.3938,0.0000
CUDA_Tiled,CUDA,2000,2000,128,4,4,1,,75,1,0.001394,0.108011,1.57e-08,734.8161,77.5081
CUDA_Tiled,CUDA,2000,2000,128,4,4,1,,75,2,0.001397,0.000000,0.00e+00,732.8951,0.0000
CUDA_Tiled,CUDA,2000,2000,128,4,4,1,,75,3,0.001498,0.000000,0.00e+00,683.6346,0.0000
CUDA_WarpRow,CUDA,2000,2000,128,4,4,1,,75,1,0.001699,0.104111,1.57e-08,602.5978,61.2665
CUDA_WarpRow,CUDA,2000,2000,128,4,4,1,,75,2,0.001977,0.000000,0.00e+00,518.0067,0.0000
CUDA_WarpRow,CUDA,2000,2000,128,4,4,1,,75,3,0.001691,0.000000,0.00e+00,605.6668,0.0000
CUDA_Transposed,CUDA,2000,2000,128,4,4,1,,75,1,0.001830,0.106432,1.57e-08,559.7119,58.1750
CUDA_Transposed,CUDA,2000,2000,128,4,4,1,,75,2,0.001832,0.000000,0.00e+00,559.0864,0.0000
CUDA_Transposed,CUDA,2000,2000,128,4,4,1,,75,3,0.001838,0.000000,0.00e+00,557.1381,0.0000
CUDA_Naive,CUDA,2000,4000,3,4,4,1,,75,1,0.001087,0.025760,0.00e+00,44.1503,23.6937
CUDA_Naive,CUDA,2000,4000,3,4,4,1,,75,2,0.001258,0.000000,0.00e+00,38.1438,0.0000
CUDA_Naive,CUDA,2000,4000,3,4,4,1,,75,3,0.001078,0.000000,0.00e+00,44.5150,0.0000
CUDA_Opt2D,CUDA,2000,4000,3,4,4,1,,75,1,0.001071,0.026648,0.00e+00,44.8344,24.8910
CUDA_Opt2D,CUDA,2000,4000,3,4,4,1,,75,2,0.001078,0.000000,0.00e+00,44.5372,0.0000
CUDA_Opt2D,CUDA,2000,4000,3,4,4,1,,75,3,0.001079,0.000000,0.00e+00,44.4889,0.0000
CUDA_Tiled,CUDA,2000,4000,3,4,4,1,,75,1,0.001294,0.027677,0.00e+00,37.1014,21.3930
CUDA_Tiled,CUDA,2000,4000,3,4,4,1,,75,2,0.001295,0.000000,0.00e+00,37.0714,0.0000
CUDA_Tiled,CUDA,2000,4000,3,4,4,1,,75,3,0.001298,0.000000,0.00e+00,36.9793,0.0000
CUDA_WarpRow,CUDA,2000,4000,3,4,4,1,,75,1,0.001113,0.027211,0.00e+00,43.1131,24.4404
CUDA_WarpRow,CUDA,2000,4000,3,4,4,1,,75,2,0.001181,0.000000,0.00e+00,40.6448,0.0000
CUDA_WarpRow,CUDA,2000,4000,3,4,4,1,,75,3,0.001068,0.000000,0.00e+00,44.9314,0.0000
CUDA_Transposed,CUDA,2000,4000,3,4,4,1,,75,1,0.001041,0.026881,0.00e+00,46.1284,25.8330
CUDA_Transposed,CUDA,2000,4000,3,4,4,1,,75,2,0.001030,0.000000,0.00e+00,46.6114,0.0000
CUDA_Transposed,CUDA,2000,4000,3,4,4,1,,75,3,0.001168,0.000000,0.00e+00,41.1091,0.0000
CUDA_Naive,CUDA,2000,4000,6,4,4,1,,75,1,0.001076,0.034921,0.00e+00,89.2380,32.4612
CUDA_Naive,CUDA,2000,4000,6,4,4,1,,75,2,0.001076,0.000000,0.00e+00,89.2213,0.0000
CUDA_Naive,CUDA,2000,4000,6,4,4,1,,75,3,0.001077,0.000000,0.00e+00,89.1055,0.0000
CUDA_Opt2D,CUDA,2000,4000,6,4,4,1,,75,1,0.001075,0.035451,0.00e+00,89.2611,32.9624
CUDA_Opt2D,CUDA,2000,4000,6,4,4,1,,75,2,0.001076,0.000000,0.00e+00,89.2463,0.0000
CUDA_Opt2D,CUDA,2000,4000,6,4,4,1,,75,3,0.001257,0.000000,0.00e+00,76.4014,0.0000
CUDA_Tiled,CUDA,2000,4000,6,4,4,1,,75,1,0.001284,0.034148,0.00e+00,74.7431,26.5871
CUDA_Tiled,CUDA,2000,4000,6,4,4,1,,75,2,0.001293,0.000000,0.00e+00,74.2188,0.0000
CUDA_Tiled,CUDA,2000,4000,6,4,4,1,,75,3,0.001297,0.000000,0.00e+00,74.0320,0.0000
CUDA_WarpRow,CUDA,2000,4000,6,4,4,1,,75,1,0.001060,0.037261,0.00e+00,90.5857,35.1594
CUDA_WarpRow,CUDA,2000,4000,6,4,4,1,,75,2,0.001060,0.000000,0.00e+00,90.5393,0.0000
CUDA_WarpRow,CUDA,2000,4000,6,4,4,1,,75,3,0.001069,0.000000,0.00e+00,89.8295,0.0000
CUDA_Transposed,CUDA,2000,4000,6,4,4,1,,75,1,0.001056,0.037943,0.00e+00,90.9112,35.9315
CUDA_Transposed,CUDA,2000,4000,6,4,4,1,,75,2,0.001056,0.000000,0.00e+00,90.9402,0.0000
CUDA_Transposed,CUDA,2000,4000,6,4,4,1,,75,3,0.001137,0.000000,0.00e+00,84.4452,0.0000
CUDA_Naive,CUDA,2000,4000,8,4,4,1,,75,1,0.001071,0.027264,0.00e+00,119.4990,25.4535
CUDA_Naive,CUDA,2000,4000,8,4,4,1,,75,2,0.001062,0.000000,0.00e+00,120.5533,0.0000
CUDA_Naive,CUDA,2000,4000,8,4,4,1,,75,3,0.001241,0.000000,0.00e+00,103.1610,0.0000
CUDA_Opt2D,CUDA,2000,4000,8,4,4,1,,75,1,0.001062,0.026199,0.00e+00,120.5802,24.6807
CUDA_Opt2D,CUDA,2000,4000,8,4,4,1,,75,2,0.001061,0.000000,0.00e+00,120.6354,0.0000
CUDA_Opt2D,CUDA,2000,4000,8,4,4,1,,75,3,0.001218,0.000000,0.00e+00,105.1325,0.0000
CUDA_Tiled,CUDA,2000,4000,8,4,4,1,,75,1,0.001294,0.027011,0.00e+00,98.9302,20.8769
CUDA_Tiled,CUDA,2000,4000,8,4,4,1,,75,2,0.001284,0.000000,0.00e+00,99.7093,0.0000
CUDA_Tiled,CUDA,2000,4000,8,4,4,1,,75,3,0.001386,0.000000,0.00e+00,92.3837,0.0000
CUDA_WarpRow,CUDA,2000,4000,8,4,4,1,,75,1,0.001065,0.026270,0.00e+00,120.1394,24.6570
CUDA_WarpRow,CUDA,2000,4000,8,4,4,1,,75,2,0.001065,0.000000,0.00e+00,120.1639,0.0000
CUDA_WarpRow,CUDA,2000,4000,8,4,4,1,,75,3,0.001058,0.000000,0.00e+00,121.0371,0.0000
CUDA_Transposed,CUDA,2000,4000,8,4,4,1,,75,1,0.001073,0.025579,0.00e+00,119.3264,23.8453
CUDA_Transposed,CUDA,2000,4000,8,4,4,1,,75,2,0.001067,0.000000,0.00e+00,119.9479,0.0000
CUDA_Transposed,CUDA,2000,4000,8,4,4,1,,75,3,0.001078,0.000000,0.00e+00,118.7218,0.0000
CUDA_Naive,CUDA,2000,4000,20,4,4,1,,75,1,0.001250,0.042460,1.61e-08,256.0117,33.9697
CUDA_Naive,CUDA,2000,4000,20,4,4,1,,75,2,0.001083,0.000000,0.00e+00,295.4111,0.0000
CUDA_Naive,CUDA,2000,4000,20,4,4,1,,75,3,0.001073,0.000000,0.00e+00,298.1429,0.0000
CUDA_Opt2D,CUDA,2000,4000,20,4,4,1,,75,1,0.001084,0.042815,1.61e-08,295.1744,39.4938
CUDA_Opt2D,CUDA,2000,4000,20,4,4,1,,75,2,0.001083,0.000000,0.00e+00,295.3457,0.0000
CUDA_Opt2D,CUDA,2000,4000,20,4,4,1,,75,3,0.001084,0.000000,0.00e+00,295.1034,0.0000
CUDA_Tiled,CUDA,2000,4000,20,4,4,1,,75,1,0.001498,0.040656,1.61e-08,213.5868,27.1360
CUDA_Tiled,CUDA,2000,4000,20,4,4,1,,75,2,0.001488,0.000000,0.00e+00,215.1255,0.0000
CUDA_Tiled,CUDA,2000,4000,20,4,4,1,,75,3,0.001288,0.000000,0.00e+00,248.4057,0.0000
CUDA_WarpRow,CUDA,2000,4000,20,4,4,1,,75,1,0.001078,0.041294,1.61e-08,296.7584,38.2952
CUDA_WarpRow,CUDA,2000,4000,20,4,4,1,,75,2,0.001067,0.000000,0.00e+00,299.9184,0.0000
CUDA_WarpRow,CUDA,2000,4000,20,4,4,1,,75,3,0.001078,0.000000,0.00e+00,296.7667,0.0000
CUDA_Transposed,CUDA,2000,4000,20,4,4,1,,75,1,0.001446,0.043816,1.61e-08,221.2269,30.2912
CUDA_Transposed,CUDA,2000,4000,20,4,4,1,,75,2,0.001248,0.000000,0.00e+00,256.4520,0.0000
CUDA_Transposed,CUDA,2000,4000,20,4,4,1,,75,3,0.001246,0.000000,0.00e+00,256.8605,0.0000
CUDA_Naive,CUDA,2000,4000,32,4,4,1,,75,1,0.001069,0.059700,1.81e-08,479.1132,55.8649
CUDA_Naive,CUDA,2000,4000,32,4,4,1,,75,2,0.001067,0.000000,0.00e+00,479.6566,0.0000
CUDA_Naive,CUDA,2000,4000,32,4,4,1,,75,3,0.001079,0.000000,0.00e+00,474.7024,0.0000
CUDA_Opt2D,CUDA,2000,4000,32,4,4,1,,75,1,0.001076,0.059261,1.81e-08,475.7915,55.0704
CUDA_Opt2D,CUDA,2000,4000,32,4,4,1,,75,2,0.001077,0.000000,0.00e+00,475.6020,0.0000
CUDA_Opt2D,CUDA,2000,4000,32,4,4,1,,75,3,0.001078,0.000000,0.00e+00,475.0220,0.0000
CUDA_Tiled,CUDA,2000,4000,32,4,4,1,,75,1,0.001310,0.059230,1.81e-08,390.9220,45.2232
CUDA_Tiled,CUDA,2000,4000,32,4,4,1,,75,2,0.001310,0.000000,0.00e+00,390.7507,0.0000
CUDA_Tiled,CUDA,2000,4000,32,4,4,1,,75,3,0.001299,0.000000,0.00e+00,394.2820,0.0000
CUDA_WarpRow,CUDA,2000,4000,32,4,4,1,,75,1,0.001071,0.059540,1.81e-08,478.2543,55.6155
CUDA_WarpRow,CUDA,2000,4000,32,4,4,1,,75,2,0.001071,0.000000,0.00e+00,478.0986,0.0000
CUDA_WarpRow,CUDA,2000,4000,32,4,4,1,,75,3,0.001061,0.000000,0.00e+00,482.3819,0.0000
CUDA_Transposed,CUDA,2000,4000,32,4,4,1,,75,1,0.001701,0.061959,1.81e-08,301.0445,36.4306
CUDA_Transposed,CUDA,2000,4000,32,4,4,1,,75,2,0.001765,0.000000,0.00e+00,290.1101,0.0000
CUDA_Transposed,CUDA,2000,4000,32,4,4,1,,75,3,0.001709,0.000000,0.00e+00,299.6655,0.0000
CUDA_Naive,CUDA,2000,4000,64,4,4,1,,75,1,0.001513,0.115005,0.00e+00,676.6275,75.9915
CUDA_Naive,CUDA,2000,4000,64,4,4,1,,75,2,0.001500,0.000000,0.00e+00,682.6681,0.0000
CUDA_Naive,CUDA,2000,4000,64,4,4,1,,75,3,0.001501,0.000000,0.00e+00,682.4029,0.0000
CUDA_Opt2D,CUDA,2000,4000,64,4,4,1,,75,1,0.001513,0.112564,0.00e+00,676.7764,74.3949
CUDA_Opt2D,CUDA,2000,4000,64,4,4,1,,75,2,0.001509,0.000000,0.00e+00,678.6985,0.0000
CUDA_Opt2D,CUDA,2000,4000,64,4,4,1,,75,3,0.001513,0.000000,0.00e+00,676.7610,0.0000
CUDA_Tiled,CUDA,2000,4000,64,4,4,1,,75,1,0.001401,0.110607,0.00e+00,730.7464,78.9316
CUDA_Tiled,CUDA,2000,4000,64,4,4,1,,75,2,0.001390,0.000000,0.00e+00,736.4739,0.0000
CUDA_Tiled,CUDA,2000,4000,64,4,4,1,,75,3,0.001402,0.000000,0.00e+00,730.2865,0.0000
CUDA_WarpRow,CUDA,2000,4000,64,4,4,1,,75,1,0.001765,0.113846,0.00e+00,580.3120,64.5175
CUDA_WarpRow,CUDA,2000,4000,64,4,4,1,,75,2,0.001758,0.000000,0.00e+00,582.4281,0.0000
CUDA_WarpRow,CUDA,2000,4000,64,4,4,1,,75,3,0.001767,0.000000,0.00e+00,579.4763,0.0000
CUDA_Transposed,CUDA,2000,4000,64,4,4,1,,75,1,0.001952,0.103523,0.00e+00,524.6466,53.0401
CUDA_Transposed,CUDA,2000,4000,64,4,4,1,,75,2,0.001741,0.000000,0.00e+00,588.2102,0.0000
CUDA_Transposed,CUDA,2000,4000,64,4,4,1,,75,3,0.002020,0.000000,0.00e+00,506.8891,0.0000
CUDA_Naive,CUDA,2000,4000,128,4,4,1,,75,1,0.002517,0.207186,1.28e-08,813.6245,82.3103
CUDA_Naive,CUDA,2000,4000,128,4,4,1,,75,2,0.002529,0.000000,0.00e+00,809.8673,0.0000
CUDA_Naive,CUDA,2000,4000,128,4,4,1,,75,3,0.002522,0.000000,0.00e+00,811.9283,0.0000
CUDA_Opt2D,CUDA,2000,4000,128,4,4,1,,75,1,0.002530,0.206162,1.28e-08,809.4128,81.4796
CUDA_Opt2D,CUDA,2000,4000,128,4,4,1,,75,2,0.002531,0.000000,0.00e+00,809.1231,0.0000
CUDA_Opt2D,CUDA,2000,4000,128,4,4,1,,75,3,0.002532,0.000000,0.00e+00,808.8215,0.0000
CUDA_Tiled,CUDA,2000,4000,128,4,4,1,,75,1,0.002439,0.243088,1.28e-08,839.6527,99.6629
CUDA_Tiled,CUDA,2000,4000,128,4,4,1,,75,2,0.002372,0.000000,0.00e+00,863.3623,0.0000
CUDA_Tiled,CUDA,2000,4000,128,4,4,1,,75,3,0.002375,0.000000,0.00e+00,862.1831,0.0000
CUDA_WarpRow,CUDA,2000,4000,128,4,4,1,,75,1,0.003147,0.214642,1.28e-08,650.8208,68.2097
CUDA_WarpRow,CUDA,2000,4000,128,4,4,1,,75,2,0.003099,0.000000,0.00e+00,660.8893,0.0000
CUDA_WarpRow,CUDA,2000,4000,128,4,4,1,,75,3,0.003108,0.000000,0.00e+00,658.9957,0.0000
CUDA_Transposed,CUDA,2000,4000,128,4,4,1,,75,1,0.003288,0.234928,1.28e-08,622.7923,71.4410
CUDA_Transposed,CUDA,2000,4000,128,4,4,1,,75,2,0.003290,0.000000,0.00e+00,622.5629,0.0000
CUDA_Transposed,CUDA,2000,4000,128,4,4,1,,75,3,0.003287,0.000000,0.00e+00,622.9683,0.0000
CUDA_Naive,CUDA,4000,2000,3,4,4,1,,75,1,0.000956,0.025928,0.00e+00,50.2312,27.1337
CUDA_Naive,CUDA,4000,2000,3,4,4,1,,75,2,0.000956,0.000000,0.00e+00,50.2094,0.0000
CUDA_Naive,CUDA,4000,2000,3,4,4,1,,75,3,0.001098,0.000000,0.00e+00,43.7350,0.0000
CUDA_Opt2D,CUDA,4000,2000,3,4,4,1,,75,1,0.000945,0.027224,0.00e+00,50.7986,28.8115
CUDA_Opt2D,CUDA,4000,2000,3,4,4,1,,75,2,0.000946,0.000000,0.00e+00,50.7326,0.0000
CUDA_Opt2D,CUDA,4000,2000,3,4,4,1,,75,3,0.000946,0.000000,0.00e+00,50.7259,0.0000
CUDA_Tiled,CUDA,4000,2000,3,4,4,1,,75,1,0.000890,0.027068,0.00e+00,53.9159,30.4043
CUDA_Tiled,CUDA,4000,2000,3,4,4,1,,75,2,0.000899,0.000000,0.00e+00,53.4118,0.0000
CUDA_Tiled,CUDA,4000,2000,3,4,4,1,,75,3,0.000891,0.000000,0.00e+00,53.8621,0.0000
CUDA_WarpRow,CUDA,4000,2000,3,4,4,1,,75,1,0.001087,0.027253,0.00e+00,44.1731,25.0800
CUDA_WarpRow,CUDA,4000,2000,3,4,4,1,,75,2,0.000940,0.000000,0.00e+00,51.0543,0.0000
CUDA_WarpRow,CUDA,4000,2000,3,4,4,1,,75,3,0.000939,0.000000,0.00e+00,51.1350,0.0000
CUDA_Transposed,CUDA,4000,2000,3,4,4,1,,75,1,0.000726,0.026482,0.00e+00,66.0916,36.4632
CUDA_Transposed,CUDA,4000,2000,3,4,4,1,,75,2,0.000717,0.000000,0.00e+00,66.9328,0.0000
CUDA_Transposed,CUDA,4000,2000,3,4,4,1,,75,3,0.000717,0.000000,0.00e+00,66.9614,0.0000
CUDA_Naive,CUDA,4000,2000,6,4,4,1,,75,1,0.000958,0.035048,0.00e+00,100.2389,36.5958
CUDA_Naive,CUDA,4000,2000,6,4,4,1,,75,2,0.000958,0.000000,0.00e+00,100.2528,0.0000
CUDA_Naive,CUDA,4000,2000,6,4,4,1,,75,3,0.001100,0.000000,0.00e+00,87.3076,0.0000
CUDA_Opt2D,CUDA,4000,2000,6,4,4,1,,75,1,0.000956,0.033327,0.00e+00,100.4116,34.8583
CUDA_Opt2D,CUDA,4000,2000,6,4,4,1,,75,2,0.000948,0.000000,0.00e+00,101.3120,0.0000
CUDA_Opt2D,CUDA,4000,2000,6,4,4,1,,75,3,0.000959,0.000000,0.00e+00,100.1335,0.0000
CUDA_Tiled,CUDA,4000,2000,6,4,4,1,,75,1,0.000974,0.033234,0.00e+00,98.5166,34.1051
CUDA_Tiled,CUDA,4000,2000,6,4,4,1,,75,2,0.000900,0.000000,0.00e+00,106.6934,0.0000
CUDA_Tiled,CUDA,4000,2000,6,4,4,1,,75,3,0.000900,0.000000,0.00e+00,106.6972,0.0000
CUDA_WarpRow,CUDA,4000,2000,6,4,4,1,,75,1,0.000941,0.037310,0.00e+00,102.0509,39.6620
CUDA_WarpRow,CUDA,4000,2000,6,4,4,1,,75,2,0.000949,0.000000,0.00e+00,101.1710,0.0000
CUDA_WarpRow,CUDA,4000,2000,6,4,4,1,,75,3,0.000949,0.000000,0.00e+00,101.1671,0.0000
CUDA_Transposed,CUDA,4000,2000,6,4,4,1,,75,1,0.000730,0.037816,0.00e+00,131.4242,51.7706
CUDA_Transposed,CUDA,4000,2000,6,4,4,1,,75,2,0.000731,0.000000,0.00e+00,131.4165,0.0000
CUDA_Transposed,CUDA,4000,2000,6,4,4,1,,75,3,0.000730,0.000000,0.00e+00,131.5106,0.0000
CUDA_Naive,CUDA,4000,2000,8,4,4,1,,75,1,0.000943,0.026461,0.00e+00,135.6928,28.0508
CUDA_Naive,CUDA,4000,2000,8,4,4,1,,75,2,0.000945,0.000000,0.00e+00,135.4782,0.0000
CUDA_Naive,CUDA,4000,2000,8,4,4,1,,75,3,0.000955,0.000000,0.00e+00,134.0134,0.0000
CUDA_Opt2D,CUDA,4000,2000,8,4,4,1,,75,1,0.000954,0.027055,0.00e+00,134.1235,28.3498
CUDA_Opt2D,CUDA,4000,2000,8,4,4,1,,75,2,0.000996,0.000000,0.00e+00,128.4948,0.0000
CUDA_Opt2D,CUDA,4000,2000,8,4,4,1,,75,3,0.000943,0.000000,0.00e+00,135.7094,0.0000
CUDA_Tiled,CUDA,4000,2000,8,4,4,1,,75,1,0.000891,0.026267,0.00e+00,143.6267,29.4740
CUDA_Tiled,CUDA,4000,2000,8,4,4,1,,75,2,0.000891,0.000000,0.00e+00,143.6629,0.0000
CUDA_Tiled,CUDA,4000,2000,8,4,4,1,,75,3,0.000891,0.000000,0.00e+00,143.6398,0.0000
CUDA_WarpRow,CUDA,4000,2000,8,4,4,1,,75,1,0.000946,0.025790,0.00e+00,135.3777,27.2769
CUDA_WarpRow,CUDA,4000,2000,8,4,4,1,,75,2,0.000947,0.000000,0.00e+00,135.1059,0.0000
CUDA_WarpRow,CUDA,4000,2000,8,4,4,1,,75,3,0.000939,0.000000,0.00e+00,136.3674,0.0000
CUDA_Transposed,CUDA,4000,2000,8,4,4,1,,75,1,0.000738,0.027059,0.00e+00,173.4584,36.6682
CUDA_Transposed,CUDA,4000,2000,8,4,4,1,,75,2,0.000738,0.000000,0.00e+00,173.4270,0.0000
CUDA_Transposed,CUDA,4000,2000,8,4,4,1,,75,3,0.000729,0.000000,0.00e+00,175.6041,0.0000
CUDA_Naive,CUDA,4000,2000,20,4,4,1,,75,1,0.000963,0.043126,2.79e-08,332.3031,44.7839
CUDA_Naive,CUDA,4000,2000,20,4,4,1,,75,2,0.000955,0.000000,0.00e+00,335.2110,0.0000
CUDA_Naive,CUDA,4000,2000,20,4,4,1,,75,3,0.000966,0.000000,0.00e+00,331.2903,0.0000
CUDA_Opt2D,CUDA,4000,2000,20,4,4,1,,75,1,0.001123,0.040891,2.79e-08,284.9362,36.4102
CUDA_Opt2D,CUDA,4000,2000,20,4,4,1,,75,2,0.001003,0.000000,0.00e+00,318.9894,0.0000
CUDA_Opt2D,CUDA,4000,2000,20,4,4,1,,75,3,0.000964,0.000000,0.00e+00,331.8429,0.0000
CUDA_Tiled,CUDA,4000,2000,20,4,4,1,,75,1,0.000901,0.043269,2.79e-08,355.2700,48.0376
CUDA_Tiled,CUDA,4000,2000,20,4,4,1,,75,2,0.000890,0.000000,0.00e+00,359.5378,0.0000
CUDA_Tiled,CUDA,4000,2000,20,4,4,1,,75,3,0.000891,0.000000,0.00e+00,358.9988,0.0000
CUDA_WarpRow,CUDA,4000,2000,20,4,4,1,,75,1,0.000957,0.043481,2.79e-08,334.3755,45.4339
CUDA_WarpRow,CUDA,4000,2000,20,4,4,1,,75,2,0.000958,0.000000,0.00e+00,334.1323,0.0000
CUDA_WarpRow,CUDA,4000,2000,20,4,4,1,,75,3,0.000948,0.000000,0.00e+00,337.4518,0.0000
CUDA_Transposed,CUDA,4000,2000,20,4,4,1,,75,1,0.000855,0.041512,2.79e-08,374.3212,48.5591
CUDA_Transposed,CUDA,4000,2000,20,4,4,1,,75,2,0.000855,0.000000,0.00e+00,374.3678,0.0000
CUDA_Transposed,CUDA,4000,2000,20,4,4,1,,75,3,0.000855,0.000000,0.00e+00,374.2564,0.0000
CUDA_Naive,CUDA,4000,2000,32,4,4,1,,75,1,0.001106,0.061326,2.56e-08,462.9908,55.4560
CUDA_Naive,CUDA,4000,2000,32,4,4,1,,75,2,0.000951,0.000000,0.00e+00,538.5855,0.0000
CUDA_Naive,CUDA,4000,2000,32,4,4,1,,75,3,0.001118,0.000000,0.00e+00,458.0160,0.0000
CUDA_Opt2D,CUDA,4000,2000,32,4,4,1,,75,1,0.000948,0.058761,2.56e-08,539.8759,61.9598
CUDA_Opt2D,CUDA,4000,2000,32,4,4,1,,75,2,0.000958,0.000000,0.00e+00,534.6766,0.0000
CUDA_Opt2D,CUDA,4000,2000,32,4,4,1,,75,3,0.000950,0.000000,0.00e+00,538.6915,0.0000
CUDA_Tiled,CUDA,4000,2000,32,4,4,1,,75,1,0.001046,0.058986,2.56e-08,489.2930,56.3698
CUDA_Tiled,CUDA,4000,2000,32,4,4,1,,75,2,0.000901,0.000000,0.00e+00,568.2796,0.0000
CUDA_Tiled,CUDA,4000,2000,32,4,4,1,,75,3,0.001046,0.000000,0.00e+00,489.4584,0.0000
CUDA_WarpRow,CUDA,4000,2000,32,4,4,1,,75,1,0.000943,0.064114,2.56e-08,542.8697,67.9798
CUDA_WarpRow,CUDA,4000,2000,32,4,4,1,,75,2,0.000952,0.000000,0.00e+00,537.7078,0.0000
CUDA_WarpRow,CUDA,4000,2000,32,4,4,1,,75,3,0.000953,0.000000,0.00e+00,537.4502,0.0000
CUDA_Transposed,CUDA,4000,2000,32,4,4,1,,75,1,0.001292,0.063546,2.56e-08,396.3265,49.1892
CUDA_Transposed,CUDA,4000,2000,32,4,4,1,,75,2,0.001126,0.000000,0.00e+00,454.5983,0.0000
CUDA_Transposed,CUDA,4000,2000,32,4,4,1,,75,3,0.001127,0.000000,0.00e+00,454.2787,0.0000
CUDA_Naive,CUDA,4000,2000,64,4,4,1,,75,1,0.001460,0.103626,1.28e-08,701.4906,70.9891
CUDA_Naive,CUDA,4000,2000,64,4,4,1,,75,2,0.001589,0.000000,0.00e+00,644.6185,0.0000
CUDA_Naive,CUDA,4000,2000,64,4,4,1,,75,3,0.001450,0.000000,0.00e+00,705.9785,0.0000
CUDA_Opt2D,CUDA,4000,2000,64,4,4,1,,75,1,0.001463,0.110507,1.28e-08,700.0415,75.5461
CUDA_Opt2D,CUDA,4000,2000,64,4,4,1,,75,2,0.001460,0.000000,0.00e+00,701.5073,0.0000
CUDA_Opt2D,CUDA,4000,2000,64,4,4,1,,75,3,0.001461,0.000000,0.00e+00,700.7020,0.0000
CUDA_Tiled,CUDA,4000,2000,64,4,4,1,,75,1,0.001566,0.108544,1.28e-08,653.9270,69.3162
CUDA_Tiled,CUDA,4000,2000,64,4,4,1,,75,2,0.001374,0.000000,0.00e+00,745.1494,0.0000
CUDA_Tiled,CUDA,4000,2000,64,4,4,1,,75,3,0.001614,0.000000,0.00e+00,634.5087,0.0000
CUDA_WarpRow,CUDA,4000,2000,64,4,4,1,,75,1,0.001485,0.109226,1.28e-08,689.5258,73.5488
CUDA_WarpRow,CUDA,4000,2000,64,4,4,1,,75,2,0.001706,0.000000,0.00e+00,600.2167,0.0000
CUDA_WarpRow,CUDA,4000,2000,64,4,4,1,,75,3,0.001483,0.000000,0.00e+00,690.2706,0.0000
CUDA_Transposed,CUDA,4000,2000,64,4,4,1,,75,1,0.001831,0.113785,1.28e-08,559.2676,62.1449
CUDA_Transposed,CUDA,4000,2000,64,4,4,1,,75,2,0.001835,0.000000,0.00e+00,558.1778,0.0000
CUDA_Transposed,CUDA,4000,2000,64,4,4,1,,75,3,0.002121,0.000000,0.00e+00,482.8907,0.0000
CUDA_Naive,CUDA,4000,2000,128,4,4,1,,75,1,0.002291,0.213788,1.57e-08,893.7865,93.3011
CUDA_Naive,CUDA,4000,2000,128,4,4,1,,75,2,0.002302,0.000000,0.00e+00,889.7727,0.0000
CUDA_Naive,CUDA,4000,2000,128,4,4,1,,75,3,0.002296,0.000000,0.00e+00,891.8003,0.0000
CUDA_Opt2D,CUDA,4000,2000,128,4,4,1,,75,1,0.002306,0.208442,1.57e-08,887.9379,90.3729
CUDA_Opt2D,CUDA,4000,2000,128,4,4,1,,75,2,0.002297,0.000000,0.00e+00,891.6069,0.0000
CUDA_Opt2D,CUDA,4000,2000,128,4,4,1,,75,3,0.002611,0.000000,0.00e+00,784.3850,0.0000
CUDA_Tiled,CUDA,4000,2000,128,4,4,1,,75,1,0.001916,0.203855,1.57e-08,1068.7914,106.3861
CUDA_Tiled,CUDA,4000,2000,128,4,4,1,,75,2,0.001926,0.000000,0.00e+00,1063.2376,0.0000
CUDA_Tiled,CUDA,4000,2000,128,4,4,1,,75,3,0.001923,0.000000,0.00e+00,1064.8932,0.0000
CUDA_WarpRow,CUDA,4000,2000,128,4,4,1,,75,1,0.002552,0.200433,1.57e-08,802.6048,78.5491
CUDA_WarpRow,CUDA,4000,2000,128,4,4,1,,75,2,0.002559,0.000000,0.00e+00,800.3941,0.0000
CUDA_WarpRow,CUDA,4000,2000,128,4,4,1,,75,3,0.002628,0.000000,0.00e+00,779.2106,0.0000
CUDA_Transposed,CUDA,4000,2000,128,4,4,1,,75,1,0.002573,0.199064,1.57e-08,795.8189,77.3529
CUDA_Transposed,CUDA,4000,2000,128,4,4,1,,75,2,0.002574,0.000000,0.00e+00,795.6700,0.0000
CUDA_Transposed,CUDA,4000,2000,128,4,4,1,,75,3,0.002583,0.000000,0.00e+00,793.0228,0.0000
CUDA_Naive,CUDA,6000,2000,3,4,4,1,,75,1,0.001326,0.040053,0.00e+00,54.2868,30.1990
CUDA_Naive,CUDA,6000,2000,3,4,4,1,,75,2,0.001138,0.000000,0.00e+00,63.2800,0.0000
CUDA_Naive,CUDA,6000,2000,3,4,4,1,,75,3,0.001136,0.000000,0.00e+00,63.3575,0.0000
CUDA_Opt2D,CUDA,6000,2000,3,4,4,1,,75,1,0.001129,0.040683,0.00e+00,63.7791,36.0376
CUDA_Opt2D,CUDA,6000,2000,3,4,4,1,,75,2,0.001127,0.000000,0.00e+00,63.8776,0.0000
CUDA_Opt2D,CUDA,6000,2000,3,4,4,1,,75,3,0.001183,0.000000,0.00e+00,60.8839,0.0000
CUDA_Tiled,CUDA,6000,2000,3,4,4,1,,75,1,0.000903,0.040113,0.00e+00,79.7666,44.4399
CUDA_Tiled,CUDA,6000,2000,3,4,4,1,,75,2,0.000902,0.000000,0.00e+00,79.7804,0.0000
CUDA_Tiled,CUDA,6000,2000,3,4,4,1,,75,3,0.000895,0.000000,0.00e+00,80.4543,0.0000
CUDA_WarpRow,CUDA,6000,2000,3,4,4,1,,75,1,0.001120,0.039123,0.00e+00,64.2608,34.9179
CUDA_WarpRow,CUDA,6000,2000,3,4,4,1,,75,2,0.001129,0.000000,0.00e+00,63.7711,0.0000
CUDA_WarpRow,CUDA,6000,2000,3,4,4,1,,75,3,0.001312,0.000000,0.00e+00,54.8853,0.0000
CUDA_Transposed,CUDA,6000,2000,3,4,4,1,,75,1,0.000726,0.039278,0.00e+00,99.1583,54.0936
CUDA_Transposed,CUDA,6000,2000,3,4,4,1,,75,2,0.000726,0.000000,0.00e+00,99.1357,0.0000
CUDA_Transposed,CUDA,6000,2000,3,4,4,1,,75,3,0.000727,0.000000,0.00e+00,98.9962,0.0000
CUDA_Naive,CUDA,6000,2000,6,4,4,1,,75,1,0.001247,0.052508,0.00e+00,115.4742,42.1061
CUDA_Naive,CUDA,6000,2000,6,4,4,1,,75,2,0.001139,0.000000,0.00e+00,126.4121,0.0000
CUDA_Naive,CUDA,6000,2000,6,4,4,1,,75,3,0.001330,0.000000,0.00e+00,108.3094,0.0000
CUDA_Opt2D,CUDA,6000,2000,6,4,4,1,,75,1,0.001128,0.052360,0.00e+00,127.7132,46.4381
CUDA_Opt2D,CUDA,6000,2000,6,4,4,1,,75,2,0.001136,0.000000,0.00e+00,126.7257,0.0000
CUDA_Opt2D,CUDA,6000,2000,6,4,4,1,,75,3,0.001129,0.000000,0.00e+00,127.5590,0.0000
CUDA_Tiled,CUDA,6000,2000,6,4,4,1,,75,1,0.000928,0.050937,0.00e+00,155.1727,54.8894
CUDA_Tiled,CUDA,6000,2000,6,4,4,1,,75,2,0.000896,0.000000,0.00e+00,160.7641,0.0000
CUDA_Tiled,CUDA,6000,2000,6,4,4,1,,75,3,0.001042,0.000000,0.00e+00,138.1942,0.0000
CUDA_WarpRow,CUDA,6000,2000,6,4,4,1,,75,1,0.001118,0.053713,0.00e+00,128.7875,48.0389
CUDA_WarpRow,CUDA,6000,2000,6,4,4,1,,75,2,0.001118,0.000000,0.00e+00,128.7530,0.0000
CUDA_WarpRow,CUDA,6000,2000,6,4,4,1,,75,3,0.001129,0.000000,0.00e+00,127.4946,0.0000
CUDA_Transposed,CUDA,6000,2000,6,4,4,1,,75,1,0.000722,0.056166,0.00e+00,199.4126,77.7793
CUDA_Transposed,CUDA,6000,2000,6,4,4,1,,75,2,0.000722,0.000000,0.00e+00,199.5643,0.0000
CUDA_Transposed,CUDA,6000,2000,6,4,4,1,,75,3,0.000731,0.000000,0.00e+00,197.0560,0.0000
CUDA_Naive,CUDA,6000,2000,8,4,4,1,,75,1,0.001131,0.040037,0.00e+00,169.7190,35.3907
CUDA_Naive,CUDA,6000,2000,8,4,4,1,,75,2,0.001122,0.000000,0.00e+00,171.0774,0.0000
CUDA_Naive,CUDA,6000,2000,8,4,4,1,,75,3,0.001123,0.000000,0.00e+00,170.9784,0.0000
CUDA_Opt2D,CUDA,6000,2000,8,4,4,1,,75,1,0.001131,0.039845,0.00e+00,169.7498,35.2275
CUDA_Opt2D,CUDA,6000,2000,8,4,4,1,,75,2,0.001139,0.000000,0.00e+00,168.6209,0.0000
CUDA_Opt2D,CUDA,6000,2000,8,4,4,1,,75,3,0.001131,0.000000,0.00e+00,169.6915,0.0000
CUDA_Tiled,CUDA,6000,2000,8,4,4,1,,75,1,0.001039,0.040639,0.00e+00,184.7118,39.0963
CUDA_Tiled,CUDA,6000,2000,8,4,4,1,,75,2,0.000905,0.000000,0.00e+00,212.1773,0.0000
CUDA_Tiled,CUDA,6000,2000,8,4,4,1,,75,3,0.000904,0.000000,0.00e+00,212.3362,0.0000
CUDA_WarpRow,CUDA,6000,2000,8,4,4,1,,75,1,0.001126,0.040867,0.00e+00,170.5009,36.2913
CUDA_WarpRow,CUDA,6000,2000,8,4,4,1,,75,2,0.001116,0.000000,0.00e+00,171.9880,0.0000
CUDA_WarpRow,CUDA,6000,2000,8,4,4,1,,75,3,0.001141,0.000000,0.00e+00,168.3226,0.0000
CUDA_Transposed,CUDA,6000,2000,8,4,4,1,,75,1,0.000735,0.039523,0.00e+00,261.1122,53.7496
CUDA_Transposed,CUDA,6000,2000,8,4,4,1,,75,2,0.000736,0.000000,0.00e+00,260.8534,0.0000
CUDA_Transposed,CUDA,6000,2000,8,4,4,1,,75,3,0.000728,0.000000,0.00e+00,263.7743,0.0000
CUDA_Naive,CUDA,6000,2000,20,4,4,1,,75,1,0.001147,0.064756,2.79e-08,418.5002,56.4591
CUDA_Naive,CUDA,6000,2000,20,4,4,1,,75,2,0.001145,0.000000,0.00e+00,419.1927,0.0000
CUDA_Naive,CUDA,6000,2000,20,4,4,1,,75,3,0.001147,0.000000,0.00e+00,418.3813,0.0000
CUDA_Opt2D,CUDA,6000,2000,20,4,4,1,,75,1,0.001338,0.063752,2.79e-08,358.7639,47.6497
CUDA_Opt2D,CUDA,6000,2000,20,4,4,1,,75,2,0.001149,0.000000,0.00e+00,417.5817,0.0000
CUDA_Opt2D,CUDA,6000,2000,20,4,4,1,,75,3,0.001149,0.000000,0.00e+00,417.7752,0.0000
CUDA_Tiled,CUDA,6000,2000,20,4,4,1,,75,1,0.000896,0.062980,2.79e-08,535.6836,70.2856
CUDA_Tiled,CUDA,6000,2000,20,4,4,1,,75,2,0.000904,0.000000,0.00e+00,530.7378,0.0000
CUDA_Tiled,CUDA,6000,2000,20,4,4,1,,75,3,0.000906,0.000000,0.00e+00,529.5381,0.0000
CUDA_WarpRow,CUDA,6000,2000,20,4,4,1,,75,1,0.001144,0.064987,2.79e-08,419.7071,56.8236
CUDA_WarpRow,CUDA,6000,2000,20,4,4,1,,75,2,0.001143,0.000000,0.00e+00,419.9600,0.0000
CUDA_WarpRow,CUDA,6000,2000,20,4,4,1,,75,3,0.001153,0.000000,0.00e+00,416.1983,0.0000
CUDA_Transposed,CUDA,6000,2000,20,4,4,1,,75,1,0.000862,0.065188,2.79e-08,556.7588,75.6128
CUDA_Transposed,CUDA,6000,2000,20,4,4,1,,75,2,0.000873,0.000000,0.00e+00,549.6154,0.0000
CUDA_Transposed,CUDA,6000,2000,20,4,4,1,,75,3,0.000872,0.000000,0.00e+00,550.6330,0.0000
CUDA_Naive,CUDA,6000,2000,32,4,4,1,,75,1,0.001128,0.087066,2.56e-08,680.7593,77.1762
CUDA_Naive,CUDA,6000,2000,32,4,4,1,,75,2,0.001138,0.000000,0.00e+00,675.0118,0.0000
CUDA_Naive,CUDA,6000,2000,32,4,4,1,,75,3,0.001129,0.000000,0.00e+00,680.5316,0.0000
CUDA_Opt2D,CUDA,6000,2000,32,4,4,1,,75,1,0.001141,0.093737,2.56e-08,673.3280,82.1816
CUDA_Opt2D,CUDA,6000,2000,32,4,4,1,,75,2,0.001137,0.000000,0.00e+00,675.2013,0.0000
CUDA_Opt2D,CUDA,6000,2000,32,4,4,1,,75,3,0.001131,0.000000,0.00e+00,678.7514,0.0000
CUDA_Tiled,CUDA,6000,2000,32,4,4,1,,75,1,0.000896,0.088878,2.56e-08,857.0959,99.1890
CUDA_Tiled,CUDA,6000,2000,32,4,4,1,,75,2,0.001056,0.000000,0.00e+00,727.3628,0.0000
CUDA_Tiled,CUDA,6000,2000,32,4,4,1,,75,3,0.000897,0.000000,0.00e+00,856.0360,0.0000
CUDA_WarpRow,CUDA,6000,2000,32,4,4,1,,75,1,0.001135,0.095514,2.56e-08,676.5830,84.1451
CUDA_WarpRow,CUDA,6000,2000,32,4,4,1,,75,2,0.001133,0.000000,0.00e+00,677.9643,0.0000
CUDA_WarpRow,CUDA,6000,2000,32,4,4,1,,75,3,0.001135,0.000000,0.00e+00,676.9022,0.0000
CUDA_Transposed,CUDA,6000,2000,32,4,4,1,,75,1,0.001129,0.087165,2.56e-08,680.4896,77.2332
CUDA_Transposed,CUDA,6000,2000,32,4,4,1,,75,2,0.001135,0.000000,0.00e+00,676.8977,0.0000
CUDA_Transposed,CUDA,6000,2000,32,4,4,1,,75,3,0.001138,0.000000,0.00e+00,674.8359,0.0000
CUDA_Naive,CUDA,6000,2000,64,4,4,1,,75,1,0.001824,0.168584,1.28e-08,841.8767,92.4005
CUDA_Naive,CUDA,6000,2000,64,4,4,1,,75,2,0.001833,0.000000,0.00e+00,837.9179,0.0000
CUDA_Naive,CUDA,6000,2000,64,4,4,1,,75,3,0.001828,0.000000,0.00e+00,840.1974,0.0000
CUDA_Opt2D,CUDA,6000,2000,64,4,4,1,,75,1,0.001838,0.165972,1.28e-08,835.7736,90.3091
CUDA_Opt2D,CUDA,6000,2000,64,4,4,1,,75,2,0.001824,0.000000,0.00e+00,842.0943,0.0000
CUDA_Opt2D,CUDA,6000,2000,64,4,4,1,,75,3,0.001833,0.000000,0.00e+00,837.8735,0.0000
CUDA_Tiled,CUDA,6000,2000,64,4,4,1,,75,1,0.001410,0.147143,1.28e-08,1089.3073,104.3517
CUDA_Tiled,CUDA,6000,2000,64,4,4,1,,75,2,0.001418,0.000000,0.00e+00,1083.1639,0.0000
CUDA_Tiled,CUDA,6000,2000,64,4,4,1,,75,3,0.001416,0.000000,0.00e+00,1084.6905,0.0000
CUDA_WarpRow,CUDA,6000,2000,64,4,4,1,,75,1,0.002149,0.164166,1.28e-08,714.6484,76.3808
CUDA_WarpRow,CUDA,6000,2000,64,4,4,1,,75,2,0.001875,0.000000,0.00e+00,819.2748,0.0000
CUDA_WarpRow,CUDA,6000,2000,64,4,4,1,,75,3,0.001877,0.000000,0.00e+00,818.5087,0.0000
CUDA_Transposed,CUDA,6000,2000,64,4,4,1,,75,1,0.001882,0.150741,1.28e-08,816.2820,80.1087
CUDA_Transposed,CUDA,6000,2000,64,4,4,1,,75,2,0.001877,0.000000,0.00e+00,818.4323,0.0000
CUDA_Transposed,CUDA,6000,2000,64,4,4,1,,75,3,0.001886,0.000000,0.00e+00,814.3164,0.0000
CUDA_Naive,CUDA,6000,2000,128,4,4,1,,75,1,0.003163,0.316718,1.57e-08,971.1579,100.1248
CUDA_Naive,CUDA,6000,2000,128,4,4,1,,75,2,0.003310,0.000000,0.00e+00,928.0766,0.0000
CUDA_Naive,CUDA,6000,2000,128,4,4,1,,75,3,0.003159,0.000000,0.00e+00,972.4041,0.0000
CUDA_Opt2D,CUDA,6000,2000,128,4,4,1,,75,1,0.003168,0.301496,1.57e-08,969.8295,95.1821
CUDA_Opt2D,CUDA,6000,2000,128,4,4,1,,75,2,0.003163,0.000000,0.00e+00,971.2374,0.0000
CUDA_Opt2D,CUDA,6000,2000,128,4,4,1,,75,3,0.003246,0.000000,0.00e+00,946.4817,0.0000
CUDA_Tiled,CUDA,6000,2000,128,4,4,1,,75,1,0.002447,0.305635,1.57e-08,1255.4557,124.9060
CUDA_Tiled,CUDA,6000,2000,128,4,4,1,,75,2,0.002446,0.000000,0.00e+00,1255.9372,0.0000
CUDA_Tiled,CUDA,6000,2000,128,4,4,1,,75,3,0.002459,0.000000,0.00e+00,1249.4890,0.0000
CUDA_WarpRow,CUDA,6000,2000,128,4,4,1,,75,1,0.003342,0.305626,1.57e-08,919.0774,91.4368
CUDA_WarpRow,CUDA,6000,2000,128,4,4,1,,75,2,0.003335,0.000000,0.00e+00,921.1222,0.0000
CUDA_WarpRow,CUDA,6000,2000,128,4,4,1,,75,3,0.003342,0.000000,0.00e+00,919.1489,0.0000
CUDA_Transposed,CUDA,6000,2000,128,4,4,1,,75,1,0.003376,0.315394,1.57e-08,909.8198,93.4087
CUDA_Transposed,CUDA,6000,2000,128,4,4,1,,75,2,0.003380,0.000000,0.00e+00,908.9961,0.0000
CUDA_Transposed,CUDA,6000,2000,128,4,4,1,,75,3,0.003378,0.000000,0.00e+00,909.4856,0.0000
CUDA_Naive,CUDA,4000,4000,3,4,4,1,,75,1,0.001535,0.054174,0.00e+00,62.5574,35.3017
CUDA_Naive,CUDA,4000,4000,3,4,4,1,,75,2,0.001534,0.000000,0.00e+00,62.5987,0.0000
CUDA_Naive,CUDA,4000,4000,3,4,4,1,,75,3,0.001546,0.000000,0.00e+00,62.0993,0.0000
CUDA_Opt2D,CUDA,4000,4000,3,4,4,1,,75,1,0.001537,0.053968,0.00e+00,62.4705,35.1185
CUDA_Opt2D,CUDA,4000,4000,3,4,4,1,,75,2,0.001543,0.000000,0.00e+00,62.2093,0.0000
CUDA_Opt2D,CUDA,4000,4000,3,4,4,1,,75,3,0.001786,0.000000,0.00e+00,53.7506,0.0000
CUDA_Tiled,CUDA,4000,4000,3,4,4,1,,75,1,0.001398,0.053915,0.00e+00,68.6541,38.5571
CUDA_Tiled,CUDA,4000,4000,3,4,4,1,,75,2,0.001401,0.000000,0.00e+00,68.5405,0.0000
CUDA_Tiled,CUDA,4000,4000,3,4,4,1,,75,3,0.001399,0.000000,0.00e+00,68.6366,0.0000
CUDA_WarpRow,CUDA,4000,4000,3,4,4,1,,75,1,0.001515,0.054694,0.00e+00,63.3652,36.1011
CUDA_WarpRow,CUDA,4000,4000,3,4,4,1,,75,2,0.001517,0.000000,0.00e+00,63.2646,0.0000
CUDA_WarpRow,CUDA,4000,4000,3,4,4,1,,75,3,0.001517,0.000000,0.00e+00,63.2827,0.0000
CUDA_Transposed,CUDA,4000,4000,3,4,4,1,,75,1,0.001187,0.051651,0.00e+00,80.8804,43.5166
CUDA_Transposed,CUDA,4000,4000,3,4,4,1,,75,2,0.001071,0.000000,0.00e+00,89.6685,0.0000
CUDA_Transposed,CUDA,4000,4000,3,4,4,1,,75,3,0.001187,0.000000,0.00e+00,80.8541,0.0000
CUDA_Naive,CUDA,4000,4000,6,4,4,1,,75,1,0.001535,0.069040,0.00e+00,125.1214,44.9914
CUDA_Naive,CUDA,4000,4000,6,4,4,1,,75,2,0.001536,0.000000,0.00e+00,125.0246,0.0000
CUDA_Naive,CUDA,4000,4000,6,4,4,1,,75,3,0.001543,0.000000,0.00e+00,124.4021,0.0000
CUDA_Opt2D,CUDA,4000,4000,6,4,4,1,,75,1,0.001534,0.071163,0.00e+00,125.1558,46.3877
CUDA_Opt2D,CUDA,4000,4000,6,4,4,1,,75,2,0.001543,0.000000,0.00e+00,124.4386,0.0000
CUDA_Opt2D,CUDA,4000,4000,6,4,4,1,,75,3,0.001535,0.000000,0.00e+00,125.1086,0.0000
CUDA_Tiled,CUDA,4000,4000,6,4,4,1,,75,1,0.001401,0.069797,0.00e+00,137.0226,49.8111
CUDA_Tiled,CUDA,4000,4000,6,4,4,1,,75,2,0.001408,0.000000,0.00e+00,136.3686,0.0000
CUDA_Tiled,CUDA,4000,4000,6,4,4,1,,75,3,0.001410,0.000000,0.00e+00,136.1939,0.0000
CUDA_WarpRow,CUDA,4000,4000,6,4,4,1,,75,1,0.001530,0.076875,0.00e+00,125.4494,50.2284
CUDA_WarpRow,CUDA,4000,4000,6,4,4,1,,75,2,0.001518,0.000000,0.00e+00,126.4638,0.0000
CUDA_WarpRow,CUDA,4000,4000,6,4,4,1,,75,3,0.001519,0.000000,0.00e+00,126.3595,0.0000
CUDA_Transposed,CUDA,4000,4000,6,4,4,1,,75,1,0.001077,0.074981,0.00e+00,178.3251,69.6403
CUDA_Transposed,CUDA,4000,4000,6,4,4,1,,75,2,0.001077,0.000000,0.00e+00,178.3165,0.0000
CUDA_Transposed,CUDA,4000,4000,6,4,4,1,,75,3,0.001078,0.000000,0.00e+00,178.1577,0.0000
CUDA_Naive,CUDA,4000,4000,8,4,4,1,,75,1,0.001569,0.051628,0.00e+00,163.1724,32.9072
CUDA_Naive,CUDA,4000,4000,8,4,4,1,,75,2,0.001538,0.000000,0.00e+00,166.4646,0.0000
CUDA_Naive,CUDA,4000,4000,8,4,4,1,,75,3,0.001579,0.000000,0.00e+00,162.1127,0.0000
CUDA_Opt2D,CUDA,4000,4000,8,4,4,1,,75,1,0.001537,0.053005,0.00e+00,166.5835,34.4910
CUDA_Opt2D,CUDA,4000,4000,8,4,4,1,,75,2,0.001528,0.000000,0.00e+00,167.5732,0.0000
CUDA_Opt2D,CUDA,4000,4000,8,4,4,1,,75,3,0.001537,0.000000,0.00e+00,166.5618,0.0000
CUDA_Tiled,CUDA,4000,4000,8,4,4,1,,75,1,0.001401,0.054253,0.00e+00,182.7401,38.7275
CUDA_Tiled,CUDA,4000,4000,8,4,4,1,,75,2,0.001407,0.000000,0.00e+00,181.9469,0.0000
CUDA_Tiled,CUDA,4000,4000,8,4,4,1,,75,3,0.001409,0.000000,0.00e+00,181.6298,0.0000
CUDA_WarpRow,CUDA,4000,4000,8,4,4,1,,75,1,0.001511,0.051631,0.00e+00,169.3898,34.1630
CUDA_WarpRow,CUDA,4000,4000,8,4,4,1,,75,2,0.001522,0.000000,0.00e+00,168.2476,0.0000
CUDA_WarpRow,CUDA,4000,4000,8,4,4,1,,75,3,0.001520,0.000000,0.00e+00,168.4046,0.0000
CUDA_Transposed,CUDA,4000,4000,8,4,4,1,,75,1,0.001083,0.054117,0.00e+00,236.3154,49.9556
CUDA_Transposed,CUDA,4000,4000,8,4,4,1,,75,2,0.001076,0.000000,0.00e+00,237.8235,0.0000
CUDA_Transposed,CUDA,4000,4000,8,4,4,1,,75,3,0.001085,0.000000,0.00e+00,235.8587,0.0000
CUDA_Naive,CUDA,4000,4000,20,4,4,1,,75,1,0.001563,0.083716,1.61e-08,409.5966,53.5775
CUDA_Naive,CUDA,4000,4000,20,4,4,1,,75,2,0.001548,0.000000,0.00e+00,413.4028,0.0000
CUDA_Naive,CUDA,4000,4000,20,4,4,1,,75,3,0.001758,0.000000,0.00e+00,364.1140,0.0000
CUDA_Opt2D,CUDA,4000,4000,20,4,4,1,,75,1,0.001549,0.085964,1.61e-08,413.1583,55.4952
CUDA_Opt2D,CUDA,4000,4000,20,4,4,1,,75,2,0.001552,0.000000,0.00e+00,412.3433,0.0000
CUDA_Opt2D,CUDA,4000,4000,20,4,4,1,,75,3,0.001670,0.000000,0.00e+00,383.1405,0.0000
CUDA_Tiled,CUDA,4000,4000,20,4,4,1,,75,1,0.001399,0.084691,1.61e-08,457.3840,60.5254
CUDA_Tiled,CUDA,4000,4000,20,4,4,1,,75,2,0.001410,0.000000,0.00e+00,453.9032,0.0000
CUDA_Tiled,CUDA,4000,4000,20,4,4,1,,75,3,0.001410,0.000000,0.00e+00,453.8639,0.0000
CUDA_WarpRow,CUDA,4000,4000,20,4,4,1,,75,1,0.001772,0.086414,1.61e-08,361.2362,48.7750
CUDA_WarpRow,CUDA,4000,4000,20,4,4,1,,75,2,0.001535,0.000000,0.00e+00,416.8473,0.0000
CUDA_WarpRow,CUDA,4000,4000,20,4,4,1,,75,3,0.001529,0.000000,0.00e+00,418.4750,0.0000
CUDA_Transposed,CUDA,4000,4000,20,4,4,1,,75,1,0.001357,0.087949,1.61e-08,471.5805,64.8044
CUDA_Transposed,CUDA,4000,4000,20,4,4,1,,75,2,0.001324,0.000000,0.00e+00,483.3719,0.0000
CUDA_Transposed,CUDA,4000,4000,20,4,4,1,,75,3,0.001327,0.000000,0.00e+00,482.2296,0.0000
CUDA_Naive,CUDA,4000,4000,32,4,4,1,,75,1,0.001792,0.117880,1.81e-08,571.3148,65.7681
CUDA_Naive,CUDA,4000,4000,32,4,4,1,,75,2,0.001538,0.000000,0.00e+00,665.6969,0.0000
CUDA_Naive,CUDA,4000,4000,32,4,4,1,,75,3,0.001541,0.000000,0.00e+00,664.7145,0.0000
CUDA_Opt2D,CUDA,4000,4000,32,4,4,1,,75,1,0.001688,0.127706,1.81e-08,606.6354,75.6553
CUDA_Opt2D,CUDA,4000,4000,32,4,4,1,,75,2,0.001536,0.000000,0.00e+00,666.7646,0.0000
CUDA_Opt2D,CUDA,4000,4000,32,4,4,1,,75,3,0.001541,0.000000,0.00e+00,664.3669,0.0000
CUDA_Tiled,CUDA,4000,4000,32,4,4,1,,75,1,0.001463,0.118965,1.81e-08,699.8306,81.3040
CUDA_Tiled,CUDA,4000,4000,32,4,4,1,,75,2,0.001400,0.000000,0.00e+00,731.5468,0.0000
CUDA_Tiled,CUDA,4000,4000,32,4,4,1,,75,3,0.001411,0.000000,0.00e+00,725.6094,0.0000
CUDA_WarpRow,CUDA,4000,4000,32,4,4,1,,75,1,0.001527,0.118489,1.81e-08,670.7088,77.6092
CUDA_WarpRow,CUDA,4000,4000,32,4,4,1,,75,2,0.001520,0.000000,0.00e+00,673.6436,0.0000
CUDA_WarpRow,CUDA,4000,4000,32,4,4,1,,75,3,0.001543,0.000000,0.00e+00,663.7529,0.0000
CUDA_Transposed,CUDA,4000,4000,32,4,4,1,,75,1,0.001870,0.118161,1.81e-08,547.5719,63.1850
CUDA_Transposed,CUDA,4000,4000,32,4,4,1,,75,2,0.001873,0.000000,0.00e+00,546.7100,0.0000
CUDA_Transposed,CUDA,4000,4000,32,4,4,1,,75,3,0.001864,0.000000,0.00e+00,549.3024,0.0000
CUDA_Naive,CUDA,4000,4000,64,4,4,1,,75,1,0.002732,0.227021,0.00e+00,749.6715,83.1011
CUDA_Naive,CUDA,4000,4000,64,4,4,1,,75,2,0.002561,0.000000,0.00e+00,799.7601,0.0000
CUDA_Naive,CUDA,4000,4000,64,4,4,1,,75,3,0.002563,0.000000,0.00e+00,799.1619,0.0000
CUDA_Opt2D,CUDA,4000,4000,64,4,4,1,,75,1,0.002565,0.232513,0.00e+00,798.4787,90.6527
CUDA_Opt2D,CUDA,4000,4000,64,4,4,1,,75,2,0.002557,0.000000,0.00e+00,800.9337,0.0000
CUDA_Opt2D,CUDA,4000,4000,64,4,4,1,,75,3,0.002563,0.000000,0.00e+00,799.0311,0.0000
CUDA_Tiled,CUDA,4000,4000,64,4,4,1,,75,1,0.002320,0.220336,0.00e+00,882.6118,94.9565
CUDA_Tiled,CUDA,4000,4000,64,4,4,1,,75,2,0.002338,0.000000,0.00e+00,875.9593,0.0000
CUDA_Tiled,CUDA,4000,4000,64,4,4,1,,75,3,0.002327,0.000000,0.00e+00,879.9730,0.0000
CUDA_WarpRow,CUDA,4000,4000,64,4,4,1,,75,1,0.002950,0.221704,0.00e+00,694.1314,75.1425
CUDA_WarpRow,CUDA,4000,4000,64,4,4,1,,75,2,0.002661,0.000000,0.00e+00,769.5992,0.0000
CUDA_WarpRow,CUDA,4000,4000,64,4,4,1,,75,3,0.002667,0.000000,0.00e+00,767.8770,0.0000
CUDA_Transposed,CUDA,4000,4000,64,4,4,1,,75,1,0.003295,0.229351,0.00e+00,621.5534,69.6065
CUDA_Transposed,CUDA,4000,4000,64,4,4,1,,75,2,0.003411,0.000000,0.00e+00,600.4697,0.0000
CUDA_Transposed,CUDA,4000,4000,64,4,4,1,,75,3,0.003303,0.000000,0.00e+00,620.0586,0.0000
CUDA_Naive,CUDA,4000,4000,128,4,4,1,,75,1,0.004287,0.409061,1.28e-08,955.3556,95.4099
CUDA_Naive,CUDA,4000,4000,128,4,4,1,,75,2,0.004301,0.000000,0.00e+00,952.3791,0.0000
CUDA_Naive,CUDA,4000,4000,128,4,4,1,,75,3,0.004296,0.000000,0.00e+00,953.5136,0.0000
CUDA_Opt2D,CUDA,4000,4000,128,4,4,1,,75,1,0.004309,0.411114,1.28e-08,950.6010,95.4115
CUDA_Opt2D,CUDA,4000,4000,128,4,4,1,,75,2,0.004286,0.000000,0.00e+00,955.6085,0.0000
CUDA_Opt2D,CUDA,4000,4000,128,4,4,1,,75,3,0.004306,0.000000,0.00e+00,951.2980,0.0000
CUDA_Tiled,CUDA,4000,4000,128,4,4,1,,75,1,0.003452,0.411644,1.28e-08,1186.4140,119.2333
CUDA_Tiled,CUDA,4000,4000,128,4,4,1,,75,2,0.003440,0.000000,0.00e+00,1190.7458,0.0000
CUDA_Tiled,CUDA,4000,4000,128,4,4,1,,75,3,0.003462,0.000000,0.00e+00,1183.1522,0.0000
CUDA_WarpRow,CUDA,4000,4000,128,4,4,1,,75,1,0.004913,0.425468,1.28e-08,833.6231,86.5917
CUDA_WarpRow,CUDA,4000,4000,128,4,4,1,,75,2,0.004902,0.000000,0.00e+00,835.6255,0.0000
CUDA_WarpRow,CUDA,4000,4000,128,4,4,1,,75,3,0.004909,0.000000,0.00e+00,834.4211,0.0000
CUDA_Transposed,CUDA,4000,4000,128,4,4,1,,75,1,0.004774,0.418969,1.28e-08,857.9100,87.7534
CUDA_Transposed,CUDA,4000,4000,128,4,4,1,,75,2,0.004770,0.000000,0.00e+00,858.6761,0.0000
CUDA_Transposed,CUDA,4000,4000,128,4,4,1,,75,3,0.004778,0.000000,0.00e+00,857.3174,0.0000
CUDA_Naive,CUDA,2000,6000,3,4,4,1,,75,1,0.001423,0.041328,0.00e+00,50.5944,29.0414
CUDA_Naive,CUDA,2000,6000,3,4,4,1,,75,2,0.001430,0.000000,0.00e+00,50.3408,0.0000
CUDA_Naive,CUDA,2000,6000,3,4,4,1,,75,3,0.001671,0.000000,0.00e+00,43.0815,0.0000
CUDA_Opt2D,CUDA,2000,6000,3,4,4,1,,75,1,0.001429,0.040632,0.00e+00,50.3691,28.4251
CUDA_Opt2D,CUDA,2000,6000,3,4,4,1,,75,2,0.001420,0.000000,0.00e+00,50.6874,0.0000
CUDA_Opt2D,CUDA,2000,6000,3,4,4,1,,75,3,0.001423,0.000000,0.00e+00,50.5962,0.0000
CUDA_Tiled,CUDA,2000,6000,3,4,4,1,,75,1,0.001759,0.040497,0.00e+00,40.9435,23.0292
CUDA_Tiled,CUDA,2000,6000,3,4,4,1,,75,2,0.001757,0.000000,0.00e+00,40.9787,0.0000
CUDA_Tiled,CUDA,2000,6000,3,4,4,1,,75,3,0.001750,0.000000,0.00e+00,41.1530,0.0000
CUDA_WarpRow,CUDA,2000,6000,3,4,4,1,,75,1,0.001418,0.040815,0.00e+00,50.7720,28.7817
CUDA_WarpRow,CUDA,2000,6000,3,4,4,1,,75,2,0.001409,0.000000,0.00e+00,51.1085,0.0000
CUDA_WarpRow,CUDA,2000,6000,3,4,4,1,,75,3,0.001417,0.000000,0.00e+00,50.8102,0.0000
CUDA_Transposed,CUDA,2000,6000,3,4,4,1,,75,1,0.001358,0.038922,0.00e+00,53.0179,28.6607
CUDA_Transposed,CUDA,2000,6000,3,4,4,1,,75,2,0.001358,0.000000,0.00e+00,53.0163,0.0000
CUDA_Transposed,CUDA,2000,6000,3,4,4,1,,75,3,0.001362,0.000000,0.00e+00,52.8635,0.0000
CUDA_Naive,CUDA,2000,6000,6,4,4,1,,75,1,0.001428,0.051763,0.00e+00,100.8605,36.2557
CUDA_Naive,CUDA,2000,6000,6,4,4,1,,75,2,0.001428,0.000000,0.00e+00,100.8118,0.0000
CUDA_Naive,CUDA,2000,6000,6,4,4,1,,75,3,0.001470,0.000000,0.00e+00,97.9869,0.0000
CUDA_Opt2D,CUDA,2000,6000,6,4,4,1,,75,1,0.001427,0.052825,0.00e+00,100.9335,37.0263
CUDA_Opt2D,CUDA,2000,6000,6,4,4,1,,75,2,0.001426,0.000000,0.00e+00,100.9676,0.0000
CUDA_Opt2D,CUDA,2000,6000,6,4,4,1,,75,3,0.001420,0.000000,0.00e+00,101.4165,0.0000
CUDA_Tiled,CUDA,2000,6000,6,4,4,1,,75,1,0.001759,0.052018,0.00e+00,81.8791,29.5777
CUDA_Tiled,CUDA,2000,6000,6,4,4,1,,75,2,0.001750,0.000000,0.00e+00,82.3031,0.0000
CUDA_Tiled,CUDA,2000,6000,6,4,4,1,,75,3,0.001927,0.000000,0.00e+00,74.7088,0.0000
CUDA_WarpRow,CUDA,2000,6000,6,4,4,1,,75,1,0.001417,0.055728,0.00e+00,101.6293,39.3304
CUDA_WarpRow,CUDA,2000,6000,6,4,4,1,,75,2,0.001409,0.000000,0.00e+00,102.2167,0.0000
CUDA_WarpRow,CUDA,2000,6000,6,4,4,1,,75,3,0.001410,0.000000,0.00e+00,102.1398,0.0000
CUDA_Transposed,CUDA,2000,6000,6,4,4,1,,75,1,0.001375,0.056199,0.00e+00,104.7050,40.8635
CUDA_Transposed,CUDA,2000,6000,6,4,4,1,,75,2,0.001374,0.000000,0.00e+00,104.8203,0.0000
CUDA_Transposed,CUDA,2000,6000,6,4,4,1,,75,3,0.001386,0.000000,0.00e+00,103.9110,0.0000
CUDA_Naive,CUDA,2000,6000,8,4,4,1,,75,1,0.001626,0.039757,0.00e+00,118.1086,24.4563
CUDA_Naive,CUDA,2000,6000,8,4,4,1,,75,2,0.001413,0.000000,0.00e+00,135.8718,0.0000
CUDA_Naive,CUDA,2000,6000,8,4,4,1,,75,3,0.001420,0.000000,0.00e+00,135.1681,0.0000
CUDA_Opt2D,CUDA,2000,6000,8,4,4,1,,75,1,0.001420,0.038312,0.00e+00,135.2091,26.9799
CUDA_Opt2D,CUDA,2000,6000,8,4,4,1,,75,2,0.001411,0.000000,0.00e+00,136.1164,0.0000
CUDA_Opt2D,CUDA,2000,6000,8,4,4,1,,75,3,0.001413,0.000000,0.00e+00,135.8633,0.0000
CUDA_Tiled,CUDA,2000,6000,8,4,4,1,,75,1,0.001953,0.040286,0.00e+00,98.3092,20.6273
CUDA_Tiled,CUDA,2000,6000,8,4,4,1,,75,2,0.001751,0.000000,0.00e+00,109.6706,0.0000
CUDA_Tiled,CUDA,2000,6000,8,4,4,1,,75,3,0.002002,0.000000,0.00e+00,95.8852,0.0000
CUDA_WarpRow,CUDA,2000,6000,8,4,4,1,,75,1,0.001403,0.039678,0.00e+00,136.8089,28.2721
CUDA_WarpRow,CUDA,2000,6000,8,4,4,1,,75,2,0.001456,0.000000,0.00e+00,131.8628,0.0000
CUDA_WarpRow,CUDA,2000,6000,8,4,4,1,,75,3,0.001403,0.000000,0.00e+00,136.8225,0.0000
CUDA_Transposed,CUDA,2000,6000,8,4,4,1,,75,1,0.001434,0.039998,0.00e+00,133.8717,27.8886
CUDA_Transposed,CUDA,2000,6000,8,4,4,1,,75,2,0.001425,0.000000,0.00e+00,134.7355,0.0000
CUDA_Transposed,CUDA,2000,6000,8,4,4,1,,75,3,0.001430,0.000000,0.00e+00,134.2496,0.0000
CUDA_Naive,CUDA,2000,6000,20,4,4,1,,75,1,0.001435,0.065051,0.00e+00,334.5908,45.3450
CUDA_Naive,CUDA,2000,6000,20,4,4,1,,75,2,0.001426,0.000000,0.00e+00,336.6993,0.0000
CUDA_Naive,CUDA,2000,6000,20,4,4,1,,75,3,0.001438,0.000000,0.00e+00,333.8225,0.0000
CUDA_Opt2D,CUDA,2000,6000,20,4,4,1,,75,1,0.001485,0.061432,0.00e+00,323.2353,41.3690
CUDA_Opt2D,CUDA,2000,6000,20,4,4,1,,75,2,0.001438,0.000000,0.00e+00,333.8255,0.0000
CUDA_Opt2D,CUDA,2000,6000,20,4,4,1,,75,3,0.001438,0.000000,0.00e+00,333.8452,0.0000
CUDA_Tiled,CUDA,2000,6000,20,4,4,1,,75,1,0.001763,0.061694,0.00e+00,272.3272,35.0022
CUDA_Tiled,CUDA,2000,6000,20,4,4,1,,75,2,0.001748,0.000000,0.00e+00,274.6570,0.0000
CUDA_Tiled,CUDA,2000,6000,20,4,4,1,,75,3,0.001763,0.000000,0.00e+00,272.2791,0.0000
CUDA_WarpRow,CUDA,2000,6000,20,4,4,1,,75,1,0.001429,0.065893,0.00e+00,335.8901,46.1099
CUDA_WarpRow,CUDA,2000,6000,20,4,4,1,,75,2,0.001430,0.000000,0.00e+00,335.7224,0.0000
CUDA_WarpRow,CUDA,2000,6000,20,4,4,1,,75,3,0.001429,0.000000,0.00e+00,335.9252,0.0000
CUDA_Transposed,CUDA,2000,6000,20,4,4,1,,75,1,0.001681,0.061506,0.00e+00,285.5737,36.5926
CUDA_Transposed,CUDA,2000,6000,20,4,4,1,,75,2,0.001681,0.000000,0.00e+00,285.5018,0.0000
CUDA_Transposed,CUDA,2000,6000,20,4,4,1,,75,3,0.001672,0.000000,0.00e+00,287.0014,0.0000
CUDA_Naive,CUDA,2000,6000,32,4,4,1,,75,1,0.001429,0.094038,0.00e+00,537.4845,65.8126
CUDA_Naive,CUDA,2000,6000,32,4,4,1,,75,2,0.001425,0.000000,0.00e+00,538.7898,0.0000
CUDA_Naive,CUDA,2000,6000,32,4,4,1,,75,3,0.001420,0.000000,0.00e+00,540.9183,0.0000
CUDA_Opt2D,CUDA,2000,6000,32,4,4,1,,75,1,0.001446,0.096117,0.00e+00,531.0942,66.4676
CUDA_Opt2D,CUDA,2000,6000,32,4,4,1,,75,2,0.001416,0.000000,0.00e+00,542.4251,0.0000
CUDA_Opt2D,CUDA,2000,6000,32,4,4,1,,75,3,0.001419,0.000000,0.00e+00,541.2951,0.0000
CUDA_Tiled,CUDA,2000,6000,32,4,4,1,,75,1,0.001956,0.085156,0.00e+00,392.6893,43.5414
CUDA_Tiled,CUDA,2000,6000,32,4,4,1,,75,2,0.001771,0.000000,0.00e+00,433.6873,0.0000
CUDA_Tiled,CUDA,2000,6000,32,4,4,1,,75,3,0.001772,0.000000,0.00e+00,433.4845,0.0000
CUDA_WarpRow,CUDA,2000,6000,32,4,4,1,,75,1,0.001420,0.095984,0.00e+00,540.6549,67.5707
CUDA_WarpRow,CUDA,2000,6000,32,4,4,1,,75,2,0.001418,0.000000,0.00e+00,541.5204,0.0000
CUDA_WarpRow,CUDA,2000,6000,32,4,4,1,,75,3,0.001411,0.000000,0.00e+00,544.2902,0.0000
CUDA_Transposed,CUDA,2000,6000,32,4,4,1,,75,1,0.002377,0.089191,0.00e+00,323.0837,37.5210
CUDA_Transposed,CUDA,2000,6000,32,4,4,1,,75,2,0.002373,0.000000,0.00e+00,323.7016,0.0000
CUDA_Transposed,CUDA,2000,6000,32,4,4,1,,75,3,0.002382,0.000000,0.00e+00,322.4758,0.0000
CUDA_Naive,CUDA,2000,6000,64,4,4,1,,75,1,0.002072,0.162003,1.21e-08,741.1878,78.1737
CUDA_Naive,CUDA,2000,6000,64,4,4,1,,75,2,0.002242,0.000000,0.00e+00,685.1472,0.0000
CUDA_Naive,CUDA,2000,6000,64,4,4,1,,75,3,0.002076,0.000000,0.00e+00,739.7483,0.0000
CUDA_Opt2D,CUDA,2000,6000,64,4,4,1,,75,1,0.002078,0.182632,1.21e-08,739.3395,87.9083
CUDA_Opt2D,CUDA,2000,6000,64,4,4,1,,75,2,0.002081,0.000000,0.00e+00,738.1969,0.0000
CUDA_Opt2D,CUDA,2000,6000,64,4,4,1,,75,3,0.002159,0.000000,0.00e+00,711.5746,0.0000
CUDA_Tiled,CUDA,2000,6000,64,4,4,1,,75,1,0.001903,0.186198,1.21e-08,807.1439,97.8443
CUDA_Tiled,CUDA,2000,6000,64,4,4,1,,75,2,0.001913,0.000000,0.00e+00,803.0442,0.0000
CUDA_Tiled,CUDA,2000,6000,64,4,4,1,,75,3,0.001903,0.000000,0.00e+00,807.0691,0.0000
CUDA_WarpRow,CUDA,2000,6000,64,4,4,1,,75,1,0.002463,0.179222,1.21e-08,623.5520,72.7565
CUDA_WarpRow,CUDA,2000,6000,64,4,4,1,,75,2,0.002463,0.000000,0.00e+00,623.5171,0.0000
CUDA_WarpRow,CUDA,2000,6000,64,4,4,1,,75,3,0.002458,0.000000,0.00e+00,624.8271,0.0000
CUDA_Transposed,CUDA,2000,6000,64,4,4,1,,75,1,0.002423,0.178521,1.21e-08,634.0213,73.6888
CUDA_Transposed,CUDA,2000,6000,64,4,4,1,,75,2,0.002418,0.000000,0.00e+00,635.2621,0.0000
CUDA_Transposed,CUDA,2000,6000,64,4,4,1,,75,3,0.002427,0.000000,0.00e+00,632.8171,0.0000
CUDA_Naive,CUDA,2000,6000,128,4,4,1,,75,1,0.003693,0.328404,2.09e-08,831.7941,88.9208
CUDA_Naive,CUDA,2000,6000,128,4,4,1,,75,2,0.003613,0.000000,0.00e+00,850.3351,0.0000
CUDA_Naive,CUDA,2000,6000,128,4,4,1,,75,3,0.003617,0.000000,0.00e+00,849.3162,0.0000
CUDA_Opt2D,CUDA,2000,6000,128,4,4,1,,75,1,0.003626,0.359750,2.09e-08,847.1729,99.2091
CUDA_Opt2D,CUDA,2000,6000,128,4,4,1,,75,2,0.003626,0.000000,0.00e+00,847.1020,0.0000
CUDA_Opt2D,CUDA,2000,6000,128,4,4,1,,75,3,0.003709,0.000000,0.00e+00,828.2041,0.0000
CUDA_Tiled,CUDA,2000,6000,128,4,4,1,,75,1,0.003342,0.342413,2.09e-08,919.2264,102.4593
CUDA_Tiled,CUDA,2000,6000,128,4,4,1,,75,2,0.003359,0.000000,0.00e+00,914.5577,0.0000
CUDA_Tiled,CUDA,2000,6000,128,4,4,1,,75,3,0.003364,0.000000,0.00e+00,913.2272,0.0000
CUDA_WarpRow,CUDA,2000,6000,128,4,4,1,,75,1,0.004532,0.313104,2.09e-08,677.8876,69.0915
CUDA_WarpRow,CUDA,2000,6000,128,4,4,1,,75,2,0.004658,0.000000,0.00e+00,659.4867,0.0000
CUDA_WarpRow,CUDA,2000,6000,128,4,4,1,,75,3,0.004645,0.000000,0.00e+00,661.3536,0.0000
CUDA_Transposed,CUDA,2000,6000,128,4,4,1,,75,1,0.005340,0.351281,2.09e-08,575.2479,65.7793
CUDA_Transposed,CUDA,2000,6000,128,4,4,1,,75,2,0.004742,0.000000,0.00e+00,647.8738,0.0000
CUDA_Transposed,CUDA,2000,6000,128,4,4,1,,75,3,0.004725,0.000000,0.00e+00,650.1961,0.0000
CUDA_Naive,CUDA,2000,2000,3,8,1,8,,75,1,0.000994,0.013921,2.79e-06,24.1354,13.9992
CUDA_Naive,CUDA,2000,2000,3,8,1,8,,75,2,0.000994,0.000000,0.00e+00,24.1344,0.0000
CUDA_Naive,CUDA,2000,2000,3,8,1,8,,75,3,0.000995,0.000000,0.00e+00,24.1231,0.0000
CUDA_Opt2D,CUDA,2000,2000,3,8,1,8,,75,1,0.000995,0.014080,2.79e-06,24.1321,14.1574
CUDA_Opt2D,CUDA,2000,2000,3,8,1,8,,75,2,0.000995,0.000000,0.00e+00,24.1255,0.0000
CUDA_Opt2D,CUDA,2000,2000,3,8,1,8,,75,3,0.000994,0.000000,0.00e+00,24.1414,0.0000
CUDA_Tiled,CUDA,2000,2000,3,8,1,8,,75,1,0.001007,0.013927,2.79e-06,23.8344,13.8309
CUDA_Tiled,CUDA,2000,2000,3,8,1,8,,75,2,0.001008,0.000000,0.00e+00,23.8148,0.0000
CUDA_Tiled,CUDA,2000,2000,3,8,1,8,,75,3,0.001012,0.000000,0.00e+00,23.7129,0.0000
CUDA_WarpRow,CUDA,2000,2000,3,8,1,8,,75,1,0.000999,0.014124,2.79e-06,24.0246,14.1383
CUDA_WarpRow,CUDA,2000,2000,3,8,1,8,,75,2,0.000994,0.000000,0.00e+00,24.1455,0.0000
CUDA_WarpRow,CUDA,2000,2000,3,8,1,8,,75,3,0.000994,0.000000,0.00e+00,24.1343,0.0000
CUDA_Transposed,CUDA,2000,2000,3,8,1,8,,75,1,0.000942,0.013617,2.79e-06,25.4658,14.4486
CUDA_Transposed,CUDA,2000,2000,3,8,1,8,,75,2,0.000941,0.000000,0.00e+00,25.5062,0.0000
CUDA_Transposed,CUDA,2000,2000,3,8,1,8,,75,3,0.000941,0.000000,0.00e+00,25.5139,0.0000
CUDA_Naive,CUDA,2000,2000,6,8,1,8,,75,1,0.000997,0.018145,1.56e-06,48.1209,18.1906
CUDA_Naive,CUDA,2000,2000,6,8,1,8,,75,2,0.000998,0.000000,0.00e+00,48.0973,0.0000
CUDA_Naive,CUDA,2000,2000,6,8,1,8,,75,3,0.001002,0.000000,0.00e+00,47.9192,0.0000
CUDA_Opt2D,CUDA,2000,2000,6,8,1,8,,75,1,0.000998,0.018205,1.56e-06,48.1062,18.2455
CUDA_Opt2D,CUDA,2000,2000,6,8,1,8,,75,2,0.000997,0.000000,0.00e+00,48.1350,0.0000
CUDA_Opt2D,CUDA,2000,2000,6,8,1,8,,75,3,0.000988,0.000000,0.00e+00,48.5608,0.0000
CUDA_Tiled,CUDA,2000,2000,6,8,1,8,,75,1,0.000998,0.017650,1.56e-06,48.1101,17.6907
CUDA_Tiled,CUDA,2000,2000,6,8,1,8,,75,2,0.001008,0.000000,0.00e+00,47.6384,0.0000
CUDA_Tiled,CUDA,2000,2000,6,8,1,8,,75,3,0.001006,0.000000,0.00e+00,47.7101,0.0000
CUDA_WarpRow,CUDA,2000,2000,6,8,1,8,,75,1,0.001001,0.019569,1.56e-06,47.9452,19.5471
CUDA_WarpRow,CUDA,2000,2000,6,8,1,8,,75,2,0.000997,0.000000,0.00e+00,48.1458,0.0000
CUDA_WarpRow,CUDA,2000,2000,6,8,1,8,,75,3,0.001002,0.000000,0.00e+00,47.9189,0.0000
CUDA_Transposed,CUDA,2000,2000,6,8,1,8,,75,1,0.000949,0.019695,1.56e-06,50.5890,20.7569
CUDA_Transposed,CUDA,2000,2000,6,8,1,8,,75,2,0.000950,0.000000,0.00e+00,50.5239,0.0000
CUDA_Transposed,CUDA,2000,2000,6,8,1,8,,75,3,0.000935,0.000000,0.00e+00,51.3396,0.0000
CUDA_Naive,CUDA,2000,2000,8,8,1,8,,75,1,0.001000,0.013587,1.08e-06,64.0188,13.5914
CUDA_Naive,CUDA,2000,2000,8,8,1,8,,75,2,0.001001,0.000000,0.00e+00,63.9593,0.0000
CUDA_Naive,CUDA,2000,2000,8,8,1,8,,75,3,0.001000,0.000000,0.00e+00,63.9782,0.0000
CUDA_Opt2D,CUDA,2000,2000,8,8,1,8,,75,1,0.000991,0.013979,1.08e-06,64.5553,14.1004
CUDA_Opt2D,CUDA,2000,2000,8,8,1,8,,75,2,0.000999,0.000000,0.00e+00,64.0506,0.0000
CUDA_Opt2D,CUDA,2000,2000,8,8,1,8,,75,3,0.001001,0.000000,0.00e+00,63.9520,0.0000
CUDA_Tiled,CUDA,2000,2000,8,8,1,8,,75,1,0.001008,0.013908,1.08e-06,63.4922,13.7973
CUDA_Tiled,CUDA,2000,2000,8,8,1,8,,75,2,0.001008,0.000000,0.00e+00,63.4636,0.0000
CUDA_Tiled,CUDA,2000,2000,8,8,1,8,,75,3,0.001008,0.000000,0.00e+00,63.4951,0.0000
CUDA_WarpRow,CUDA,2000,2000,8,8,1,8,,75,1,0.000999,0.013889,1.08e-06,64.0816,13.9070
CUDA_WarpRow,CUDA,2000,2000,8,8,1,8,,75,2,0.000999,0.000000,0.00e+00,64.0393,0.0000
CUDA_WarpRow,CUDA,2000,2000,8,8,1,8,,75,3,0.000994,0.000000,0.00e+00,64.3982,0.0000
CUDA_Transposed,CUDA,2000,2000,8,8,1,8,,75,1,0.000962,0.013988,1.08e-06,66.5207,14.5387
CUDA_Transposed,CUDA,2000,2000,8,8,1,8,,75,2,0.000963,0.000000,0.00e+00,66.4870,0.0000
CUDA_Transposed,CUDA,2000,2000,8,8,1,8,,75,3,0.000961,0.000000,0.00e+00,66.5808,0.0000
CUDA_Naive,CUDA,2000,2000,20,8,1,8,,75,1,0.001005,0.021682,1.48e-06,159.2133,21.5755
CUDA_Naive,CUDA,2000,2000,20,8,1,8,,75,2,0.001004,0.000000,0.00e+00,159.3644,0.0000
CUDA_Naive,CUDA,2000,2000,20,8,1,8,,75,3,0.001006,0.000000,0.00e+00,159.0743,0.0000
CUDA_Opt2D,CUDA,2000,2000,20,8,1,8,,75,1,0.000995,0.022433,1.48e-06,160.7317,22.5359
CUDA_Opt2D,CUDA,2000,2000,20,8,1,8,,75,2,0.001005,0.000000,0.00e+00,159.2067,0.0000
CUDA_Opt2D,CUDA,2000,2000,20,8,1,8,,75,3,0.001008,0.000000,0.00e+00,158.7377,0.0000
CUDA_Tiled,CUDA,2000,2000,20,8,1,8,,75,1,0.001013,0.021890,1.48e-06,157.9960,21.6157
CUDA_Tiled,CUDA,2000,2000,20,8,1,8,,75,2,0.001013,0.000000,0.00e+00,157.8698,0.0000
CUDA_Tiled,CUDA,2000,2000,20,8,1,8,,75,3,0.001012,0.000000,0.00e+00,158.0364,0.0000
CUDA_WarpRow,CUDA,2000,2000,20,8,1,8,,75,1,0.001005,0.022304,1.48e-06,159.2424,22.1983
CUDA_WarpRow,CUDA,2000,2000,20,8,1,8,,75,2,0.001005,0.000000,0.00e+00,159.2411,0.0000
CUDA_WarpRow,CUDA,2000,2000,20,8,1,8,,75,3,0.001006,0.000000,0.00e+00,159.0520,0.0000
CUDA_Transposed,CUDA,2000,2000,20,8,1,8,,75,1,0.000986,0.022501,1.48e-06,162.2273,22.8143
CUDA_Transposed,CUDA,2000,2000,20,8,1,8,,75,2,0.000986,0.000000,0.00e+00,162.3489,0.0000
CUDA_Transposed,CUDA,2000,2000,20,8,1,8,,75,3,0.000987,0.000000,0.00e+00,162.1894,0.0000
CUDA_Naive,CUDA,2000,2000,32,8,1,8,,75,1,0.001003,0.035258,1.45e-06,255.2268,35.1510
CUDA_Naive,CUDA,2000,2000,32,8,1,8,,75,2,0.001002,0.000000,0.00e+00,255.4832,0.0000
CUDA_Naive,CUDA,2000,2000,32,8,1,8,,75,3,0.001004,0.000000,0.00e+00,255.0317,0.0000
CUDA_Opt2D,CUDA,2000,2000,32,8,1,8,,75,1,0.001002,0.030247,1.45e-06,255.3767,30.1738
CUDA_Opt2D,CUDA,2000,2000,32,8,1,8,,75,2,0.001003,0.000000,0.00e+00,255.3312,0.0000
CUDA_Opt2D,CUDA,2000,2000,32,8,1,8,,75,3,0.001001,0.000000,0.00e+00,255.6570,0.0000
CUDA_Tiled,CUDA,2000,2000,32,8,1,8,,75,1,0.001016,0.034346,1.45e-06,251.9173,33.7978
CUDA_Tiled,CUDA,2000,2000,32,8,1,8,,75,2,0.001022,0.000000,0.00e+00,250.3958,0.0000
CUDA_Tiled,CUDA,2000,2000,32,8,1,8,,75,3,0.001017,0.000000,0.00e+00,251.7422,0.0000
CUDA_WarpRow,CUDA,2000,2000,32,8,1,8,,75,1,0.001002,0.029872,1.45e-06,255.4681,29.8095
CUDA_WarpRow,CUDA,2000,2000,32,8,1,8,,75,2,0.001003,0.000000,0.00e+00,255.2904,0.0000
CUDA_WarpRow,CUDA,2000,2000,32,8,1,8,,75,3,0.000994,0.000000,0.00e+00,257.5847,0.0000
CUDA_Transposed,CUDA,2000,2000,32,8,1,8,,75,1,0.001117,0.029930,1.45e-06,229.1337,26.7893
CUDA_Transposed,CUDA,2000,2000,32,8,1,8,,75,2,0.001121,0.000000,0.00e+00,228.3025,0.0000
CUDA_Transposed,CUDA,2000,2000,32,8,1,8,,75,3,0.001117,0.000000,0.00e+00,229.2048,0.0000
CUDA_Naive,CUDA,2000,2000,64,8,1,8,,75,1,0.001218,0.059951,1.44e-06,420.4609,49.2322
CUDA_Naive,CUDA,2000,2000,64,8,1,8,,75,2,0.001218,0.000000,0.00e+00,420.5328,0.0000
CUDA_Naive,CUDA,2000,2000,64,8,1,8,,75,3,0.001218,0.000000,0.00e+00,420.3906,0.0000
CUDA_Opt2D,CUDA,2000,2000,64,8,1,8,,75,1,0.001218,0.060947,1.44e-06,420.4446,50.0487
CUDA_Opt2D,CUDA,2000,2000,64,8,1,8,,75,2,0.001217,0.000000,0.00e+00,420.8344,0.0000
CUDA_Opt2D,CUDA,2000,2000,64,8,1,8,,75,3,0.001218,0.000000,0.00e+00,420.4812,0.0000
CUDA_Tiled,CUDA,2000,2000,64,8,1,8,,75,1,0.001155,0.055435,1.44e-06,443.2116,47.9868
CUDA_Tiled,CUDA,2000,2000,64,8,1,8,,75,2,0.001156,0.000000,0.00e+00,443.0649,0.0000
CUDA_Tiled,CUDA,2000,2000,64,8,1,8,,75,3,0.001156,0.000000,0.00e+00,442.9304,0.0000
CUDA_WarpRow,CUDA,2000,2000,64,8,1,8,,75,1,0.001258,0.061135,1.44e-06,406.9230,48.5881
CUDA_WarpRow,CUDA,2000,2000,64,8,1,8,,75,2,0.001257,0.000000,0.00e+00,407.4233,0.0000
CUDA_WarpRow,CUDA,2000,2000,64,8,1,8,,75,3,0.001258,0.000000,0.00e+00,407.1311,0.0000
CUDA_Transposed,CUDA,2000,2000,64,8,1,8,,75,1,0.001283,0.057515,1.44e-06,399.0523,44.8272
CUDA_Transposed,CUDA,2000,2000,64,8,1,8,,75,2,0.001284,0.000000,0.00e+00,398.6956,0.0000
CUDA_Transposed,CUDA,2000,2000,64,8,1,8,,75,3,0.001284,0.000000,0.00e+00,398.6525,0.0000
CUDA_Naive,CUDA,2000,2000,128,8,1,8,,75,1,0.001647,0.107384,1.53e-06,621.8435,65.2107
CUDA_Naive,CUDA,2000,2000,128,8,1,8,,75,2,0.001647,0.000000,0.00e+00,621.8412,0.0000
CUDA_Naive,CUDA,2000,2000,128,8,1,8,,75,3,0.001646,0.000000,0.00e+00,622.0193,0.0000
CUDA_Opt2D,CUDA,2000,2000,128,8,1,8,,75,1,0.001646,0.114185,1.53e-06,622.0180,69.3607
CUDA_Opt2D,CUDA,2000,2000,128,8,1,8,,75,2,0.001647,0.000000,0.00e+00,621.8927,0.0000
CUDA_Opt2D,CUDA,2000,2000,128,8,1,8,,75,3,0.001645,0.000000,0.00e+00,622.3572,0.0000
CUDA_Tiled,CUDA,2000,2000,128,8,1,8,,75,1,0.001533,0.111080,1.53e-06,668.0744,72.4702
CUDA_Tiled,CUDA,2000,2000,128,8,1,8,,75,2,0.001543,0.000000,0.00e+00,663.5271,0.0000
CUDA_Tiled,CUDA,2000,2000,128,8,1,8,,75,3,0.001544,0.000000,0.00e+00,663.1737,0.0000
CUDA_WarpRow,CUDA,2000,2000,128,8,1,8,,75,1,0.001752,0.104347,1.53e-06,584.4882,59.5599
CUDA_WarpRow,CUDA,2000,2000,128,8,1,8,,75,2,0.001762,0.000000,0.00e+00,581.1795,0.0000
CUDA_WarpRow,CUDA,2000,2000,128,8,1,8,,75,3,0.001761,0.000000,0.00e+00,581.4991,0.0000
CUDA_Transposed,CUDA,2000,2000,128,8,1,8,,75,1,0.001774,0.114059,1.53e-06,577.2334,64.2956
CUDA_Transposed,CUDA,2000,2000,128,8,1,8,,75,2,0.001784,0.000000,0.00e+00,573.9406,0.0000
CUDA_Transposed,CUDA,2000,2000,128,8,1,8,,75,3,0.001783,0.000000,0.00e+00,574.2030,0.0000
CUDA_Naive,CUDA,2000,4000,3,8,1,8,,75,1,0.001260,0.027456,5.99e-06,38.1021,21.7943
CUDA_Naive,CUDA,2000,4000,3,8,1,8,,75,2,0.001260,0.000000,0.00e+00,38.1016,0.0000
CUDA_Naive,CUDA,2000,4000,3,8,1,8,,75,3,0.001260,0.000000,0.00e+00,38.0933,0.0000
CUDA_Opt2D,CUDA,2000,4000,3,8,1,8,,75,1,0.001260,0.028010,5.99e-06,38.1060,22.2365
CUDA_Opt2D,CUDA,2000,4000,3,8,1,8,,75,2,0.001262,0.000000,0.00e+00,38.0426,0.0000
CUDA_Opt2D,CUDA,2000,4000,3,8,1,8,,75,3,0.001258,0.000000,0.00e+00,38.1473,0.0000
CUDA_Tiled,CUDA,2000,4000,3,8,1,8,,75,1,0.001266,0.028262,5.99e-06,37.9066,22.3189
CUDA_Tiled,CUDA,2000,4000,3,8,1,8,,75,2,0.001267,0.000000,0.00e+00,37.8965,0.0000
CUDA_Tiled,CUDA,2000,4000,3,8,1,8,,75,3,0.001268,0.000000,0.00e+00,37.8629,0.0000
CUDA_WarpRow,CUDA,2000,4000,3,8,1,8,,75,1,0.001257,0.027804,5.99e-06,38.1774,22.1145
CUDA_WarpRow,CUDA,2000,4000,3,8,1,8,,75,2,0.001262,0.000000,0.00e+00,38.0295,0.0000
CUDA_WarpRow,CUDA,2000,4000,3,8,1,8,,75,3,0.001248,0.000000,0.00e+00,38.4757,0.0000
CUDA_Transposed,CUDA,2000,4000,3,8,1,8,,75,1,0.001121,0.027999,5.99e-06,42.8228,24.9793
CUDA_Transposed,CUDA,2000,4000,3,8,1,8,,75,2,0.001126,0.000000,0.00e+00,42.6335,0.0000
CUDA_Transposed,CUDA,2000,4000,3,8,1,8,,75,3,0.001127,0.000000,0.00e+00,42.5781,0.0000
CUDA_Naive,CUDA,2000,4000,6,8,1,8,,75,1,0.001264,0.036272,2.44e-06,75.9525,28.6973
CUDA_Naive,CUDA,2000,4000,6,8,1,8,,75,2,0.001256,0.000000,0.00e+00,76.4173,0.0000
CUDA_Naive,CUDA,2000,4000,6,8,1,8,,75,3,0.001263,0.000000,0.00e+00,75.9838,0.0000
CUDA_Opt2D,CUDA,2000,4000,6,8,1,8,,75,1,0.001270,0.036778,2.44e-06,75.6096,28.9664
CUDA_Opt2D,CUDA,2000,4000,6,8,1,8,,75,2,0.001266,0.000000,0.00e+00,75.8078,0.0000
CUDA_Opt2D,CUDA,2000,4000,6,8,1,8,,75,3,0.001264,0.000000,0.00e+00,75.9232,0.0000
CUDA_Tiled,CUDA,2000,4000,6,8,1,8,,75,1,0.001268,0.035990,2.44e-06,75.7146,28.3850
CUDA_Tiled,CUDA,2000,4000,6,8,1,8,,75,2,0.001268,0.000000,0.00e+00,75.7286,0.0000
CUDA_Tiled,CUDA,2000,4000,6,8,1,8,,75,3,0.001266,0.000000,0.00e+00,75.8115,0.0000
CUDA_WarpRow,CUDA,2000,4000,6,8,1,8,,75,1,0.001261,0.039133,2.44e-06,76.1455,31.0392
CUDA_WarpRow,CUDA,2000,4000,6,8,1,8,,75,2,0.001261,0.000000,0.00e+00,76.1539,0.0000
CUDA_WarpRow,CUDA,2000,4000,6,8,1,8,,75,3,0.001260,0.000000,0.00e+00,76.1700,0.0000
CUDA_Transposed,CUDA,2000,4000,6,8,1,8,,75,1,0.001132,0.039934,2.44e-06,84.7874,35.2696
CUDA_Transposed,CUDA,2000,4000,6,8,1,8,,75,2,0.001133,0.000000,0.00e+00,84.7583,0.0000
CUDA_Transposed,CUDA,2000,4000,6,8,1,8,,75,3,0.001122,0.000000,0.00e+00,85.5373,0.0000
CUDA_Naive,CUDA,2000,4000,8,8,1,8,,75,1,0.001256,0.027188,3.40e-06,101.9129,21.6466
CUDA_Naive,CUDA,2000,4000,8,8,1,8,,75,2,0.001271,0.000000,0.00e+00,100.7290,0.0000
CUDA_Naive,CUDA,2000,4000,8,8,1,8,,75,3,0.001256,0.000000,0.00e+00,101.9355,0.0000
CUDA_Opt2D,CUDA,2000,4000,8,8,1,8,,75,1,0.001267,0.027949,3.40e-06,101.0006,22.0535
CUDA_Opt2D,CUDA,2000,4000,8,8,1,8,,75,2,0.001256,0.000000,0.00e+00,101.8778,0.0000
CUDA_Opt2D,CUDA,2000,4000,8,8,1,8,,75,3,0.001266,0.000000,0.00e+00,101.1321,0.0000
CUDA_Tiled,CUDA,2000,4000,8,8,1,8,,75,1,0.001269,0.027762,3.40e-06,100.8600,21.8756
CUDA_Tiled,CUDA,2000,4000,8,8,1,8,,75,2,0.001260,0.000000,0.00e+00,101.6111,0.0000
CUDA_Tiled,CUDA,2000,4000,8,8,1,8,,75,3,0.001267,0.000000,0.00e+00,100.9953,0.0000
CUDA_WarpRow,CUDA,2000,4000,8,8,1,8,,75,1,0.001264,0.027794,3.40e-06,101.2523,21.9856
CUDA_WarpRow,CUDA,2000,4000,8,8,1,8,,75,2,0.001264,0.000000,0.00e+00,101.2678,0.0000
CUDA_WarpRow,CUDA,2000,4000,8,8,1,8,,75,3,0.001263,0.000000,0.00e+00,101.3854,0.0000
CUDA_Transposed,CUDA,2000,4000,8,8,1,8,,75,1,0.001131,0.027759,3.40e-06,113.1501,24.5384
CUDA_Transposed,CUDA,2000,4000,8,8,1,8,,75,2,0.001143,0.000000,0.00e+00,111.9420,0.0000
CUDA_Transposed,CUDA,2000,4000,8,8,1,8,,75,3,0.001143,0.000000,0.00e+00,112.0350,0.0000
CUDA_Naive,CUDA,2000,4000,20,8,1,8,,75,1,0.001276,0.044276,2.64e-06,250.7211,34.6904
CUDA_Naive,CUDA,2000,4000,20,8,1,8,,75,2,0.001267,0.000000,0.00e+00,252.5071,0.0000
CUDA_Naive,CUDA,2000,4000,20,8,1,8,,75,3,0.001274,0.000000,0.00e+00,251.2229,0.0000
CUDA_Opt2D,CUDA,2000,4000,20,8,1,8,,75,1,0.001276,0.045325,2.64e-06,250.7960,35.5229
CUDA_Opt2D,CUDA,2000,4000,20,8,1,8,,75,2,0.001267,0.000000,0.00e+00,252.6642,0.0000
CUDA_Opt2D,CUDA,2000,4000,20,8,1,8,,75,3,0.001277,0.000000,0.00e+00,250.6002,0.0000
CUDA_Tiled,CUDA,2000,4000,20,8,1,8,,75,1,0.001271,0.044654,2.64e-06,251.7921,35.1361
CUDA_Tiled,CUDA,2000,4000,20,8,1,8,,75,2,0.001272,0.000000,0.00e+00,251.5877,0.0000
CUDA_Tiled,CUDA,2000,4000,20,8,1,8,,75,3,0.001269,0.000000,0.00e+00,252.0852,0.0000
CUDA_WarpRow,CUDA,2000,4000,20,8,1,8,,75,1,0.001274,0.045220,2.64e-06,251.1637,35.4923
CUDA_WarpRow,CUDA,2000,4000,20,8,1,8,,75,2,0.001274,0.000000,0.00e+00,251.1648,0.0000
CUDA_WarpRow,CUDA,2000,4000,20,8,1,8,,75,3,0.001273,0.000000,0.00e+00,251.3943,0.0000
CUDA_Transposed,CUDA,2000,4000,20,8,1,8,,75,1,0.001228,0.043567,2.64e-06,260.4946,35.4656
CUDA_Transposed,CUDA,2000,4000,20,8,1,8,,75,2,0.001238,0.000000,0.00e+00,258.4604,0.0000
CUDA_Transposed,CUDA,2000,4000,20,8,1,8,,75,3,0.001242,0.000000,0.00e+00,257.7047,0.0000
CUDA_Naive,CUDA,2000,4000,32,8,1,8,,75,1,0.001277,0.065706,2.63e-06,401.0434,51.4668
CUDA_Naive,CUDA,2000,4000,32,8,1,8,,75,2,0.001277,0.000000,0.00e+00,400.9879,0.0000
CUDA_Naive,CUDA,2000,4000,32,8,1,8,,75,3,0.001281,0.000000,0.00e+00,399.7826,0.0000
CUDA_Opt2D,CUDA,2000,4000,32,8,1,8,,75,1,0.001277,0.065272,2.63e-06,400.9559,51.1158
CUDA_Opt2D,CUDA,2000,4000,32,8,1,8,,75,2,0.001278,0.000000,0.00e+00,400.7148,0.0000
CUDA_Opt2D,CUDA,2000,4000,32,8,1,8,,75,3,0.001281,0.000000,0.00e+00,399.6402,0.0000
CUDA_Tiled,CUDA,2000,4000,32,8,1,8,,75,1,0.001272,0.059816,2.63e-06,402.6469,47.0406
CUDA_Tiled,CUDA,2000,4000,32,8,1,8,,75,2,0.001266,0.000000,0.00e+00,404.5811,0.0000
CUDA_Tiled,CUDA,2000,4000,32,8,1,8,,75,3,0.001275,0.000000,0.00e+00,401.6195,0.0000
CUDA_WarpRow,CUDA,2000,4000,32,8,1,8,,75,1,0.001273,0.065912,2.63e-06,402.1584,51.7719
CUDA_WarpRow,CUDA,2000,4000,32,8,1,8,,75,2,0.001273,0.000000,0.00e+00,402.2360,0.0000
CUDA_WarpRow,CUDA,2000,4000,32,8,1,8,,75,3,0.001278,0.000000,0.00e+00,400.6308,0.0000
CUDA_Transposed,CUDA,2000,4000,32,8,1,8,,75,1,0.001485,0.060743,2.63e-06,344.7038,40.8955
CUDA_Transposed,CUDA,2000,4000,32,8,1,8,,75,2,0.001495,0.000000,0.00e+00,342.5309,0.0000
CUDA_Transposed,CUDA,2000,4000,32,8,1,8,,75,3,0.001496,0.000000,0.00e+00,342.2310,0.0000
CUDA_Naive,CUDA,2000,4000,64,8,1,8,,75,1,0.001705,0.125026,3.17e-06,600.5279,73.3221
CUDA_Naive,CUDA,2000,4000,64,8,1,8,,75,2,0.001710,0.000000,0.00e+00,598.7672,0.0000
CUDA_Naive,CUDA,2000,4000,64,8,1,8,,75,3,0.001711,0.000000,0.00e+00,598.5869,0.0000
CUDA_Opt2D,CUDA,2000,4000,64,8,1,8,,75,1,0.001701,0.126094,3.17e-06,601.9692,74.1255
CUDA_Opt2D,CUDA,2000,4000,64,8,1,8,,75,2,0.001709,0.000000,0.00e+00,599.2446,0.0000
CUDA_Opt2D,CUDA,2000,4000,64,8,1,8,,75,3,0.001710,0.000000,0.00e+00,598.6741,0.0000
CUDA_Tiled,CUDA,2000,4000,64,8,1,8,,75,1,0.001553,0.118979,3.17e-06,659.2966,76.6037
CUDA_Tiled,CUDA,2000,4000,64,8,1,8,,75,2,0.001548,0.000000,0.00e+00,661.3916,0.0000
CUDA_Tiled,CUDA,2000,4000,64,8,1,8,,75,3,0.001549,0.000000,0.00e+00,661.1896,0.0000
CUDA_WarpRow,CUDA,2000,4000,64,8,1,8,,75,1,0.001778,0.126202,3.17e-06,575.7951,70.9635
CUDA_WarpRow,CUDA,2000,4000,64,8,1,8,,75,2,0.001774,0.000000,0.00e+00,577.0825,0.0000
CUDA_WarpRow,CUDA,2000,4000,64,8,1,8,,75,3,0.001776,0.000000,0.00e+00,576.5018,0.0000
CUDA_Transposed,CUDA,2000,4000,64,8,1,8,,75,1,0.001863,0.116457,3.17e-06,549.6875,62.5144
CUDA_Transposed,CUDA,2000,4000,64,8,1,8,,75,2,0.001862,0.000000,0.00e+00,549.7997,0.0000
CUDA_Transposed,CUDA,2000,4000,64,8,1,8,,75,3,0.001860,0.000000,0.00e+00,550.6805,0.0000
CUDA_Naive,CUDA,2000,4000,128,8,1,8,,75,1,0.002554,0.212442,3.32e-06,801.8293,83.1750
CUDA_Naive,CUDA,2000,4000,128,8,1,8,,75,2,0.002567,0.000000,0.00e+00,797.8001,0.0000
CUDA_Naive,CUDA,2000,4000,128,8,1,8,,75,3,0.002554,0.000000,0.00e+00,801.9360,0.0000
CUDA_Opt2D,CUDA,2000,4000,128,8,1,8,,75,1,0.002562,0.229364,3.32e-06,799.3767,89.5257
CUDA_Opt2D,CUDA,2000,4000,128,8,1,8,,75,2,0.002566,0.000000,0.00e+00,798.1888,0.0000
CUDA_Opt2D,CUDA,2000,4000,128,8,1,8,,75,3,0.002562,0.000000,0.00e+00,799.2271,0.0000
CUDA_Tiled,CUDA,2000,4000,128,8,1,8,,75,1,0.002327,0.211587,3.32e-06,880.2683,90.9441
CUDA_Tiled,CUDA,2000,4000,128,8,1,8,,75,2,0.002313,0.000000,0.00e+00,885.3988,0.0000
CUDA_Tiled,CUDA,2000,4000,128,8,1,8,,75,3,0.002323,0.000000,0.00e+00,881.7530,0.0000
CUDA_WarpRow,CUDA,2000,4000,128,8,1,8,,75,1,0.002763,0.219446,3.32e-06,741.2534,79.4262
CUDA_WarpRow,CUDA,2000,4000,128,8,1,8,,75,2,0.002765,0.000000,0.00e+00,740.6622,0.0000
CUDA_WarpRow,CUDA,2000,4000,128,8,1,8,,75,3,0.002765,0.000000,0.00e+00,740.6080,0.0000
CUDA_Transposed,CUDA,2000,4000,128,8,1,8,,75,1,0.002899,0.214462,3.32e-06,706.5095,73.9840
CUDA_Transposed,CUDA,2000,4000,128,8,1,8,,75,2,0.002898,0.000000,0.00e+00,706.5932,0.0000
CUDA_Transposed,CUDA,2000,4000,128,8,1,8,,75,3,0.002894,0.000000,0.00e+00,707.6524,0.0000
CUDA_Naive,CUDA,4000,2000,3,8,1,8,,75,1,0.001211,0.027910,2.79e-06,39.6256,23.0405
CUDA_Naive,CUDA,4000,2000,3,8,1,8,,75,2,0.001208,0.000000,0.00e+00,39.7493,0.0000
CUDA_Naive,CUDA,4000,2000,3,8,1,8,,75,3,0.001209,0.000000,0.00e+00,39.6993,0.0000
CUDA_Opt2D,CUDA,4000,2000,3,8,1,8,,75,1,0.001210,0.027296,2.79e-06,39.6735,22.5609
CUDA_Opt2D,CUDA,4000,2000,3,8,1,8,,75,2,0.001209,0.000000,0.00e+00,39.6860,0.0000
CUDA_Opt2D,CUDA,4000,2000,3,8,1,8,,75,3,0.001209,0.000000,0.00e+00,39.6927,0.0000
CUDA_Tiled,CUDA,4000,2000,3,8,1,8,,75,1,0.001154,0.028145,2.79e-06,41.6055,24.3954
CUDA_Tiled,CUDA,4000,2000,3,8,1,8,,75,2,0.001154,0.000000,0.00e+00,41.5863,0.0000
CUDA_Tiled,CUDA,4000,2000,3,8,1,8,,75,3,0.001155,0.000000,0.00e+00,41.5620,0.0000
CUDA_WarpRow,CUDA,4000,2000,3,8,1,8,,75,1,0.001209,0.027999,2.79e-06,39.7074,23.1615
CUDA_WarpRow,CUDA,4000,2000,3,8,1,8,,75,2,0.001209,0.000000,0.00e+00,39.6965,0.0000
CUDA_WarpRow,CUDA,4000,2000,3,8,1,8,,75,3,0.001208,0.000000,0.00e+00,39.7227,0.0000
CUDA_Transposed,CUDA,4000,2000,3,8,1,8,,75,1,0.001052,0.027348,2.79e-06,45.6248,25.9952
CUDA_Transposed,CUDA,4000,2000,3,8,1,8,,75,2,0.001042,0.000000,0.00e+00,46.0609,0.0000
CUDA_Transposed,CUDA,4000,2000,3,8,1,8,,75,3,0.001053,0.000000,0.00e+00,45.5809,0.0000
CUDA_Naive,CUDA,4000,2000,6,8,1,8,,75,1,0.001213,0.036312,1.56e-06,79.1456,29.9365
CUDA_Naive,CUDA,4000,2000,6,8,1,8,,75,2,0.001215,0.000000,0.00e+00,79.0317,0.0000
CUDA_Naive,CUDA,4000,2000,6,8,1,8,,75,3,0.001214,0.000000,0.00e+00,79.0670,0.0000
CUDA_Opt2D,CUDA,4000,2000,6,8,1,8,,75,1,0.001214,0.036218,1.56e-06,79.0961,29.8404
CUDA_Opt2D,CUDA,4000,2000,6,8,1,8,,75,2,0.001214,0.000000,0.00e+00,79.0864,0.0000
CUDA_Opt2D,CUDA,4000,2000,6,8,1,8,,75,3,0.001214,0.000000,0.00e+00,79.0971,0.0000
CUDA_Tiled,CUDA,4000,2000,6,8,1,8,,75,1,0.001155,0.036435,1.56e-06,83.1028,31.5404
CUDA_Tiled,CUDA,4000,2000,6,8,1,8,,75,2,0.001156,0.000000,0.00e+00,83.0317,0.0000
CUDA_Tiled,CUDA,4000,2000,6,8,1,8,,75,3,0.001154,0.000000,0.00e+00,83.1924,0.0000
CUDA_WarpRow,CUDA,4000,2000,6,8,1,8,,75,1,0.001213,0.039115,1.56e-06,79.1357,32.2437
CUDA_WarpRow,CUDA,4000,2000,6,8,1,8,,75,2,0.001212,0.000000,0.00e+00,79.2041,0.0000
CUDA_WarpRow,CUDA,4000,2000,6,8,1,8,,75,3,0.001214,0.000000,0.00e+00,79.1035,0.0000
CUDA_Transposed,CUDA,4000,2000,6,8,1,8,,75,1,0.001055,0.038228,1.56e-06,91.0054,36.2391
CUDA_Transposed,CUDA,4000,2000,6,8,1,8,,75,2,0.001055,0.000000,0.00e+00,91.0019,0.0000
CUDA_Transposed,CUDA,4000,2000,6,8,1,8,,75,3,0.001060,0.000000,0.00e+00,90.5264,0.0000
CUDA_Naive,CUDA,4000,2000,8,8,1,8,,75,1,0.001216,0.027937,1.08e-06,105.2670,22.9756
CUDA_Naive,CUDA,4000,2000,8,8,1,8,,75,2,0.001215,0.000000,0.00e+00,105.3119,0.0000
CUDA_Naive,CUDA,4000,2000,8,8,1,8,,75,3,0.001214,0.000000,0.00e+00,105.4592,0.0000
CUDA_Opt2D,CUDA,4000,2000,8,8,1,8,,75,1,0.001216,0.027889,1.08e-06,105.2616,22.9348
CUDA_Opt2D,CUDA,4000,2000,8,8,1,8,,75,2,0.001215,0.000000,0.00e+00,105.3084,0.0000
CUDA_Opt2D,CUDA,4000,2000,8,8,1,8,,75,3,0.001206,0.000000,0.00e+00,106.1085,0.0000
CUDA_Tiled,CUDA,4000,2000,8,8,1,8,,75,1,0.001156,0.027939,1.08e-06,110.7700,24.1780
CUDA_Tiled,CUDA,4000,2000,8,8,1,8,,75,2,0.001155,0.000000,0.00e+00,110.8414,0.0000
CUDA_Tiled,CUDA,4000,2000,8,8,1,8,,75,3,0.001155,0.000000,0.00e+00,110.8347,0.0000
CUDA_WarpRow,CUDA,4000,2000,8,8,1,8,,75,1,0.001204,0.027056,1.08e-06,106.2763,22.4641
CUDA_WarpRow,CUDA,4000,2000,8,8,1,8,,75,2,0.001214,0.000000,0.00e+00,105.4464,0.0000
CUDA_WarpRow,CUDA,4000,2000,8,8,1,8,,75,3,0.001215,0.000000,0.00e+00,105.3844,0.0000
CUDA_Transposed,CUDA,4000,2000,8,8,1,8,,75,1,0.001081,0.027939,1.08e-06,118.3585,25.8345
CUDA_Transposed,CUDA,4000,2000,8,8,1,8,,75,2,0.001068,0.000000,0.00e+00,119.8958,0.0000
CUDA_Transposed,CUDA,4000,2000,8,8,1,8,,75,3,0.001067,0.000000,0.00e+00,119.9949,0.0000
CUDA_Naive,CUDA,4000,2000,20,8,1,8,,75,1,0.001222,0.043694,1.48e-06,261.8882,35.7593
CUDA_Naive,CUDA,4000,2000,20,8,1,8,,75,2,0.001222,0.000000,0.00e+00,261.7939,0.0000
CUDA_Naive,CUDA,4000,2000,20,8,1,8,,75,3,0.001221,0.000000,0.00e+00,262.0378,0.0000
CUDA_Opt2D,CUDA,4000,2000,20,8,1,8,,75,1,0.001221,0.043369,1.48e-06,261.9934,35.5074
CUDA_Opt2D,CUDA,4000,2000,20,8,1,8,,75,2,0.001222,0.000000,0.00e+00,261.9373,0.0000
CUDA_Opt2D,CUDA,4000,2000,20,8,1,8,,75,3,0.001222,0.000000,0.00e+00,261.9221,0.0000
CUDA_Tiled,CUDA,4000,2000,20,8,1,8,,75,1,0.001158,0.044539,1.48e-06,276.3670,38.4657
CUDA_Tiled,CUDA,4000,2000,20,8,1,8,,75,2,0.001158,0.000000,0.00e+00,276.4407,0.0000
CUDA_Tiled,CUDA,4000,2000,20,8,1,8,,75,3,0.001158,0.000000,0.00e+00,276.3647,0.0000
CUDA_WarpRow,CUDA,4000,2000,20,8,1,8,,75,1,0.001221,0.045366,1.48e-06,262.1514,37.1650
CUDA_WarpRow,CUDA,4000,2000,20,8,1,8,,75,2,0.001222,0.000000,0.00e+00,261.9552,0.0000
CUDA_WarpRow,CUDA,4000,2000,20,8,1,8,,75,3,0.001220,0.000000,0.00e+00,262.2038,0.0000
CUDA_Transposed,CUDA,4000,2000,20,8,1,8,,75,1,0.001112,0.043576,1.48e-06,287.8117,39.1928
CUDA_Transposed,CUDA,4000,2000,20,8,1,8,,75,2,0.001113,0.000000,0.00e+00,287.6250,0.0000
CUDA_Transposed,CUDA,4000,2000,20,8,1,8,,75,3,0.001121,0.000000,0.00e+00,285.3833,0.0000
CUDA_Naive,CUDA,4000,2000,32,8,1,8,,75,1,0.001219,0.061377,1.45e-06,420.1615,50.3673
CUDA_Naive,CUDA,4000,2000,32,8,1,8,,75,2,0.001210,0.000000,0.00e+00,423.1966,0.0000
CUDA_Naive,CUDA,4000,2000,32,8,1,8,,75,3,0.001219,0.000000,0.00e+00,419.9355,0.0000
CUDA_Opt2D,CUDA,4000,2000,32,8,1,8,,75,1,0.001218,0.059780,1.45e-06,420.3143,49.0748
CUDA_Opt2D,CUDA,4000,2000,32,8,1,8,,75,2,0.001219,0.000000,0.00e+00,420.0132,0.0000
CUDA_Opt2D,CUDA,4000,2000,32,8,1,8,,75,3,0.001218,0.000000,0.00e+00,420.4757,0.0000
CUDA_Tiled,CUDA,4000,2000,32,8,1,8,,75,1,0.001161,0.062270,1.45e-06,441.0294,53.6387
CUDA_Tiled,CUDA,4000,2000,32,8,1,8,,75,2,0.001160,0.000000,0.00e+00,441.2007,0.0000
CUDA_Tiled,CUDA,4000,2000,32,8,1,8,,75,3,0.001161,0.000000,0.00e+00,441.1024,0.0000
CUDA_WarpRow,CUDA,4000,2000,32,8,1,8,,75,1,0.001217,0.065954,1.45e-06,420.6099,54.1815
CUDA_WarpRow,CUDA,4000,2000,32,8,1,8,,75,2,0.001217,0.000000,0.00e+00,420.6187,0.0000
CUDA_WarpRow,CUDA,4000,2000,32,8,1,8,,75,3,0.001209,0.000000,0.00e+00,423.5221,0.0000
CUDA_Transposed,CUDA,4000,2000,32,8,1,8,,75,1,0.001310,0.071517,1.45e-06,390.8575,54.5957
CUDA_Transposed,CUDA,4000,2000,32,8,1,8,,75,2,0.001309,0.000000,0.00e+00,391.2344,0.0000
CUDA_Transposed,CUDA,4000,2000,32,8,1,8,,75,3,0.001309,0.000000,0.00e+00,391.2671,0.0000
CUDA_Naive,CUDA,4000,2000,64,8,1,8,,75,1,0.001648,0.122823,1.44e-06,621.3164,74.5231
CUDA_Naive,CUDA,4000,2000,64,8,1,8,,75,2,0.001648,0.000000,0.00e+00,621.3014,0.0000
CUDA_Naive,CUDA,4000,2000,64,8,1,8,,75,3,0.001639,0.000000,0.00e+00,624.8504,0.0000
CUDA_Opt2D,CUDA,4000,2000,64,8,1,8,,75,1,0.001648,0.113770,1.44e-06,621.2094,69.0188
CUDA_Opt2D,CUDA,4000,2000,64,8,1,8,,75,2,0.001649,0.000000,0.00e+00,620.8839,0.0000
CUDA_Opt2D,CUDA,4000,2000,64,8,1,8,,75,3,0.001647,0.000000,0.00e+00,621.5496,0.0000
CUDA_Tiled,CUDA,4000,2000,64,8,1,8,,75,1,0.001543,0.117349,1.44e-06,663.6764,76.0565
CUDA_Tiled,CUDA,4000,2000,64,8,1,8,,75,2,0.001535,0.000000,0.00e+00,667.3140,0.0000
CUDA_Tiled,CUDA,4000,2000,64,8,1,8,,75,3,0.001545,0.000000,0.00e+00,662.7280,0.0000
CUDA_WarpRow,CUDA,4000,2000,64,8,1,8,,75,1,0.001690,0.105567,1.44e-06,606.0214,62.4762
CUDA_WarpRow,CUDA,4000,2000,64,8,1,8,,75,2,0.001689,0.000000,0.00e+00,606.3848,0.0000
CUDA_WarpRow,CUDA,4000,2000,64,8,1,8,,75,3,0.001690,0.000000,0.00e+00,606.0347,0.0000
CUDA_Transposed,CUDA,4000,2000,64,8,1,8,,75,1,0.001834,0.118162,1.44e-06,558.2498,64.4179
CUDA_Transposed,CUDA,4000,2000,64,8,1,8,,75,2,0.001838,0.000000,0.00e+00,557.2086,0.0000
CUDA_Transposed,CUDA,4000,2000,64,8,1,8,,75,3,0.001838,0.000000,0.00e+00,557.2265,0.0000
CUDA_Naive,CUDA,4000,2000,128,8,1,8,,75,1,0.002527,0.204147,1.53e-06,810.4893,80.7907
CUDA_Naive,CUDA,4000,2000,128,8,1,8,,75,2,0.002541,0.000000,0.00e+00,805.9092,0.0000
CUDA_Naive,CUDA,4000,2000,128,8,1,8,,75,3,0.002535,0.000000,0.00e+00,807.7553,0.0000
CUDA_Opt2D,CUDA,4000,2000,128,8,1,8,,75,1,0.002536,0.224472,1.53e-06,807.7143,88.5300
CUDA_Opt2D,CUDA,4000,2000,128,8,1,8,,75,2,0.002541,0.000000,0.00e+00,805.9361,0.0000
CUDA_Opt2D,CUDA,4000,2000,128,8,1,8,,75,3,0.002540,0.000000,0.00e+00,806.1810,0.0000
CUDA_Tiled,CUDA,4000,2000,128,8,1,8,,75,1,0.002216,0.214902,1.53e-06,924.0671,96.9646
CUDA_Tiled,CUDA,4000,2000,128,8,1,8,,75,2,0.002206,0.000000,0.00e+00,928.2168,0.0000
CUDA_Tiled,CUDA,4000,2000,128,8,1,8,,75,3,0.002217,0.000000,0.00e+00,923.6567,0.0000
CUDA_WarpRow,CUDA,4000,2000,128,8,1,8,,75,1,0.002586,0.202262,1.53e-06,791.8462,78.2032
CUDA_WarpRow,CUDA,4000,2000,128,8,1,8,,75,2,0.002585,0.000000,0.00e+00,792.2487,0.0000
CUDA_WarpRow,CUDA,4000,2000,128,8,1,8,,75,3,0.002587,0.000000,0.00e+00,791.5785,0.0000
CUDA_Transposed,CUDA,4000,2000,128,8,1,8,,75,1,0.002742,0.226092,1.53e-06,746.8183,82.4461
CUDA_Transposed,CUDA,4000,2000,128,8,1,8,,75,2,0.002744,0.000000,0.00e+00,746.4607,0.0000
CUDA_Transposed,CUDA,4000,2000,128,8,1,8,,75,3,0.002744,0.000000,0.00e+00,746.3990,0.0000
CUDA_Naive,CUDA,6000,2000,3,8,1,8,,75,1,0.001418,0.041684,2.79e-06,50.7696,29.3927
CUDA_Naive,CUDA,6000,2000,3,8,1,8,,75,2,0.001419,0.000000,0.00e+00,50.7362,0.0000
CUDA_Naive,CUDA,6000,2000,3,8,1,8,,75,3,0.001413,0.000000,0.00e+00,50.9631,0.0000
CUDA_Opt2D,CUDA,6000,2000,3,8,1,8,,75,1,0.001417,0.041022,2.79e-06,50.8257,28.9577
CUDA_Opt2D,CUDA,6000,2000,3,8,1,8,,75,2,0.001418,0.000000,0.00e+00,50.7726,0.0000
CUDA_Opt2D,CUDA,6000,2000,3,8,1,8,,75,3,0.001420,0.000000,0.00e+00,50.7081,0.0000
CUDA_Tiled,CUDA,6000,2000,3,8,1,8,,75,1,0.001298,0.041096,2.79e-06,55.4856,31.6699
CUDA_Tiled,CUDA,6000,2000,3,8,1,8,,75,2,0.001297,0.000000,0.00e+00,55.5075,0.0000
CUDA_Tiled,CUDA,6000,2000,3,8,1,8,,75,3,0.001297,0.000000,0.00e+00,55.4995,0.0000
CUDA_WarpRow,CUDA,6000,2000,3,8,1,8,,75,1,0.001419,0.041263,2.79e-06,50.7566,29.0885
CUDA_WarpRow,CUDA,6000,2000,3,8,1,8,,75,2,0.001406,0.000000,0.00e+00,51.2134,0.0000
CUDA_WarpRow,CUDA,6000,2000,3,8,1,8,,75,3,0.001416,0.000000,0.00e+00,50.8604,0.0000
CUDA_Transposed,CUDA,6000,2000,3,8,1,8,,75,1,0.001143,0.041553,2.79e-06,63.0155,36.3674
CUDA_Transposed,CUDA,6000,2000,3,8,1,8,,75,2,0.001147,0.000000,0.00e+00,62.7773,0.0000
CUDA_Transposed,CUDA,6000,2000,3,8,1,8,,75,3,0.001143,0.000000,0.00e+00,62.9875,0.0000
CUDA_Naive,CUDA,6000,2000,6,8,1,8,,75,1,0.001421,0.054554,1.56e-06,101.3241,38.3866
CUDA_Naive,CUDA,6000,2000,6,8,1,8,,75,2,0.001423,0.000000,0.00e+00,101.1725,0.0000
CUDA_Naive,CUDA,6000,2000,6,8,1,8,,75,3,0.001426,0.000000,0.00e+00,101.0135,0.0000
CUDA_Opt2D,CUDA,6000,2000,6,8,1,8,,75,1,0.001421,0.054469,1.56e-06,101.3130,38.3224
CUDA_Opt2D,CUDA,6000,2000,6,8,1,8,,75,2,0.001422,0.000000,0.00e+00,101.2642,0.0000
CUDA_Opt2D,CUDA,6000,2000,6,8,1,8,,75,3,0.001422,0.000000,0.00e+00,101.2892,0.0000
CUDA_Tiled,CUDA,6000,2000,6,8,1,8,,75,1,0.001289,0.054521,1.56e-06,111.6712,42.2808
CUDA_Tiled,CUDA,6000,2000,6,8,1,8,,75,2,0.001302,0.000000,0.00e+00,110.6260,0.0000
CUDA_Tiled,CUDA,6000,2000,6,8,1,8,,75,3,0.001298,0.000000,0.00e+00,110.9699,0.0000
CUDA_WarpRow,CUDA,6000,2000,6,8,1,8,,75,1,0.001425,0.056942,1.56e-06,101.0789,39.9699
CUDA_WarpRow,CUDA,6000,2000,6,8,1,8,,75,2,0.001422,0.000000,0.00e+00,101.2849,0.0000
CUDA_WarpRow,CUDA,6000,2000,6,8,1,8,,75,3,0.001423,0.000000,0.00e+00,101.1657,0.0000
CUDA_Transposed,CUDA,6000,2000,6,8,1,8,,75,1,0.001157,0.058287,1.56e-06,124.4609,50.3783
CUDA_Transposed,CUDA,6000,2000,6,8,1,8,,75,2,0.001157,0.000000,0.00e+00,124.4870,0.0000
CUDA_Transposed,CUDA,6000,2000,6,8,1,8,,75,3,0.001157,0.000000,0.00e+00,124.5049,0.0000
CUDA_Naive,CUDA,6000,2000,8,8,1,8,,75,1,0.001427,0.041841,1.08e-06,134.5065,29.3122
CUDA_Naive,CUDA,6000,2000,8,8,1,8,,75,2,0.001430,0.000000,0.00e+00,134.2791,0.0000
CUDA_Naive,CUDA,6000,2000,8,8,1,8,,75,3,0.001424,0.000000,0.00e+00,134.8549,0.0000
CUDA_Opt2D,CUDA,6000,2000,8,8,1,8,,75,1,0.001414,0.040630,1.08e-06,135.7450,28.7255
CUDA_Opt2D,CUDA,6000,2000,8,8,1,8,,75,2,0.001426,0.000000,0.00e+00,134.6273,0.0000
CUDA_Opt2D,CUDA,6000,2000,8,8,1,8,,75,3,0.001429,0.000000,0.00e+00,134.3435,0.0000
CUDA_Tiled,CUDA,6000,2000,8,8,1,8,,75,1,0.001299,0.041150,1.08e-06,147.8156,31.6800
CUDA_Tiled,CUDA,6000,2000,8,8,1,8,,75,2,0.001301,0.000000,0.00e+00,147.5518,0.0000
CUDA_Tiled,CUDA,6000,2000,8,8,1,8,,75,3,0.001290,0.000000,0.00e+00,148.8762,0.0000
CUDA_WarpRow,CUDA,6000,2000,8,8,1,8,,75,1,0.001426,0.041899,1.08e-06,134.6466,29.3830
CUDA_WarpRow,CUDA,6000,2000,8,8,1,8,,75,2,0.001429,0.000000,0.00e+00,134.4050,0.0000
CUDA_WarpRow,CUDA,6000,2000,8,8,1,8,,75,3,0.001426,0.000000,0.00e+00,134.6749,0.0000
CUDA_Transposed,CUDA,6000,2000,8,8,1,8,,75,1,0.001177,0.040927,1.08e-06,163.1434,34.7763
CUDA_Transposed,CUDA,6000,2000,8,8,1,8,,75,2,0.001164,0.000000,0.00e+00,164.8960,0.0000
CUDA_Transposed,CUDA,6000,2000,8,8,1,8,,75,3,0.001173,0.000000,0.00e+00,163.6763,0.0000
CUDA_Naive,CUDA,6000,2000,20,8,1,8,,75,1,0.001432,0.067114,1.48e-06,335.1684,46.8632
CUDA_Naive,CUDA,6000,2000,20,8,1,8,,75,2,0.001432,0.000000,0.00e+00,335.1235,0.0000
CUDA_Naive,CUDA,6000,2000,20,8,1,8,,75,3,0.001432,0.000000,0.00e+00,335.1114,0.0000
CUDA_Opt2D,CUDA,6000,2000,20,8,1,8,,75,1,0.001432,0.067111,1.48e-06,335.0839,46.8498
CUDA_Opt2D,CUDA,6000,2000,20,8,1,8,,75,2,0.001432,0.000000,0.00e+00,335.3119,0.0000
CUDA_Opt2D,CUDA,6000,2000,20,8,1,8,,75,3,0.001432,0.000000,0.00e+00,335.1289,0.0000
CUDA_Tiled,CUDA,6000,2000,20,8,1,8,,75,1,0.001301,0.065590,1.48e-06,369.0369,50.4276
CUDA_Tiled,CUDA,6000,2000,20,8,1,8,,75,2,0.001302,0.000000,0.00e+00,368.7811,0.0000
CUDA_Tiled,CUDA,6000,2000,20,8,1,8,,75,3,0.001302,0.000000,0.00e+00,368.6858,0.0000
CUDA_WarpRow,CUDA,6000,2000,20,8,1,8,,75,1,0.001430,0.067576,1.48e-06,335.6352,47.2518
CUDA_WarpRow,CUDA,6000,2000,20,8,1,8,,75,2,0.001430,0.000000,0.00e+00,335.6035,0.0000
CUDA_WarpRow,CUDA,6000,2000,20,8,1,8,,75,3,0.001431,0.000000,0.00e+00,335.4570,0.0000
CUDA_Transposed,CUDA,6000,2000,20,8,1,8,,75,1,0.001252,0.065751,1.48e-06,383.3778,52.5160
CUDA_Transposed,CUDA,6000,2000,20,8,1,8,,75,2,0.001253,0.000000,0.00e+00,383.0491,0.0000
CUDA_Transposed,CUDA,6000,2000,20,8,1,8,,75,3,0.001250,0.000000,0.00e+00,384.1220,0.0000
CUDA_Naive,CUDA,6000,2000,32,8,1,8,,75,1,0.001428,0.106685,1.45e-06,537.6720,74.6892
CUDA_Naive,CUDA,6000,2000,32,8,1,8,,75,2,0.001429,0.000000,0.00e+00,537.3057,0.0000
CUDA_Naive,CUDA,6000,2000,32,8,1,8,,75,3,0.001429,0.000000,0.00e+00,537.5022,0.0000
CUDA_Opt2D,CUDA,6000,2000,32,8,1,8,,75,1,0.001427,0.091849,1.45e-06,538.1366,64.3584
CUDA_Opt2D,CUDA,6000,2000,32,8,1,8,,75,2,0.001428,0.000000,0.00e+00,537.9770,0.0000
CUDA_Opt2D,CUDA,6000,2000,32,8,1,8,,75,3,0.001429,0.000000,0.00e+00,537.4785,0.0000
CUDA_Tiled,CUDA,6000,2000,32,8,1,8,,75,1,0.001294,0.089829,1.45e-06,593.4719,69.4151
CUDA_Tiled,CUDA,6000,2000,32,8,1,8,,75,2,0.001303,0.000000,0.00e+00,589.5386,0.0000
CUDA_Tiled,CUDA,6000,2000,32,8,1,8,,75,3,0.001303,0.000000,0.00e+00,589.4388,0.0000
CUDA_WarpRow,CUDA,6000,2000,32,8,1,8,,75,1,0.001426,0.102706,1.45e-06,538.4116,72.0026
CUDA_WarpRow,CUDA,6000,2000,32,8,1,8,,75,2,0.001426,0.000000,0.00e+00,538.4742,0.0000
CUDA_WarpRow,CUDA,6000,2000,32,8,1,8,,75,3,0.001427,0.000000,0.00e+00,538.2636,0.0000
CUDA_Transposed,CUDA,6000,2000,32,8,1,8,,75,1,0.001514,0.092021,1.45e-06,507.3870,60.7948
CUDA_Transposed,CUDA,6000,2000,32,8,1,8,,75,2,0.001513,0.000000,0.00e+00,507.4936,0.0000
CUDA_Transposed,CUDA,6000,2000,32,8,1,8,,75,3,0.001514,0.000000,0.00e+00,507.3429,0.0000
CUDA_Naive,CUDA,6000,2000,64,8,1,8,,75,1,0.002104,0.157589,1.44e-06,730.1179,74.9077
CUDA_Naive,CUDA,6000,2000,64,8,1,8,,75,2,0.002105,0.000000,0.00e+00,729.8278,0.0000
CUDA_Naive,CUDA,6000,2000,64,8,1,8,,75,3,0.002104,0.000000,0.00e+00,729.9517,0.0000
CUDA_Opt2D,CUDA,6000,2000,64,8,1,8,,75,1,0.002106,0.181588,1.44e-06,729.4158,86.2327
CUDA_Opt2D,CUDA,6000,2000,64,8,1,8,,75,2,0.002097,0.000000,0.00e+00,732.4711,0.0000
CUDA_Opt2D,CUDA,6000,2000,64,8,1,8,,75,3,0.002105,0.000000,0.00e+00,729.6642,0.0000
CUDA_Tiled,CUDA,6000,2000,64,8,1,8,,75,1,0.001831,0.171351,1.44e-06,838.7504,93.5682
CUDA_Tiled,CUDA,6000,2000,64,8,1,8,,75,2,0.001834,0.000000,0.00e+00,837.5300,0.0000
CUDA_Tiled,CUDA,6000,2000,64,8,1,8,,75,3,0.001831,0.000000,0.00e+00,838.6811,0.0000
CUDA_WarpRow,CUDA,6000,2000,64,8,1,8,,75,1,0.002119,0.167494,1.44e-06,724.9215,79.0495
CUDA_WarpRow,CUDA,6000,2000,64,8,1,8,,75,2,0.002119,0.000000,0.00e+00,724.8595,0.0000
CUDA_WarpRow,CUDA,6000,2000,64,8,1,8,,75,3,0.002124,0.000000,0.00e+00,723.2922,0.0000
CUDA_Transposed,CUDA,6000,2000,64,8,1,8,,75,1,0.002280,0.156022,1.44e-06,673.5916,68.4212
CUDA_Transposed,CUDA,6000,2000,64,8,1,8,,75,2,0.002275,0.000000,0.00e+00,675.2612,0.0000
CUDA_Transposed,CUDA,6000,2000,64,8,1,8,,75,3,0.002275,0.000000,0.00e+00,675.2498,0.0000
CUDA_Naive,CUDA,6000,2000,128,8,1,8,,75,1,0.003425,0.316397,1.53e-06,896.9566,92.3809
CUDA_Naive,CUDA,6000,2000,128,8,1,8,,75,2,0.003415,0.000000,0.00e+00,899.5292,0.0000
CUDA_Naive,CUDA,6000,2000,128,8,1,8,,75,3,0.003421,0.000000,0.00e+00,897.9470,0.0000
CUDA_Opt2D,CUDA,6000,2000,128,8,1,8,,75,1,0.003421,0.323111,1.53e-06,897.9575,94.4467
CUDA_Opt2D,CUDA,6000,2000,128,8,1,8,,75,2,0.003417,0.000000,0.00e+00,899.0057,0.0000
CUDA_Opt2D,CUDA,6000,2000,128,8,1,8,,75,3,0.003423,0.000000,0.00e+00,897.4975,0.0000
CUDA_Tiled,CUDA,6000,2000,128,8,1,8,,75,1,0.002891,0.331774,1.53e-06,1062.7717,114.7787
CUDA_Tiled,CUDA,6000,2000,128,8,1,8,,75,2,0.002890,0.000000,0.00e+00,1062.9526,0.0000
CUDA_Tiled,CUDA,6000,2000,128,8,1,8,,75,3,0.002898,0.000000,0.00e+00,1060.0961,0.0000
CUDA_WarpRow,CUDA,6000,2000,128,8,1,8,,75,1,0.003414,0.347868,1.53e-06,899.9524,101.9090
CUDA_WarpRow,CUDA,6000,2000,128,8,1,8,,75,2,0.003413,0.000000,0.00e+00,900.1767,0.0000
CUDA_WarpRow,CUDA,6000,2000,128,8,1,8,,75,3,0.003416,0.000000,0.00e+00,899.2176,0.0000
CUDA_Transposed,CUDA,6000,2000,128,8,1,8,,75,1,0.003795,0.326566,1.53e-06,809.5568,86.0591
CUDA_Transposed,CUDA,6000,2000,128,8,1,8,,75,2,0.003789,0.000000,0.00e+00,810.8584,0.0000
CUDA_Transposed,CUDA,6000,2000,128,8,1,8,,75,3,0.003788,0.000000,0.00e+00,810.8873,0.0000
CUDA_Naive,CUDA,4000,4000,3,8,1,8,,75,1,0.001683,0.056320,5.99e-06,57.0289,33.4570
CUDA_Naive,CUDA,4000,4000,3,8,1,8,,75,2,0.001680,0.000000,0.00e+00,57.1411,0.0000
CUDA_Naive,CUDA,4000,4000,3,8,1,8,,75,3,0.001675,0.000000,0.00e+00,57.3232,0.0000
CUDA_Opt2D,CUDA,4000,4000,3,8,1,8,,75,1,0.001684,0.056277,5.99e-06,57.0212,33.4269
CUDA_Opt2D,CUDA,4000,4000,3,8,1,8,,75,2,0.001684,0.000000,0.00e+00,57.0053,0.0000
CUDA_Opt2D,CUDA,4000,4000,3,8,1,8,,75,3,0.001679,0.000000,0.00e+00,57.1747,0.0000
CUDA_Tiled,CUDA,4000,4000,3,8,1,8,,75,1,0.001546,0.055846,5.99e-06,62.0964,36.1232
CUDA_Tiled,CUDA,4000,4000,3,8,1,8,,75,2,0.001546,0.000000,0.00e+00,62.0792,0.0000
CUDA_Tiled,CUDA,4000,4000,3,8,1,8,,75,3,0.001547,0.000000,0.00e+00,62.0473,0.0000
CUDA_WarpRow,CUDA,4000,4000,3,8,1,8,,75,1,0.001674,0.055878,5.99e-06,57.3473,33.3799
CUDA_WarpRow,CUDA,4000,4000,3,8,1,8,,75,2,0.001665,0.000000,0.00e+00,57.6505,0.0000
CUDA_WarpRow,CUDA,4000,4000,3,8,1,8,,75,3,0.001676,0.000000,0.00e+00,57.2639,0.0000
CUDA_Transposed,CUDA,4000,4000,3,8,1,8,,75,1,0.001316,0.055858,5.99e-06,72.9289,42.4340
CUDA_Transposed,CUDA,4000,4000,3,8,1,8,,75,2,0.001313,0.000000,0.00e+00,73.0974,0.0000
CUDA_Transposed,CUDA,4000,4000,3,8,1,8,,75,3,0.001305,0.000000,0.00e+00,73.5427,0.0000
CUDA_Naive,CUDA,4000,4000,6,8,1,8,,75,1,0.001684,0.072669,2.44e-06,113.9869,43.1422
CUDA_Naive,CUDA,4000,4000,6,8,1,8,,75,2,0.001676,0.000000,0.00e+00,114.5770,0.0000
CUDA_Naive,CUDA,4000,4000,6,8,1,8,,75,3,0.001689,0.000000,0.00e+00,113.6836,0.0000
CUDA_Opt2D,CUDA,4000,4000,6,8,1,8,,75,1,0.001685,0.072859,2.44e-06,113.9496,43.2409
CUDA_Opt2D,CUDA,4000,4000,6,8,1,8,,75,2,0.001684,0.000000,0.00e+00,114.0148,0.0000
CUDA_Opt2D,CUDA,4000,4000,6,8,1,8,,75,3,0.001684,0.000000,0.00e+00,114.0028,0.0000
CUDA_Tiled,CUDA,4000,4000,6,8,1,8,,75,1,0.001538,0.071302,2.44e-06,124.8044,46.3477
CUDA_Tiled,CUDA,4000,4000,6,8,1,8,,75,2,0.001547,0.000000,0.00e+00,124.0730,0.0000
CUDA_Tiled,CUDA,4000,4000,6,8,1,8,,75,3,0.001540,0.000000,0.00e+00,124.7126,0.0000
CUDA_WarpRow,CUDA,4000,4000,6,8,1,8,,75,1,0.001678,0.077900,2.44e-06,114.4439,46.4332
CUDA_WarpRow,CUDA,4000,4000,6,8,1,8,,75,2,0.001683,0.000000,0.00e+00,114.0948,0.0000
CUDA_WarpRow,CUDA,4000,4000,6,8,1,8,,75,3,0.001676,0.000000,0.00e+00,114.5249,0.0000
CUDA_Transposed,CUDA,4000,4000,6,8,1,8,,75,1,0.001327,0.076898,2.44e-06,144.6945,57.9519
CUDA_Transposed,CUDA,4000,4000,6,8,1,8,,75,2,0.001327,0.000000,0.00e+00,144.7140,0.0000
CUDA_Transposed,CUDA,4000,4000,6,8,1,8,,75,3,0.001318,0.000000,0.00e+00,145.6312,0.0000
CUDA_Naive,CUDA,4000,4000,8,8,1,8,,75,1,0.001675,0.055786,3.40e-06,152.8637,33.3113
CUDA_Naive,CUDA,4000,4000,8,8,1,8,,75,2,0.001685,0.000000,0.00e+00,151.9702,0.0000
CUDA_Naive,CUDA,4000,4000,8,8,1,8,,75,3,0.001685,0.000000,0.00e+00,151.9273,0.0000
CUDA_Opt2D,CUDA,4000,4000,8,8,1,8,,75,1,0.001685,0.055393,3.40e-06,151.9098,32.8703
CUDA_Opt2D,CUDA,4000,4000,8,8,1,8,,75,2,0.001690,0.000000,0.00e+00,151.4635,0.0000
CUDA_Opt2D,CUDA,4000,4000,8,8,1,8,,75,3,0.001688,0.000000,0.00e+00,151.6167,0.0000
CUDA_Tiled,CUDA,4000,4000,8,8,1,8,,75,1,0.001549,0.055773,3.40e-06,165.2774,36.0078
CUDA_Tiled,CUDA,4000,4000,8,8,1,8,,75,2,0.001549,0.000000,0.00e+00,165.3192,0.0000
CUDA_Tiled,CUDA,4000,4000,8,8,1,8,,75,3,0.001549,0.000000,0.00e+00,165.2652,0.0000
CUDA_WarpRow,CUDA,4000,4000,8,8,1,8,,75,1,0.001679,0.055784,3.40e-06,152.4617,33.2224
CUDA_WarpRow,CUDA,4000,4000,8,8,1,8,,75,2,0.001679,0.000000,0.00e+00,152.4310,0.0000
CUDA_WarpRow,CUDA,4000,4000,8,8,1,8,,75,3,0.001681,0.000000,0.00e+00,152.3018,0.0000
CUDA_Transposed,CUDA,4000,4000,8,8,1,8,,75,1,0.001354,0.054647,3.40e-06,189.1144,40.3696
CUDA_Transposed,CUDA,4000,4000,8,8,1,8,,75,2,0.001348,0.000000,0.00e+00,189.8746,0.0000
CUDA_Transposed,CUDA,4000,4000,8,8,1,8,,75,3,0.001349,0.000000,0.00e+00,189.7106,0.0000
CUDA_Naive,CUDA,4000,4000,20,8,1,8,,75,1,0.001706,0.089812,2.64e-06,375.2403,52.6581
CUDA_Naive,CUDA,4000,4000,20,8,1,8,,75,2,0.001703,0.000000,0.00e+00,375.7424,0.0000
CUDA_Naive,CUDA,4000,4000,20,8,1,8,,75,3,0.001703,0.000000,0.00e+00,375.7574,0.0000
CUDA_Opt2D,CUDA,4000,4000,20,8,1,8,,75,1,0.001703,0.086821,2.64e-06,375.7185,50.9690
CUDA_Opt2D,CUDA,4000,4000,20,8,1,8,,75,2,0.001704,0.000000,0.00e+00,375.6693,0.0000
CUDA_Opt2D,CUDA,4000,4000,20,8,1,8,,75,3,0.001703,0.000000,0.00e+00,375.8334,0.0000
CUDA_Tiled,CUDA,4000,4000,20,8,1,8,,75,1,0.001552,0.090467,2.64e-06,412.2464,58.2731
CUDA_Tiled,CUDA,4000,4000,20,8,1,8,,75,2,0.001556,0.000000,0.00e+00,411.4356,0.0000
CUDA_Tiled,CUDA,4000,4000,20,8,1,8,,75,3,0.001553,0.000000,0.00e+00,412.1311,0.0000
CUDA_WarpRow,CUDA,4000,4000,20,8,1,8,,75,1,0.001697,0.088382,2.64e-06,377.1283,52.0804
CUDA_WarpRow,CUDA,4000,4000,20,8,1,8,,75,2,0.001698,0.000000,0.00e+00,376.8639,0.0000
CUDA_WarpRow,CUDA,4000,4000,20,8,1,8,,75,3,0.001698,0.000000,0.00e+00,376.9427,0.0000
CUDA_Transposed,CUDA,4000,4000,20,8,1,8,,75,1,0.001483,0.090680,2.64e-06,431.6215,61.1550
CUDA_Transposed,CUDA,4000,4000,20,8,1,8,,75,2,0.001484,0.000000,0.00e+00,431.4006,0.0000
CUDA_Transposed,CUDA,4000,4000,20,8,1,8,,75,3,0.001483,0.000000,0.00e+00,431.6228,0.0000
CUDA_Naive,CUDA,4000,4000,32,8,1,8,,75,1,0.001709,0.130740,2.63e-06,599.2716,76.5127
CUDA_Naive,CUDA,4000,4000,32,8,1,8,,75,2,0.001713,0.000000,0.00e+00,597.6975,0.0000
CUDA_Naive,CUDA,4000,4000,32,8,1,8,,75,3,0.001707,0.000000,0.00e+00,599.8048,0.0000
CUDA_Opt2D,CUDA,4000,4000,32,8,1,8,,75,1,0.001713,0.121261,2.63e-06,597.8692,70.7991
CUDA_Opt2D,CUDA,4000,4000,32,8,1,8,,75,2,0.001714,0.000000,0.00e+00,597.5475,0.0000
CUDA_Opt2D,CUDA,4000,4000,32,8,1,8,,75,3,0.001712,0.000000,0.00e+00,597.9918,0.0000
CUDA_Tiled,CUDA,4000,4000,32,8,1,8,,75,1,0.001554,0.121730,2.63e-06,658.8458,78.3216
CUDA_Tiled,CUDA,4000,4000,32,8,1,8,,75,2,0.001558,0.000000,0.00e+00,657.0492,0.0000
CUDA_Tiled,CUDA,4000,4000,32,8,1,8,,75,3,0.001555,0.000000,0.00e+00,658.7139,0.0000
CUDA_WarpRow,CUDA,4000,4000,32,8,1,8,,75,1,0.001704,0.142100,2.63e-06,600.8283,83.3766
CUDA_WarpRow,CUDA,4000,4000,32,8,1,8,,75,2,0.001704,0.000000,0.00e+00,601.0312,0.0000
CUDA_WarpRow,CUDA,4000,4000,32,8,1,8,,75,3,0.001705,0.000000,0.00e+00,600.7547,0.0000
CUDA_Transposed,CUDA,4000,4000,32,8,1,8,,75,1,0.001871,0.120769,2.63e-06,547.3914,64.5587
CUDA_Transposed,CUDA,4000,4000,32,8,1,8,,75,2,0.001872,0.000000,0.00e+00,547.0540,0.0000
CUDA_Transposed,CUDA,4000,4000,32,8,1,8,,75,3,0.001871,0.000000,0.00e+00,547.3767,0.0000
CUDA_Naive,CUDA,4000,4000,64,8,1,8,,75,1,0.002569,0.227716,3.17e-06,797.1486,88.6344
CUDA_Naive,CUDA,4000,4000,64,8,1,8,,75,2,0.002580,0.000000,0.00e+00,793.7330,0.0000
CUDA_Naive,CUDA,4000,4000,64,8,1,8,,75,3,0.002580,0.000000,0.00e+00,793.9463,0.0000
CUDA_Opt2D,CUDA,4000,4000,64,8,1,8,,75,1,0.002573,0.231856,3.17e-06,795.8517,90.0992
CUDA_Opt2D,CUDA,4000,4000,64,8,1,8,,75,2,0.002579,0.000000,0.00e+00,794.2313,0.0000
CUDA_Opt2D,CUDA,4000,4000,64,8,1,8,,75,3,0.002578,0.000000,0.00e+00,794.3420,0.0000
CUDA_Tiled,CUDA,4000,4000,64,8,1,8,,75,1,0.002328,0.227702,3.17e-06,879.8328,97.8220
CUDA_Tiled,CUDA,4000,4000,64,8,1,8,,75,2,0.002323,0.000000,0.00e+00,881.7270,0.0000
CUDA_Tiled,CUDA,4000,4000,64,8,1,8,,75,3,0.002336,0.000000,0.00e+00,876.8092,0.0000
CUDA_WarpRow,CUDA,4000,4000,64,8,1,8,,75,1,0.002641,0.236117,3.17e-06,775.5381,89.4130
CUDA_WarpRow,CUDA,4000,4000,64,8,1,8,,75,2,0.002635,0.000000,0.00e+00,777.2700,0.0000
CUDA_WarpRow,CUDA,4000,4000,64,8,1,8,,75,3,0.002636,0.000000,0.00e+00,776.9218,0.0000
CUDA_Transposed,CUDA,4000,4000,64,8,1,8,,75,1,0.002981,0.244355,3.17e-06,686.9766,81.9659
CUDA_Transposed,CUDA,4000,4000,64,8,1,8,,75,2,0.002980,0.000000,0.00e+00,687.2406,0.0000
CUDA_Transposed,CUDA,4000,4000,64,8,1,8,,75,3,0.002980,0.000000,0.00e+00,687.2667,0.0000
CUDA_Naive,CUDA,4000,4000,128,8,1,8,,75,1,0.004362,0.427887,3.31e-06,939.0146,98.0939
CUDA_Naive,CUDA,4000,4000,128,8,1,8,,75,2,0.004370,0.000000,0.00e+00,937.3853,0.0000
CUDA_Naive,CUDA,4000,4000,128,8,1,8,,75,3,0.004371,0.000000,0.00e+00,937.0335,0.0000
CUDA_Opt2D,CUDA,4000,4000,128,8,1,8,,75,1,0.004366,0.486170,3.31e-06,938.2535,111.3649
CUDA_Opt2D,CUDA,4000,4000,128,8,1,8,,75,2,0.004373,0.000000,0.00e+00,936.6499,0.0000
CUDA_Opt2D,CUDA,4000,4000,128,8,1,8,,75,3,0.004362,0.000000,0.00e+00,939.0895,0.0000
CUDA_Tiled,CUDA,4000,4000,128,8,1,8,,75,1,0.003656,0.423574,3.31e-06,1120.4207,115.8645
CUDA_Tiled,CUDA,4000,4000,128,8,1,8,,75,2,0.003658,0.000000,0.00e+00,1119.8856,0.0000
CUDA_Tiled,CUDA,4000,4000,128,8,1,8,,75,3,0.003652,0.000000,0.00e+00,1121.4683,0.0000
CUDA_WarpRow,CUDA,4000,4000,128,8,1,8,,75,1,0.004456,0.486372,3.31e-06,919.3060,109.1612
CUDA_WarpRow,CUDA,4000,4000,128,8,1,8,,75,2,0.004446,0.000000,0.00e+00,921.1751,0.0000
CUDA_WarpRow,CUDA,4000,4000,128,8,1,8,,75,3,0.004443,0.000000,0.00e+00,921.9922,0.0000
CUDA_Transposed,CUDA,4000,4000,128,8,1,8,,75,1,0.004853,0.469226,3.31e-06,843.9605,96.6818
CUDA_Transposed,CUDA,4000,4000,128,8,1,8,,75,2,0.004853,0.000000,0.00e+00,844.0179,0.0000
CUDA_Transposed,CUDA,4000,4000,128,8,1,8,,75,3,0.004855,0.000000,0.00e+00,843.5863,0.0000
CUDA_Naive,CUDA,2000,6000,3,8,1,8,,75,1,0.001501,0.041088,5.39e-06,47.9600,27.3693
CUDA_Naive,CUDA,2000,6000,3,8,1,8,,75,2,0.001511,0.000000,0.00e+00,47.6357,0.0000
CUDA_Naive,CUDA,2000,6000,3,8,1,8,,75,3,0.001510,0.000000,0.00e+00,47.6676,0.0000
CUDA_Opt2D,CUDA,2000,6000,3,8,1,8,,75,1,0.001512,0.042719,5.39e-06,47.6175,28.2526
CUDA_Opt2D,CUDA,2000,6000,3,8,1,8,,75,2,0.001514,0.000000,0.00e+00,47.5475,0.0000
CUDA_Opt2D,CUDA,2000,6000,3,8,1,8,,75,3,0.001502,0.000000,0.00e+00,47.9292,0.0000
CUDA_Tiled,CUDA,2000,6000,3,8,1,8,,75,1,0.001535,0.041018,5.39e-06,46.9112,26.7251
CUDA_Tiled,CUDA,2000,6000,3,8,1,8,,75,2,0.001536,0.000000,0.00e+00,46.8901,0.0000
CUDA_Tiled,CUDA,2000,6000,3,8,1,8,,75,3,0.001534,0.000000,0.00e+00,46.9490,0.0000
CUDA_WarpRow,CUDA,2000,6000,3,8,1,8,,75,1,0.001507,0.042392,5.39e-06,47.7819,28.1328
CUDA_WarpRow,CUDA,2000,6000,3,8,1,8,,75,2,0.001508,0.000000,0.00e+00,47.7393,0.0000
CUDA_WarpRow,CUDA,2000,6000,3,8,1,8,,75,3,0.001512,0.000000,0.00e+00,47.6152,0.0000
CUDA_Transposed,CUDA,2000,6000,3,8,1,8,,75,1,0.001301,0.041893,5.39e-06,55.3469,32.2034
CUDA_Transposed,CUDA,2000,6000,3,8,1,8,,75,2,0.001299,0.000000,0.00e+00,55.4270,0.0000
CUDA_Transposed,CUDA,2000,6000,3,8,1,8,,75,3,0.001289,0.000000,0.00e+00,55.8441,0.0000
CUDA_Naive,CUDA,2000,6000,6,8,1,8,,75,1,0.001518,0.053149,4.49e-06,94.8781,35.0187
CUDA_Naive,CUDA,2000,6000,6,8,1,8,,75,2,0.001517,0.000000,0.00e+00,94.9277,0.0000
CUDA_Naive,CUDA,2000,6000,6,8,1,8,,75,3,0.001517,0.000000,0.00e+00,94.8977,0.0000
CUDA_Opt2D,CUDA,2000,6000,6,8,1,8,,75,1,0.001518,0.054722,4.49e-06,94.8926,36.0607
CUDA_Opt2D,CUDA,2000,6000,6,8,1,8,,75,2,0.001517,0.000000,0.00e+00,94.9282,0.0000
CUDA_Opt2D,CUDA,2000,6000,6,8,1,8,,75,3,0.001522,0.000000,0.00e+00,94.6345,0.0000
CUDA_Tiled,CUDA,2000,6000,6,8,1,8,,75,1,0.001537,0.053140,4.49e-06,93.6873,34.5732
CUDA_Tiled,CUDA,2000,6000,6,8,1,8,,75,2,0.001535,0.000000,0.00e+00,93.7824,0.0000
CUDA_Tiled,CUDA,2000,6000,6,8,1,8,,75,3,0.001534,0.000000,0.00e+00,93.8445,0.0000
CUDA_WarpRow,CUDA,2000,6000,6,8,1,8,,75,1,0.001514,0.058741,4.49e-06,95.0916,38.7901
CUDA_WarpRow,CUDA,2000,6000,6,8,1,8,,75,2,0.001513,0.000000,0.00e+00,95.1610,0.0000
CUDA_WarpRow,CUDA,2000,6000,6,8,1,8,,75,3,0.001513,0.000000,0.00e+00,95.1806,0.0000
CUDA_Transposed,CUDA,2000,6000,6,8,1,8,,75,1,0.001311,0.058984,4.49e-06,109.8449,44.9938
CUDA_Transposed,CUDA,2000,6000,6,8,1,8,,75,2,0.001312,0.000000,0.00e+00,109.7695,0.0000
CUDA_Transposed,CUDA,2000,6000,6,8,1,8,,75,3,0.001309,0.000000,0.00e+00,110.0089,0.0000
CUDA_Naive,CUDA,2000,6000,8,8,1,8,,75,1,0.001510,0.041817,2.37e-06,127.1162,27.6853
CUDA_Naive,CUDA,2000,6000,8,8,1,8,,75,2,0.001522,0.000000,0.00e+00,126.1909,0.0000
CUDA_Naive,CUDA,2000,6000,8,8,1,8,,75,3,0.001520,0.000000,0.00e+00,126.3199,0.0000
CUDA_Opt2D,CUDA,2000,6000,8,8,1,8,,75,1,0.001518,0.041882,2.37e-06,126.4529,27.5840
CUDA_Opt2D,CUDA,2000,6000,8,8,1,8,,75,2,0.001521,0.000000,0.00e+00,126.2458,0.0000
CUDA_Opt2D,CUDA,2000,6000,8,8,1,8,,75,3,0.001519,0.000000,0.00e+00,126.3842,0.0000
CUDA_Tiled,CUDA,2000,6000,8,8,1,8,,75,1,0.001532,0.040827,2.37e-06,125.3139,26.6469
CUDA_Tiled,CUDA,2000,6000,8,8,1,8,,75,2,0.001538,0.000000,0.00e+00,124.8498,0.0000
CUDA_Tiled,CUDA,2000,6000,8,8,1,8,,75,3,0.001534,0.000000,0.00e+00,125.1654,0.0000
CUDA_WarpRow,CUDA,2000,6000,8,8,1,8,,75,1,0.001518,0.042628,2.37e-06,126.4617,28.0770
CUDA_WarpRow,CUDA,2000,6000,8,8,1,8,,75,2,0.001514,0.000000,0.00e+00,126.7933,0.0000
CUDA_WarpRow,CUDA,2000,6000,8,8,1,8,,75,3,0.001516,0.000000,0.00e+00,126.6401,0.0000
CUDA_Transposed,CUDA,2000,6000,8,8,1,8,,75,1,0.001319,0.041261,2.37e-06,145.5303,31.2743
CUDA_Transposed,CUDA,2000,6000,8,8,1,8,,75,2,0.001320,0.000000,0.00e+00,145.4609,0.0000
CUDA_Transposed,CUDA,2000,6000,8,8,1,8,,75,3,0.001325,0.000000,0.00e+00,144.9396,0.0000
CUDA_Naive,CUDA,2000,6000,20,8,1,8,,75,1,0.001542,0.066941,3.39e-06,311.3092,43.4151
CUDA_Naive,CUDA,2000,6000,20,8,1,8,,75,2,0.001542,0.000000,0.00e+00,311.3784,0.0000
CUDA_Naive,CUDA,2000,6000,20,8,1,8,,75,3,0.001541,0.000000,0.00e+00,311.5719,0.0000
CUDA_Opt2D,CUDA,2000,6000,20,8,1,8,,75,1,0.001541,0.066841,3.39e-06,311.5715,43.3870
CUDA_Opt2D,CUDA,2000,6000,20,8,1,8,,75,2,0.001541,0.000000,0.00e+00,311.5289,0.0000
CUDA_Opt2D,CUDA,2000,6000,20,8,1,8,,75,3,0.001540,0.000000,0.00e+00,311.5965,0.0000
CUDA_Tiled,CUDA,2000,6000,20,8,1,8,,75,1,0.001538,0.066952,3.39e-06,312.1089,43.5338
CUDA_Tiled,CUDA,2000,6000,20,8,1,8,,75,2,0.001538,0.000000,0.00e+00,312.0437,0.0000
CUDA_Tiled,CUDA,2000,6000,20,8,1,8,,75,3,0.001533,0.000000,0.00e+00,313.0751,0.0000
CUDA_WarpRow,CUDA,2000,6000,20,8,1,8,,75,1,0.001536,0.067949,3.39e-06,312.5248,44.2411
CUDA_WarpRow,CUDA,2000,6000,20,8,1,8,,75,2,0.001536,0.000000,0.00e+00,312.5220,0.0000
CUDA_WarpRow,CUDA,2000,6000,20,8,1,8,,75,3,0.001538,0.000000,0.00e+00,312.1636,0.0000
CUDA_Transposed,CUDA,2000,6000,20,8,1,8,,75,1,0.001471,0.069151,3.39e-06,326.3894,47.0215
CUDA_Transposed,CUDA,2000,6000,20,8,1,8,,75,2,0.001471,0.000000,0.00e+00,326.3347,0.0000
CUDA_Transposed,CUDA,2000,6000,20,8,1,8,,75,3,0.001471,0.000000,0.00e+00,326.2314,0.0000
CUDA_Naive,CUDA,2000,6000,32,8,1,8,,75,1,0.001538,0.092365,3.57e-06,499.3559,60.0557
CUDA_Naive,CUDA,2000,6000,32,8,1,8,,75,2,0.001529,0.000000,0.00e+00,502.2215,0.0000
CUDA_Naive,CUDA,2000,6000,32,8,1,8,,75,3,0.001538,0.000000,0.00e+00,499.4877,0.0000
CUDA_Opt2D,CUDA,2000,6000,32,8,1,8,,75,1,0.001538,0.098670,3.57e-06,499.4079,64.1625
CUDA_Opt2D,CUDA,2000,6000,32,8,1,8,,75,2,0.001539,0.000000,0.00e+00,499.1029,0.0000
CUDA_Opt2D,CUDA,2000,6000,32,8,1,8,,75,3,0.001538,0.000000,0.00e+00,499.3942,0.0000
CUDA_Tiled,CUDA,2000,6000,32,8,1,8,,75,1,0.001538,0.103189,3.57e-06,499.3524,67.0931
CUDA_Tiled,CUDA,2000,6000,32,8,1,8,,75,2,0.001538,0.000000,0.00e+00,499.4246,0.0000
CUDA_Tiled,CUDA,2000,6000,32,8,1,8,,75,3,0.001539,0.000000,0.00e+00,499.0638,0.0000
CUDA_WarpRow,CUDA,2000,6000,32,8,1,8,,75,1,0.001532,0.097441,3.57e-06,501.1680,63.5862
CUDA_WarpRow,CUDA,2000,6000,32,8,1,8,,75,2,0.001532,0.000000,0.00e+00,501.3152,0.0000
CUDA_WarpRow,CUDA,2000,6000,32,8,1,8,,75,3,0.001533,0.000000,0.00e+00,501.1006,0.0000
CUDA_Transposed,CUDA,2000,6000,32,8,1,8,,75,1,0.001865,0.092239,3.57e-06,411.8134,49.4600
CUDA_Transposed,CUDA,2000,6000,32,8,1,8,,75,2,0.001868,0.000000,0.00e+00,411.1571,0.0000
CUDA_Transposed,CUDA,2000,6000,32,8,1,8,,75,3,0.001859,0.000000,0.00e+00,413.0803,0.0000
CUDA_Naive,CUDA,2000,6000,64,8,1,8,,75,1,0.002179,0.166917,3.94e-06,704.8822,76.5995
CUDA_Naive,CUDA,2000,6000,64,8,1,8,,75,2,0.002179,0.000000,0.00e+00,704.9867,0.0000
CUDA_Naive,CUDA,2000,6000,64,8,1,8,,75,3,0.002176,0.000000,0.00e+00,705.9903,0.0000
CUDA_Opt2D,CUDA,2000,6000,64,8,1,8,,75,1,0.002180,0.174327,3.94e-06,704.4543,79.9512
CUDA_Opt2D,CUDA,2000,6000,64,8,1,8,,75,2,0.002179,0.000000,0.00e+00,704.8342,0.0000
CUDA_Opt2D,CUDA,2000,6000,64,8,1,8,,75,3,0.002188,0.000000,0.00e+00,702.0174,0.0000
CUDA_Tiled,CUDA,2000,6000,64,8,1,8,,75,1,0.001935,0.185353,3.94e-06,793.6855,95.7761
CUDA_Tiled,CUDA,2000,6000,64,8,1,8,,75,2,0.001926,0.000000,0.00e+00,797.5590,0.0000
CUDA_Tiled,CUDA,2000,6000,64,8,1,8,,75,3,0.001936,0.000000,0.00e+00,793.5889,0.0000
CUDA_WarpRow,CUDA,2000,6000,64,8,1,8,,75,1,0.002278,0.185776,3.94e-06,674.3481,81.5609
CUDA_WarpRow,CUDA,2000,6000,64,8,1,8,,75,2,0.002279,0.000000,0.00e+00,673.8660,0.0000
CUDA_WarpRow,CUDA,2000,6000,64,8,1,8,,75,3,0.002279,0.000000,0.00e+00,674.1241,0.0000
CUDA_Transposed,CUDA,2000,6000,64,8,1,8,,75,1,0.002424,0.183861,3.94e-06,633.5745,75.8397
CUDA_Transposed,CUDA,2000,6000,64,8,1,8,,75,2,0.002417,0.000000,0.00e+00,635.5032,0.0000
CUDA_Transposed,CUDA,2000,6000,64,8,1,8,,75,3,0.002417,0.000000,0.00e+00,635.5027,0.0000
CUDA_Naive,CUDA,2000,6000,128,8,1,8,,75,1,0.003432,0.320153,3.96e-06,895.0220,93.2761
CUDA_Naive,CUDA,2000,6000,128,8,1,8,,75,2,0.003441,0.000000,0.00e+00,892.7692,0.0000
CUDA_Naive,CUDA,2000,6000,128,8,1,8,,75,3,0.003447,0.000000,0.00e+00,891.1037,0.0000
CUDA_Opt2D,CUDA,2000,6000,128,8,1,8,,75,1,0.003447,0.323148,3.96e-06,891.2533,93.7522
CUDA_Opt2D,CUDA,2000,6000,128,8,1,8,,75,2,0.003441,0.000000,0.00e+00,892.6685,0.0000
CUDA_Opt2D,CUDA,2000,6000,128,8,1,8,,75,3,0.003441,0.000000,0.00e+00,892.7545,0.0000
CUDA_Tiled,CUDA,2000,6000,128,8,1,8,,75,1,0.003080,0.359162,3.96e-06,997.4824,116.6204
CUDA_Tiled,CUDA,2000,6000,128,8,1,8,,75,2,0.003094,0.000000,0.00e+00,992.7579,0.0000
CUDA_Tiled,CUDA,2000,6000,128,8,1,8,,75,3,0.003087,0.000000,0.00e+00,995.2880,0.0000
CUDA_WarpRow,CUDA,2000,6000,128,8,1,8,,75,1,0.003775,0.337756,3.96e-06,813.8675,89.4819
CUDA_WarpRow,CUDA,2000,6000,128,8,1,8,,75,2,0.003777,0.000000,0.00e+00,813.4121,0.0000
CUDA_WarpRow,CUDA,2000,6000,128,8,1,8,,75,3,0.003770,0.000000,0.00e+00,814.9042,0.0000
CUDA_Transposed,CUDA,2000,6000,128,8,1,8,,75,1,0.004094,0.358789,3.96e-06,750.3825,87.6397
CUDA_Transposed,CUDA,2000,6000,128,8,1,8,,75,2,0.004102,0.000000,0.00e+00,748.8867,0.0000
CUDA_Transposed,CUDA,2000,6000,128,8,1,8,,75,3,0.004109,0.000000,0.00e+00,747.6161,0.0000
CUDA_Naive,CUDA,2000,2000,3,8,2,4,,75,1,0.001018,0.014036,3.15e-06,23.5842,13.7931
CUDA_Naive,CUDA,2000,2000,3,8,2,4,,75,2,0.001018,0.000000,0.00e+00,23.5759,0.0000
CUDA_Naive,CUDA,2000,2000,3,8,2,4,,75,3,0.001022,0.000000,0.00e+00,23.4754,0.0000
CUDA_Opt2D,CUDA,2000,2000,3,8,2,4,,75,1,0.001017,0.014076,3.15e-06,23.5902,13.8355
CUDA_Opt2D,CUDA,2000,2000,3,8,2,4,,75,2,0.001017,0.000000,0.00e+00,23.5961,0.0000
CUDA_Opt2D,CUDA,2000,2000,3,8,2,4,,75,3,0.001018,0.000000,0.00e+00,23.5838,0.0000
CUDA_Tiled,CUDA,2000,2000,3,8,2,4,,75,1,0.001014,0.014089,3.15e-06,23.6801,13.9008
CUDA_Tiled,CUDA,2000,2000,3,8,2,4,,75,2,0.001004,0.000000,0.00e+00,23.9041,0.0000
CUDA_Tiled,CUDA,2000,2000,3,8,2,4,,75,3,0.001013,0.000000,0.00e+00,23.6821,0.0000
CUDA_WarpRow,CUDA,2000,2000,3,8,2,4,,75,1,0.001016,0.013602,3.15e-06,23.6272,13.3904
CUDA_WarpRow,CUDA,2000,2000,3,8,2,4,,75,2,0.001015,0.000000,0.00e+00,23.6540,0.0000
CUDA_WarpRow,CUDA,2000,2000,3,8,2,4,,75,3,0.001015,0.000000,0.00e+00,23.6554,0.0000
CUDA_Transposed,CUDA,2000,2000,3,8,2,4,,75,1,0.000936,0.014306,3.15e-06,25.6460,15.2873
CUDA_Transposed,CUDA,2000,2000,3,8,2,4,,75,2,0.000934,0.000000,0.00e+00,25.6952,0.0000
CUDA_Transposed,CUDA,2000,2000,3,8,2,4,,75,3,0.000926,0.000000,0.00e+00,25.9215,0.0000
CUDA_Naive,CUDA,2000,2000,6,8,2,4,,75,1,0.001020,0.017837,1.59e-06,47.0753,17.4932
CUDA_Naive,CUDA,2000,2000,6,8,2,4,,75,2,0.001020,0.000000,0.00e+00,47.0532,0.0000
CUDA_Naive,CUDA,2000,2000,6,8,2,4,,75,3,0.001019,0.000000,0.00e+00,47.0873,0.0000
CUDA_Opt2D,CUDA,2000,2000,6,8,2,4,,75,1,0.001020,0.018215,1.59e-06,47.0741,17.8640
CUDA_Opt2D,CUDA,2000,2000,6,8,2,4,,75,2,0.001020,0.000000,0.00e+00,47.0606,0.0000
CUDA_Opt2D,CUDA,2000,2000,6,8,2,4,,75,3,0.001019,0.000000,0.00e+00,47.0997,0.0000
CUDA_Tiled,CUDA,2000,2000,6,8,2,4,,75,1,0.001015,0.018168,1.59e-06,47.2725,17.8928
CUDA_Tiled,CUDA,2000,2000,6,8,2,4,,75,2,0.001005,0.000000,0.00e+00,47.7547,0.0000
CUDA_Tiled,CUDA,2000,2000,6,8,2,4,,75,3,0.001005,0.000000,0.00e+00,47.7847,0.0000
CUDA_WarpRow,CUDA,2000,2000,6,8,2,4,,75,1,0.001018,0.018965,1.59e-06,47.1683,18.6366
CUDA_WarpRow,CUDA,2000,2000,6,8,2,4,,75,2,0.001018,0.000000,0.00e+00,47.1712,0.0000
CUDA_WarpRow,CUDA,2000,2000,6,8,2,4,,75,3,0.001018,0.000000,0.00e+00,47.1706,0.0000
CUDA_Transposed,CUDA,2000,2000,6,8,2,4,,75,1,0.000941,0.018928,1.59e-06,51.0358,20.1247
CUDA_Transposed,CUDA,2000,2000,6,8,2,4,,75,2,0.000941,0.000000,0.00e+00,50.9951,0.0000
CUDA_Transposed,CUDA,2000,2000,6,8,2,4,,75,3,0.000941,0.000000,0.00e+00,51.0246,0.0000
CUDA_Naive,CUDA,2000,2000,8,8,2,4,,75,1,0.001020,0.013641,1.18e-06,62.7158,13.3669
CUDA_Naive,CUDA,2000,2000,8,8,2,4,,75,2,0.001025,0.000000,0.00e+00,62.4690,0.0000
CUDA_Naive,CUDA,2000,2000,8,8,2,4,,75,3,0.001020,0.000000,0.00e+00,62.7159,0.0000
CUDA_Opt2D,CUDA,2000,2000,8,8,2,4,,75,1,0.001024,0.013715,1.18e-06,62.5034,13.3945
CUDA_Opt2D,CUDA,2000,2000,8,8,2,4,,75,2,0.001021,0.000000,0.00e+00,62.6567,0.0000
CUDA_Opt2D,CUDA,2000,2000,8,8,2,4,,75,3,0.001020,0.000000,0.00e+00,62.7235,0.0000
CUDA_Tiled,CUDA,2000,2000,8,8,2,4,,75,1,0.001018,0.014016,1.18e-06,62.8495,13.7643
CUDA_Tiled,CUDA,2000,2000,8,8,2,4,,75,2,0.001019,0.000000,0.00e+00,62.8294,0.0000
CUDA_Tiled,CUDA,2000,2000,8,8,2,4,,75,3,0.001018,0.000000,0.00e+00,62.8932,0.0000
CUDA_WarpRow,CUDA,2000,2000,8,8,2,4,,75,1,0.001018,0.013490,1.18e-06,62.8492,13.2474
CUDA_WarpRow,CUDA,2000,2000,8,8,2,4,,75,2,0.001018,0.000000,0.00e+00,62.8794,0.0000
CUDA_WarpRow,CUDA,2000,2000,8,8,2,4,,75,3,0.001019,0.000000,0.00e+00,62.8158,0.0000
CUDA_Transposed,CUDA,2000,2000,8,8,2,4,,75,1,0.000954,0.014087,1.18e-06,67.0581,14.7599
CUDA_Transposed,CUDA,2000,2000,8,8,2,4,,75,2,0.000955,0.000000,0.00e+00,66.9811,0.0000
CUDA_Transposed,CUDA,2000,2000,8,8,2,4,,75,3,0.000959,0.000000,0.00e+00,66.7637,0.0000
CUDA_Naive,CUDA,2000,2000,20,8,2,4,,75,1,0.001023,0.022354,1.85e-06,156.3451,21.8431
CUDA_Naive,CUDA,2000,2000,20,8,2,4,,75,2,0.001024,0.000000,0.00e+00,156.2973,0.0000
CUDA_Naive,CUDA,2000,2000,20,8,2,4,,75,3,0.001023,0.000000,0.00e+00,156.3392,0.0000
CUDA_Opt2D,CUDA,2000,2000,20,8,2,4,,75,1,0.001023,0.021750,1.85e-06,156.4484,21.2672
CUDA_Opt2D,CUDA,2000,2000,20,8,2,4,,75,2,0.001023,0.000000,0.00e+00,156.3686,0.0000
CUDA_Opt2D,CUDA,2000,2000,20,8,2,4,,75,3,0.001024,0.000000,0.00e+00,156.2670,0.0000
CUDA_Tiled,CUDA,2000,2000,20,8,2,4,,75,1,0.001016,0.022374,1.85e-06,157.5151,22.0269
CUDA_Tiled,CUDA,2000,2000,20,8,2,4,,75,2,0.001016,0.000000,0.00e+00,157.4168,0.0000
CUDA_Tiled,CUDA,2000,2000,20,8,2,4,,75,3,0.001016,0.000000,0.00e+00,157.4197,0.0000
CUDA_WarpRow,CUDA,2000,2000,20,8,2,4,,75,1,0.001023,0.022501,1.85e-06,156.3740,21.9914
CUDA_WarpRow,CUDA,2000,2000,20,8,2,4,,75,2,0.001022,0.000000,0.00e+00,156.5979,0.0000
CUDA_WarpRow,CUDA,2000,2000,20,8,2,4,,75,3,0.001021,0.000000,0.00e+00,156.6359,0.0000
CUDA_Transposed,CUDA,2000,2000,20,8,2,4,,75,1,0.000991,0.021739,1.85e-06,161.5308,21.9466
CUDA_Transposed,CUDA,2000,2000,20,8,2,4,,75,2,0.000993,0.000000,0.00e+00,161.0755,0.0000
CUDA_Transposed,CUDA,2000,2000,20,8,2,4,,75,3,0.000990,0.000000,0.00e+00,161.5958,0.0000
CUDA_Naive,CUDA,2000,2000,32,8,2,4,,75,1,0.001024,0.030089,1.47e-06,249.9896,29.3825
CUDA_Naive,CUDA,2000,2000,32,8,2,4,,75,2,0.001014,0.000000,0.00e+00,252.4326,0.0000
CUDA_Naive,CUDA,2000,2000,32,8,2,4,,75,3,0.001024,0.000000,0.00e+00,250.1029,0.0000
CUDA_Opt2D,CUDA,2000,2000,32,8,2,4,,75,1,0.001023,0.030305,1.47e-06,250.1308,29.6107
CUDA_Opt2D,CUDA,2000,2000,32,8,2,4,,75,2,0.001024,0.000000,0.00e+00,249.8906,0.0000
CUDA_Opt2D,CUDA,2000,2000,32,8,2,4,,75,3,0.001023,0.000000,0.00e+00,250.2239,0.0000
CUDA_Tiled,CUDA,2000,2000,32,8,2,4,,75,1,0.001018,0.030791,1.47e-06,251.5672,30.2578
CUDA_Tiled,CUDA,2000,2000,32,8,2,4,,75,2,0.001018,0.000000,0.00e+00,251.5055,0.0000
CUDA_Tiled,CUDA,2000,2000,32,8,2,4,,75,3,0.001021,0.000000,0.00e+00,250.7881,0.0000
CUDA_WarpRow,CUDA,2000,2000,32,8,2,4,,75,1,0.001023,0.030722,1.47e-06,250.3541,30.0446
CUDA_WarpRow,CUDA,2000,2000,32,8,2,4,,75,2,0.001022,0.000000,0.00e+00,250.4685,0.0000
CUDA_WarpRow,CUDA,2000,2000,32,8,2,4,,75,3,0.001022,0.000000,0.00e+00,250.5486,0.0000
CUDA_Transposed,CUDA,2000,2000,32,8,2,4,,75,1,0.001125,0.029928,1.47e-06,227.5575,26.6030
CUDA_Transposed,CUDA,2000,2000,32,8,2,4,,75,2,0.001125,0.000000,0.00e+00,227.5563,0.0000
CUDA_Transposed,CUDA,2000,2000,32,8,2,4,,75,3,0.001114,0.000000,0.00e+00,229.8474,0.0000
CUDA_Naive,CUDA,2000,2000,64,8,2,4,,75,1,0.001269,0.055879,1.59e-06,403.3091,44.0163
CUDA_Naive,CUDA,2000,2000,64,8,2,4,,75,2,0.001271,0.000000,0.00e+00,402.8318,0.0000
CUDA_Naive,CUDA,2000,2000,64,8,2,4,,75,3,0.001271,0.000000,0.00e+00,402.8664,0.0000
CUDA_Opt2D,CUDA,2000,2000,64,8,2,4,,75,1,0.001271,0.060297,1.59e-06,402.9452,47.4537
CUDA_Opt2D,CUDA,2000,2000,64,8,2,4,,75,2,0.001270,0.000000,0.00e+00,403.1166,0.0000
CUDA_Opt2D,CUDA,2000,2000,64,8,2,4,,75,3,0.001271,0.000000,0.00e+00,402.9367,0.0000
CUDA_Tiled,CUDA,2000,2000,64,8,2,4,,75,1,0.001274,0.051781,1.59e-06,401.8362,40.6396
CUDA_Tiled,CUDA,2000,2000,64,8,2,4,,75,2,0.001274,0.000000,0.00e+00,402.0086,0.0000
CUDA_Tiled,CUDA,2000,2000,64,8,2,4,,75,3,0.001272,0.000000,0.00e+00,402.4421,0.0000
CUDA_WarpRow,CUDA,2000,2000,64,8,2,4,,75,1,0.001257,0.058088,1.59e-06,407.2718,46.2061
CUDA_WarpRow,CUDA,2000,2000,64,8,2,4,,75,2,0.001256,0.000000,0.00e+00,407.5459,0.0000
CUDA_WarpRow,CUDA,2000,2000,64,8,2,4,,75,3,0.001257,0.000000,0.00e+00,407.2964,0.0000
CUDA_Transposed,CUDA,2000,2000,64,8,2,4,,75,1,0.001435,0.052783,1.59e-06,356.8710,36.7905
CUDA_Transposed,CUDA,2000,2000,64,8,2,4,,75,2,0.001447,0.000000,0.00e+00,353.7379,0.0000
CUDA_Transposed,CUDA,2000,2000,64,8,2,4,,75,3,0.001448,0.000000,0.00e+00,353.6326,0.0000
CUDA_Naive,CUDA,2000,2000,128,8,2,4,,75,1,0.001697,0.101471,1.65e-06,603.4144,59.7940
CUDA_Naive,CUDA,2000,2000,128,8,2,4,,75,2,0.001697,0.000000,0.00e+00,603.2806,0.0000
CUDA_Naive,CUDA,2000,2000,128,8,2,4,,75,3,0.001697,0.000000,0.00e+00,603.2741,0.0000
CUDA_Opt2D,CUDA,2000,2000,128,8,2,4,,75,1,0.001702,0.102202,1.65e-06,601.5933,60.0430
CUDA_Opt2D,CUDA,2000,2000,128,8,2,4,,75,2,0.001697,0.000000,0.00e+00,603.2483,0.0000
CUDA_Opt2D,CUDA,2000,2000,128,8,2,4,,75,3,0.001700,0.000000,0.00e+00,602.1947,0.0000
CUDA_Tiled,CUDA,2000,2000,128,8,2,4,,75,1,0.001552,0.116106,1.65e-06,659.7045,74.8007
CUDA_Tiled,CUDA,2000,2000,128,8,2,4,,75,2,0.001552,0.000000,0.00e+00,659.7681,0.0000
CUDA_Tiled,CUDA,2000,2000,128,8,2,4,,75,3,0.001552,0.000000,0.00e+00,659.9479,0.0000
CUDA_WarpRow,CUDA,2000,2000,128,8,2,4,,75,1,0.001757,0.107827,1.65e-06,582.9439,61.3840
CUDA_WarpRow,CUDA,2000,2000,128,8,2,4,,75,2,0.001755,0.000000,0.00e+00,583.3923,0.0000
CUDA_WarpRow,CUDA,2000,2000,128,8,2,4,,75,3,0.001759,0.000000,0.00e+00,582.2730,0.0000
CUDA_Transposed,CUDA,2000,2000,128,8,2,4,,75,1,0.001811,0.114546,1.65e-06,565.4821,63.2557
CUDA_Transposed,CUDA,2000,2000,128,8,2,4,,75,2,0.001810,0.000000,0.00e+00,565.7290,0.0000
CUDA_Transposed,CUDA,2000,2000,128,8,2,4,,75,3,0.001802,0.000000,0.00e+00,568.1795,0.0000
CUDA_Naive,CUDA,2000,4000,3,8,2,4,,75,1,0.001306,0.028063,5.99e-06,36.7622,21.4930
CUDA_Naive,CUDA,2000,4000,3,8,2,4,,75,2,0.001306,0.000000,0.00e+00,36.7587,0.0000
CUDA_Naive,CUDA,2000,4000,3,8,2,4,,75,3,0.001308,0.000000,0.00e+00,36.7022,0.0000
CUDA_Opt2D,CUDA,2000,4000,3,8,2,4,,75,1,0.001305,0.027940,5.99e-06,36.7757,21.4062
CUDA_Opt2D,CUDA,2000,4000,3,8,2,4,,75,2,0.001306,0.000000,0.00e+00,36.7405,0.0000
CUDA_Opt2D,CUDA,2000,4000,3,8,2,4,,75,3,0.001307,0.000000,0.00e+00,36.7231,0.0000
CUDA_Tiled,CUDA,2000,4000,3,8,2,4,,75,1,0.001284,0.028106,5.99e-06,37.3706,21.8818
CUDA_Tiled,CUDA,2000,4000,3,8,2,4,,75,2,0.001286,0.000000,0.00e+00,37.3200,0.0000
CUDA_Tiled,CUDA,2000,4000,3,8,2,4,,75,3,0.001285,0.000000,0.00e+00,37.3653,0.0000
CUDA_WarpRow,CUDA,2000,4000,3,8,2,4,,75,1,0.001300,0.027450,5.99e-06,36.9092,21.1076
CUDA_WarpRow,CUDA,2000,4000,3,8,2,4,,75,2,0.001290,0.000000,0.00e+00,37.2031,0.0000
CUDA_WarpRow,CUDA,2000,4000,3,8,2,4,,75,3,0.001290,0.000000,0.00e+00,37.2009,0.0000
CUDA_Transposed,CUDA,2000,4000,3,8,2,4,,75,1,0.001116,0.028156,5.99e-06,43.0009,25.2235
CUDA_Transposed,CUDA,2000,4000,3,8,2,4,,75,2,0.001115,0.000000,0.00e+00,43.0430,0.0000
CUDA_Transposed,CUDA,2000,4000,3,8,2,4,,75,3,0.001116,0.000000,0.00e+00,43.0031,0.0000
CUDA_Naive,CUDA,2000,4000,6,8,2,4,,75,1,0.001309,0.036320,2.14e-06,73.3430,27.7482
CUDA_Naive,CUDA,2000,4000,6,8,2,4,,75,2,0.001308,0.000000,0.00e+00,73.3909,0.0000
CUDA_Naive,CUDA,2000,4000,6,8,2,4,,75,3,0.001308,0.000000,0.00e+00,73.3780,0.0000
CUDA_Opt2D,CUDA,2000,4000,6,8,2,4,,75,1,0.001308,0.036303,2.14e-06,73.3804,27.7495
CUDA_Opt2D,CUDA,2000,4000,6,8,2,4,,75,2,0.001316,0.000000,0.00e+00,72.9354,0.0000
CUDA_Opt2D,CUDA,2000,4000,6,8,2,4,,75,3,0.001310,0.000000,0.00e+00,73.3043,0.0000
CUDA_Tiled,CUDA,2000,4000,6,8,2,4,,75,1,0.001286,0.036279,2.14e-06,74.6724,28.2188
CUDA_Tiled,CUDA,2000,4000,6,8,2,4,,75,2,0.001287,0.000000,0.00e+00,74.6069,0.0000
CUDA_Tiled,CUDA,2000,4000,6,8,2,4,,75,3,0.001286,0.000000,0.00e+00,74.6306,0.0000
CUDA_WarpRow,CUDA,2000,4000,6,8,2,4,,75,1,0.001303,0.038831,2.14e-06,73.6723,29.7993
CUDA_WarpRow,CUDA,2000,4000,6,8,2,4,,75,2,0.001303,0.000000,0.00e+00,73.7020,0.0000
CUDA_WarpRow,CUDA,2000,4000,6,8,2,4,,75,3,0.001303,0.000000,0.00e+00,73.6655,0.0000
CUDA_Transposed,CUDA,2000,4000,6,8,2,4,,75,1,0.001123,0.038513,2.14e-06,85.4915,34.2974
CUDA_Transposed,CUDA,2000,4000,6,8,2,4,,75,2,0.001125,0.000000,0.00e+00,85.3467,0.0000
CUDA_Transposed,CUDA,2000,4000,6,8,2,4,,75,3,0.001116,0.000000,0.00e+00,86.0029,0.0000
CUDA_Naive,CUDA,2000,4000,8,8,2,4,,75,1,0.001308,0.027928,3.62e-06,97.8775,21.3554
CUDA_Naive,CUDA,2000,4000,8,8,2,4,,75,2,0.001309,0.000000,0.00e+00,97.7668,0.0000
CUDA_Naive,CUDA,2000,4000,8,8,2,4,,75,3,0.001298,0.000000,0.00e+00,98.6081,0.0000
CUDA_Opt2D,CUDA,2000,4000,8,8,2,4,,75,1,0.001308,0.027424,3.62e-06,97.8679,20.9686
CUDA_Opt2D,CUDA,2000,4000,8,8,2,4,,75,2,0.001308,0.000000,0.00e+00,97.8607,0.0000
CUDA_Opt2D,CUDA,2000,4000,8,8,2,4,,75,3,0.001309,0.000000,0.00e+00,97.8190,0.0000
CUDA_Tiled,CUDA,2000,4000,8,8,2,4,,75,1,0.001287,0.027145,3.62e-06,99.4247,21.0850
CUDA_Tiled,CUDA,2000,4000,8,8,2,4,,75,2,0.001286,0.000000,0.00e+00,99.5160,0.0000
CUDA_Tiled,CUDA,2000,4000,8,8,2,4,,75,3,0.001286,0.000000,0.00e+00,99.5044,0.0000
CUDA_WarpRow,CUDA,2000,4000,8,8,2,4,,75,1,0.001302,0.027501,3.62e-06,98.3140,21.1225
CUDA_WarpRow,CUDA,2000,4000,8,8,2,4,,75,2,0.001302,0.000000,0.00e+00,98.2783,0.0000
CUDA_WarpRow,CUDA,2000,4000,8,8,2,4,,75,3,0.001302,0.000000,0.00e+00,98.3011,0.0000
CUDA_Transposed,CUDA,2000,4000,8,8,2,4,,75,1,0.001136,0.027785,3.62e-06,112.7067,24.4652
CUDA_Transposed,CUDA,2000,4000,8,8,2,4,,75,2,0.001132,0.000000,0.00e+00,113.0274,0.0000
CUDA_Transposed,CUDA,2000,4000,8,8,2,4,,75,3,0.001139,0.000000,0.00e+00,112.3995,0.0000
CUDA_Naive,CUDA,2000,4000,20,8,2,4,,75,1,0.001314,0.043291,2.43e-06,243.5925,32.9542
CUDA_Naive,CUDA,2000,4000,20,8,2,4,,75,2,0.001304,0.000000,0.00e+00,245.3694,0.0000
CUDA_Naive,CUDA,2000,4000,20,8,2,4,,75,3,0.001303,0.000000,0.00e+00,245.5103,0.0000
CUDA_Opt2D,CUDA,2000,4000,20,8,2,4,,75,1,0.001313,0.044689,2.43e-06,243.7075,34.0345
CUDA_Opt2D,CUDA,2000,4000,20,8,2,4,,75,2,0.001314,0.000000,0.00e+00,243.5777,0.0000
CUDA_Opt2D,CUDA,2000,4000,20,8,2,4,,75,3,0.001305,0.000000,0.00e+00,245.2632,0.0000
CUDA_Tiled,CUDA,2000,4000,20,8,2,4,,75,1,0.001278,0.043616,2.43e-06,250.3501,34.1230
CUDA_Tiled,CUDA,2000,4000,20,8,2,4,,75,2,0.001288,0.000000,0.00e+00,248.3620,0.0000
CUDA_Tiled,CUDA,2000,4000,20,8,2,4,,75,3,0.001287,0.000000,0.00e+00,248.5830,0.0000
CUDA_WarpRow,CUDA,2000,4000,20,8,2,4,,75,1,0.001300,0.044121,2.43e-06,246.1644,33.9408
CUDA_WarpRow,CUDA,2000,4000,20,8,2,4,,75,2,0.001308,0.000000,0.00e+00,244.6535,0.0000
CUDA_WarpRow,CUDA,2000,4000,20,8,2,4,,75,3,0.001313,0.000000,0.00e+00,243.7811,0.0000
CUDA_Transposed,CUDA,2000,4000,20,8,2,4,,75,1,0.001227,0.045122,2.43e-06,260.7494,36.7671
CUDA_Transposed,CUDA,2000,4000,20,8,2,4,,75,2,0.001235,0.000000,0.00e+00,259.1942,0.0000
CUDA_Transposed,CUDA,2000,4000,20,8,2,4,,75,3,0.001232,0.000000,0.00e+00,259.8359,0.0000
CUDA_Naive,CUDA,2000,4000,32,8,2,4,,75,1,0.001310,0.061407,2.69e-06,390.9355,46.8871
CUDA_Naive,CUDA,2000,4000,32,8,2,4,,75,2,0.001310,0.000000,0.00e+00,390.9719,0.0000
CUDA_Naive,CUDA,2000,4000,32,8,2,4,,75,3,0.001309,0.000000,0.00e+00,391.1237,0.0000
CUDA_Opt2D,CUDA,2000,4000,32,8,2,4,,75,1,0.001312,0.066797,2.69e-06,390.3566,50.9271
CUDA_Opt2D,CUDA,2000,4000,32,8,2,4,,75,2,0.001309,0.000000,0.00e+00,391.0842,0.0000
CUDA_Opt2D,CUDA,2000,4000,32,8,2,4,,75,3,0.001300,0.000000,0.00e+00,393.7312,0.0000
CUDA_Tiled,CUDA,2000,4000,32,8,2,4,,75,1,0.001288,0.059645,2.69e-06,397.5872,46.3166
CUDA_Tiled,CUDA,2000,4000,32,8,2,4,,75,2,0.001289,0.000000,0.00e+00,397.1850,0.0000
CUDA_Tiled,CUDA,2000,4000,32,8,2,4,,75,3,0.001288,0.000000,0.00e+00,397.4422,0.0000
CUDA_WarpRow,CUDA,2000,4000,32,8,2,4,,75,1,0.001306,0.061757,2.69e-06,391.9077,47.2714
CUDA_WarpRow,CUDA,2000,4000,32,8,2,4,,75,2,0.001306,0.000000,0.00e+00,391.9566,0.0000
CUDA_WarpRow,CUDA,2000,4000,32,8,2,4,,75,3,0.001306,0.000000,0.00e+00,392.0392,0.0000
CUDA_Transposed,CUDA,2000,4000,32,8,2,4,,75,1,0.001503,0.060945,2.69e-06,340.5814,40.5405
CUDA_Transposed,CUDA,2000,4000,32,8,2,4,,75,2,0.001495,0.000000,0.00e+00,342.3675,0.0000
CUDA_Transposed,CUDA,2000,4000,32,8,2,4,,75,3,0.001505,0.000000,0.00e+00,340.2919,0.0000
CUDA_Naive,CUDA,2000,4000,64,8,2,4,,75,1,0.001820,0.121637,3.25e-06,562.6580,66.8357
CUDA_Naive,CUDA,2000,4000,64,8,2,4,,75,2,0.001818,0.000000,0.00e+00,563.2608,0.0000
CUDA_Naive,CUDA,2000,4000,64,8,2,4,,75,3,0.001820,0.000000,0.00e+00,562.5476,0.0000
CUDA_Opt2D,CUDA,2000,4000,64,8,2,4,,75,1,0.001819,0.114684,3.25e-06,562.8667,63.0391
CUDA_Opt2D,CUDA,2000,4000,64,8,2,4,,75,2,0.001818,0.000000,0.00e+00,563.2570,0.0000
CUDA_Opt2D,CUDA,2000,4000,64,8,2,4,,75,3,0.001817,0.000000,0.00e+00,563.5136,0.0000
CUDA_Tiled,CUDA,2000,4000,64,8,2,4,,75,1,0.001796,0.123943,3.25e-06,570.1230,69.0068
CUDA_Tiled,CUDA,2000,4000,64,8,2,4,,75,2,0.001789,0.000000,0.00e+00,572.4623,0.0000
CUDA_Tiled,CUDA,2000,4000,64,8,2,4,,75,3,0.001781,0.000000,0.00e+00,574.9299,0.0000
CUDA_WarpRow,CUDA,2000,4000,64,8,2,4,,75,1,0.001803,0.114235,3.25e-06,567.8743,63.3506
CUDA_WarpRow,CUDA,2000,4000,64,8,2,4,,75,2,0.001802,0.000000,0.00e+00,568.1754,0.0000
CUDA_WarpRow,CUDA,2000,4000,64,8,2,4,,75,3,0.001803,0.000000,0.00e+00,567.8207,0.0000
CUDA_Transposed,CUDA,2000,4000,64,8,2,4,,75,1,0.002158,0.123094,3.25e-06,474.5083,57.0402
CUDA_Transposed,CUDA,2000,4000,64,8,2,4,,75,2,0.002158,0.000000,0.00e+00,474.4709,0.0000
CUDA_Transposed,CUDA,2000,4000,64,8,2,4,,75,3,0.002158,0.000000,0.00e+00,474.5016,0.0000
CUDA_Naive,CUDA,2000,4000,128,8,2,4,,75,1,0.002670,0.204887,3.49e-06,767.1078,76.7433
CUDA_Naive,CUDA,2000,4000,128,8,2,4,,75,2,0.002669,0.000000,0.00e+00,767.4249,0.0000
CUDA_Naive,CUDA,2000,4000,128,8,2,4,,75,3,0.002677,0.000000,0.00e+00,764.9898,0.0000
CUDA_Opt2D,CUDA,2000,4000,128,8,2,4,,75,1,0.002677,0.246102,3.49e-06,765.0900,91.9386
CUDA_Opt2D,CUDA,2000,4000,128,8,2,4,,75,2,0.002687,0.000000,0.00e+00,762.0467,0.0000
CUDA_Opt2D,CUDA,2000,4000,128,8,2,4,,75,3,0.002676,0.000000,0.00e+00,765.3264,0.0000
CUDA_Tiled,CUDA,2000,4000,128,8,2,4,,75,1,0.002338,0.210832,3.49e-06,876.0406,90.1844
CUDA_Tiled,CUDA,2000,4000,128,8,2,4,,75,2,0.002340,0.000000,0.00e+00,875.0782,0.0000
CUDA_Tiled,CUDA,2000,4000,128,8,2,4,,75,3,0.002336,0.000000,0.00e+00,876.7853,0.0000
CUDA_WarpRow,CUDA,2000,4000,128,8,2,4,,75,1,0.002829,0.216418,3.49e-06,724.0395,76.5113
CUDA_WarpRow,CUDA,2000,4000,128,8,2,4,,75,2,0.002829,0.000000,0.00e+00,723.9941,0.0000
CUDA_WarpRow,CUDA,2000,4000,128,8,2,4,,75,3,0.002827,0.000000,0.00e+00,724.4100,0.0000
CUDA_Transposed,CUDA,2000,4000,128,8,2,4,,75,1,0.002943,0.248635,3.49e-06,695.7951,84.4722
CUDA_Transposed,CUDA,2000,4000,128,8,2,4,,75,2,0.002934,0.000000,0.00e+00,698.1039,0.0000
CUDA_Transposed,CUDA,2000,4000,128,8,2,4,,75,3,0.003018,0.000000,0.00e+00,678.6732,0.0000
CUDA_Naive,CUDA,4000,2000,3,8,2,4,,75,1,0.001261,0.028097,3.15e-06,38.0629,22.2800
CUDA_Naive,CUDA,4000,2000,3,8,2,4,,75,2,0.001263,0.000000,0.00e+00,38.0007,0.0000
CUDA_Naive,CUDA,4000,2000,3,8,2,4,,75,3,0.001251,0.000000,0.00e+00,38.3741,0.0000
CUDA_Opt2D,CUDA,4000,2000,3,8,2,4,,75,1,0.001259,0.027518,3.15e-06,38.1126,21.8495
CUDA_Opt2D,CUDA,4000,2000,3,8,2,4,,75,2,0.001264,0.000000,0.00e+00,37.9687,0.0000
CUDA_Opt2D,CUDA,4000,2000,3,8,2,4,,75,3,0.001261,0.000000,0.00e+00,38.0641,0.0000
CUDA_Tiled,CUDA,4000,2000,3,8,2,4,,75,1,0.001265,0.027945,3.15e-06,37.9439,22.0901
CUDA_Tiled,CUDA,4000,2000,3,8,2,4,,75,2,0.001265,0.000000,0.00e+00,37.9498,0.0000
CUDA_Tiled,CUDA,4000,2000,3,8,2,4,,75,3,0.001267,0.000000,0.00e+00,37.8985,0.0000
CUDA_WarpRow,CUDA,4000,2000,3,8,2,4,,75,1,0.001256,0.028218,3.15e-06,38.2107,22.4628
CUDA_WarpRow,CUDA,4000,2000,3,8,2,4,,75,2,0.001259,0.000000,0.00e+00,38.1307,0.0000
CUDA_WarpRow,CUDA,4000,2000,3,8,2,4,,75,3,0.001256,0.000000,0.00e+00,38.2064,0.0000
CUDA_Transposed,CUDA,4000,2000,3,8,2,4,,75,1,0.001125,0.028136,3.15e-06,42.6493,25.0000
CUDA_Transposed,CUDA,4000,2000,3,8,2,4,,75,2,0.001114,0.000000,0.00e+00,43.0828,0.0000
CUDA_Transposed,CUDA,4000,2000,3,8,2,4,,75,3,0.001126,0.000000,0.00e+00,42.6410,0.0000
CUDA_Naive,CUDA,4000,2000,6,8,2,4,,75,1,0.001255,0.035937,1.59e-06,76.4817,28.6306
CUDA_Naive,CUDA,4000,2000,6,8,2,4,,75,2,0.001265,0.000000,0.00e+00,75.8978,0.0000
CUDA_Naive,CUDA,4000,2000,6,8,2,4,,75,3,0.001265,0.000000,0.00e+00,75.9131,0.0000
CUDA_Opt2D,CUDA,4000,2000,6,8,2,4,,75,1,0.001264,0.036347,1.59e-06,75.9486,28.7553
CUDA_Opt2D,CUDA,4000,2000,6,8,2,4,,75,2,0.001265,0.000000,0.00e+00,75.8845,0.0000
CUDA_Opt2D,CUDA,4000,2000,6,8,2,4,,75,3,0.001263,0.000000,0.00e+00,75.9796,0.0000
CUDA_Tiled,CUDA,4000,2000,6,8,2,4,,75,1,0.001264,0.035332,1.59e-06,75.9472,27.9514
CUDA_Tiled,CUDA,4000,2000,6,8,2,4,,75,2,0.001265,0.000000,0.00e+00,75.8660,0.0000
CUDA_Tiled,CUDA,4000,2000,6,8,2,4,,75,3,0.001259,0.000000,0.00e+00,76.2447,0.0000
CUDA_WarpRow,CUDA,4000,2000,6,8,2,4,,75,1,0.001260,0.039263,1.59e-06,76.2087,31.1688
CUDA_WarpRow,CUDA,4000,2000,6,8,2,4,,75,2,0.001260,0.000000,0.00e+00,76.1920,0.0000
CUDA_WarpRow,CUDA,4000,2000,6,8,2,4,,75,3,0.001264,0.000000,0.00e+00,75.9253,0.0000
CUDA_Transposed,CUDA,4000,2000,6,8,2,4,,75,1,0.001133,0.039069,1.59e-06,84.7442,34.4886
CUDA_Transposed,CUDA,4000,2000,6,8,2,4,,75,2,0.001133,0.000000,0.00e+00,84.7292,0.0000
CUDA_Transposed,CUDA,4000,2000,6,8,2,4,,75,3,0.001130,0.000000,0.00e+00,84.9724,0.0000
CUDA_Naive,CUDA,4000,2000,8,8,2,4,,75,1,0.001265,0.027229,1.18e-06,101.1467,21.5170
CUDA_Naive,CUDA,4000,2000,8,8,2,4,,75,2,0.001266,0.000000,0.00e+00,101.1139,0.0000
CUDA_Naive,CUDA,4000,2000,8,8,2,4,,75,3,0.001267,0.000000,0.00e+00,101.0268,0.0000
CUDA_Opt2D,CUDA,4000,2000,8,8,2,4,,75,1,0.001266,0.028025,1.18e-06,101.1006,22.1354
CUDA_Opt2D,CUDA,4000,2000,8,8,2,4,,75,2,0.001268,0.000000,0.00e+00,100.9757,0.0000
CUDA_Opt2D,CUDA,4000,2000,8,8,2,4,,75,3,0.001266,0.000000,0.00e+00,101.0913,0.0000
CUDA_Tiled,CUDA,4000,2000,8,8,2,4,,75,1,0.001267,0.027244,1.18e-06,100.9968,21.4966
CUDA_Tiled,CUDA,4000,2000,8,8,2,4,,75,2,0.001268,0.000000,0.00e+00,100.9693,0.0000
CUDA_Tiled,CUDA,4000,2000,8,8,2,4,,75,3,0.001271,0.000000,0.00e+00,100.7095,0.0000
CUDA_WarpRow,CUDA,4000,2000,8,8,2,4,,75,1,0.001264,0.027978,1.18e-06,101.2879,22.1390
CUDA_WarpRow,CUDA,4000,2000,8,8,2,4,,75,2,0.001266,0.000000,0.00e+00,101.0758,0.0000
CUDA_WarpRow,CUDA,4000,2000,8,8,2,4,,75,3,0.001263,0.000000,0.00e+00,101.3808,0.0000
CUDA_Transposed,CUDA,4000,2000,8,8,2,4,,75,1,0.001150,0.027679,1.18e-06,111.3483,24.0779
CUDA_Transposed,CUDA,4000,2000,8,8,2,4,,75,2,0.001151,0.000000,0.00e+00,111.1985,0.0000
CUDA_Transposed,CUDA,4000,2000,8,8,2,4,,75,3,0.001139,0.000000,0.00e+00,112.4008,0.0000
CUDA_Naive,CUDA,4000,2000,20,8,2,4,,75,1,0.001280,0.044711,1.85e-06,250.0746,34.9411
CUDA_Naive,CUDA,4000,2000,20,8,2,4,,75,2,0.001276,0.000000,0.00e+00,250.8157,0.0000
CUDA_Naive,CUDA,4000,2000,20,8,2,4,,75,3,0.001279,0.000000,0.00e+00,250.2232,0.0000
CUDA_Opt2D,CUDA,4000,2000,20,8,2,4,,75,1,0.001275,0.044812,1.85e-06,251.0105,35.1508
CUDA_Opt2D,CUDA,4000,2000,20,8,2,4,,75,2,0.001277,0.000000,0.00e+00,250.6263,0.0000
CUDA_Opt2D,CUDA,4000,2000,20,8,2,4,,75,3,0.001276,0.000000,0.00e+00,250.7915,0.0000
CUDA_Tiled,CUDA,4000,2000,20,8,2,4,,75,1,0.001275,0.044580,1.85e-06,250.8955,34.9529
CUDA_Tiled,CUDA,4000,2000,20,8,2,4,,75,2,0.001270,0.000000,0.00e+00,251.9780,0.0000
CUDA_Tiled,CUDA,4000,2000,20,8,2,4,,75,3,0.001270,0.000000,0.00e+00,251.9595,0.0000
CUDA_WarpRow,CUDA,4000,2000,20,8,2,4,,75,1,0.001273,0.045030,1.85e-06,251.3371,35.3681
CUDA_WarpRow,CUDA,4000,2000,20,8,2,4,,75,2,0.001273,0.000000,0.00e+00,251.2858,0.0000
CUDA_WarpRow,CUDA,4000,2000,20,8,2,4,,75,3,0.001273,0.000000,0.00e+00,251.2793,0.0000
CUDA_Transposed,CUDA,4000,2000,20,8,2,4,,75,1,0.001236,0.044726,1.85e-06,258.8819,36.1832
CUDA_Transposed,CUDA,4000,2000,20,8,2,4,,75,2,0.001236,0.000000,0.00e+00,258.8899,0.0000
CUDA_Transposed,CUDA,4000,2000,20,8,2,4,,75,3,0.001236,0.000000,0.00e+00,258.9127,0.0000
CUDA_Naive,CUDA,4000,2000,32,8,2,4,,75,1,0.001272,0.071186,1.47e-06,402.5678,55.9710
CUDA_Naive,CUDA,4000,2000,32,8,2,4,,75,2,0.001271,0.000000,0.00e+00,402.7330,0.0000
CUDA_Naive,CUDA,4000,2000,32,8,2,4,,75,3,0.001282,0.000000,0.00e+00,399.5066,0.0000
CUDA_Opt2D,CUDA,4000,2000,32,8,2,4,,75,1,0.001281,0.062329,1.47e-06,399.6833,48.6560
CUDA_Opt2D,CUDA,4000,2000,32,8,2,4,,75,2,0.001280,0.000000,0.00e+00,400.0596,0.0000
CUDA_Opt2D,CUDA,4000,2000,32,8,2,4,,75,3,0.001282,0.000000,0.00e+00,399.3885,0.0000
CUDA_Tiled,CUDA,4000,2000,32,8,2,4,,75,1,0.001277,0.060045,1.47e-06,400.9901,47.0261
CUDA_Tiled,CUDA,4000,2000,32,8,2,4,,75,2,0.001268,0.000000,0.00e+00,403.7553,0.0000
CUDA_Tiled,CUDA,4000,2000,32,8,2,4,,75,3,0.001270,0.000000,0.00e+00,403.0839,0.0000
CUDA_WarpRow,CUDA,4000,2000,32,8,2,4,,75,1,0.001277,0.060657,1.47e-06,400.9429,47.5000
CUDA_WarpRow,CUDA,4000,2000,32,8,2,4,,75,2,0.001268,0.000000,0.00e+00,403.7799,0.0000
CUDA_WarpRow,CUDA,4000,2000,32,8,2,4,,75,3,0.001264,0.000000,0.00e+00,405.0726,0.0000
CUDA_Transposed,CUDA,4000,2000,32,8,2,4,,75,1,0.001495,0.061686,1.47e-06,342.5560,41.2711
CUDA_Transposed,CUDA,4000,2000,32,8,2,4,,75,2,0.001486,0.000000,0.00e+00,344.4545,0.0000
CUDA_Transposed,CUDA,4000,2000,32,8,2,4,,75,3,0.001494,0.000000,0.00e+00,342.7618,0.0000
CUDA_Naive,CUDA,4000,2000,64,8,2,4,,75,1,0.001710,0.113466,1.59e-06,598.8123,66.3526
CUDA_Naive,CUDA,4000,2000,64,8,2,4,,75,2,0.001710,0.000000,0.00e+00,598.6632,0.0000
CUDA_Naive,CUDA,4000,2000,64,8,2,4,,75,3,0.001710,0.000000,0.00e+00,598.6623,0.0000
CUDA_Opt2D,CUDA,4000,2000,64,8,2,4,,75,1,0.001709,0.115343,1.59e-06,599.0900,67.4815
CUDA_Opt2D,CUDA,4000,2000,64,8,2,4,,75,2,0.001710,0.000000,0.00e+00,598.9117,0.0000
CUDA_Opt2D,CUDA,4000,2000,64,8,2,4,,75,3,0.001710,0.000000,0.00e+00,598.7346,0.0000
CUDA_Tiled,CUDA,4000,2000,64,8,2,4,,75,1,0.001553,0.112844,1.59e-06,659.4138,72.6667
CUDA_Tiled,CUDA,4000,2000,64,8,2,4,,75,2,0.001550,0.000000,0.00e+00,660.5690,0.0000
CUDA_Tiled,CUDA,4000,2000,64,8,2,4,,75,3,0.001553,0.000000,0.00e+00,659.5174,0.0000
CUDA_WarpRow,CUDA,4000,2000,64,8,2,4,,75,1,0.001779,0.121664,1.59e-06,575.4455,68.3704
CUDA_WarpRow,CUDA,4000,2000,64,8,2,4,,75,2,0.001774,0.000000,0.00e+00,577.3764,0.0000
CUDA_WarpRow,CUDA,4000,2000,64,8,2,4,,75,3,0.001766,0.000000,0.00e+00,579.7400,0.0000
CUDA_Transposed,CUDA,4000,2000,64,8,2,4,,75,1,0.001863,0.117180,1.59e-06,549.5108,62.8825
CUDA_Transposed,CUDA,4000,2000,64,8,2,4,,75,2,0.001863,0.000000,0.00e+00,549.7155,0.0000
CUDA_Transposed,CUDA,4000,2000,64,8,2,4,,75,3,0.001864,0.000000,0.00e+00,549.4081,0.0000
CUDA_Naive,CUDA,4000,2000,128,8,2,4,,75,1,0.002568,0.227751,1.65e-06,797.3876,88.6745
CUDA_Naive,CUDA,4000,2000,128,8,2,4,,75,2,0.002563,0.000000,0.00e+00,799.0380,0.0000
CUDA_Naive,CUDA,4000,2000,128,8,2,4,,75,3,0.002554,0.000000,0.00e+00,801.8473,0.0000
CUDA_Opt2D,CUDA,4000,2000,128,8,2,4,,75,1,0.002559,0.207442,1.65e-06,800.3911,81.0718
CUDA_Opt2D,CUDA,4000,2000,128,8,2,4,,75,2,0.002562,0.000000,0.00e+00,799.4025,0.0000
CUDA_Opt2D,CUDA,4000,2000,128,8,2,4,,75,3,0.002563,0.000000,0.00e+00,799.0876,0.0000
CUDA_Tiled,CUDA,4000,2000,128,8,2,4,,75,1,0.002327,0.216670,1.65e-06,880.0774,93.1085
CUDA_Tiled,CUDA,4000,2000,128,8,2,4,,75,2,0.002324,0.000000,0.00e+00,881.3614,0.0000
CUDA_Tiled,CUDA,4000,2000,128,8,2,4,,75,3,0.002326,0.000000,0.00e+00,880.3279,0.0000
CUDA_WarpRow,CUDA,4000,2000,128,8,2,4,,75,1,0.002762,0.202403,1.65e-06,741.5307,73.2852
CUDA_WarpRow,CUDA,4000,2000,128,8,2,4,,75,2,0.002770,0.000000,0.00e+00,739.4624,0.0000
CUDA_WarpRow,CUDA,4000,2000,128,8,2,4,,75,3,0.002765,0.000000,0.00e+00,740.6244,0.0000
CUDA_Transposed,CUDA,4000,2000,128,8,2,4,,75,1,0.002901,0.204522,1.65e-06,705.8452,70.4886
CUDA_Transposed,CUDA,4000,2000,128,8,2,4,,75,2,0.002903,0.000000,0.00e+00,705.5768,0.0000
CUDA_Transposed,CUDA,4000,2000,128,8,2,4,,75,3,0.002888,0.000000,0.00e+00,709.2048,0.0000
CUDA_Naive,CUDA,6000,2000,3,8,2,4,,75,1,0.001440,0.041149,3.15e-06,50.0144,28.5838
CUDA_Naive,CUDA,6000,2000,3,8,2,4,,75,2,0.001427,0.000000,0.00e+00,50.4657,0.0000
CUDA_Naive,CUDA,6000,2000,3,8,2,4,,75,3,0.001436,0.000000,0.00e+00,50.1368,0.0000
CUDA_Opt2D,CUDA,6000,2000,3,8,2,4,,75,1,0.001439,0.042335,3.15e-06,50.0181,29.4101
CUDA_Opt2D,CUDA,6000,2000,3,8,2,4,,75,2,0.001440,0.000000,0.00e+00,50.0051,0.0000
CUDA_Opt2D,CUDA,6000,2000,3,8,2,4,,75,3,0.001438,0.000000,0.00e+00,50.0634,0.0000
CUDA_Tiled,CUDA,6000,2000,3,8,2,4,,75,1,0.001294,0.041454,3.15e-06,55.6507,32.0412
CUDA_Tiled,CUDA,6000,2000,3,8,2,4,,75,2,0.001292,0.000000,0.00e+00,55.7149,0.0000
CUDA_Tiled,CUDA,6000,2000,3,8,2,4,,75,3,0.001292,0.000000,0.00e+00,55.7138,0.0000
CUDA_WarpRow,CUDA,6000,2000,3,8,2,4,,75,1,0.001434,0.041622,3.15e-06,50.2086,29.0247
CUDA_WarpRow,CUDA,6000,2000,3,8,2,4,,75,2,0.001436,0.000000,0.00e+00,50.1541,0.0000
CUDA_WarpRow,CUDA,6000,2000,3,8,2,4,,75,3,0.001432,0.000000,0.00e+00,50.2889,0.0000
CUDA_Transposed,CUDA,6000,2000,3,8,2,4,,75,1,0.001139,0.042165,3.15e-06,63.2407,37.0351
CUDA_Transposed,CUDA,6000,2000,3,8,2,4,,75,2,0.001137,0.000000,0.00e+00,63.3078,0.0000
CUDA_Transposed,CUDA,6000,2000,3,8,2,4,,75,3,0.001139,0.000000,0.00e+00,63.2167,0.0000
CUDA_Naive,CUDA,6000,2000,6,8,2,4,,75,1,0.001440,0.055336,1.59e-06,99.9682,38.4156
CUDA_Naive,CUDA,6000,2000,6,8,2,4,,75,2,0.001440,0.000000,0.00e+00,99.9955,0.0000
CUDA_Naive,CUDA,6000,2000,6,8,2,4,,75,3,0.001439,0.000000,0.00e+00,100.0358,0.0000
CUDA_Opt2D,CUDA,6000,2000,6,8,2,4,,75,1,0.001440,0.054340,1.59e-06,99.9891,37.7322
CUDA_Opt2D,CUDA,6000,2000,6,8,2,4,,75,2,0.001440,0.000000,0.00e+00,100.0295,0.0000
CUDA_Opt2D,CUDA,6000,2000,6,8,2,4,,75,3,0.001440,0.000000,0.00e+00,100.0301,0.0000
CUDA_Tiled,CUDA,6000,2000,6,8,2,4,,75,1,0.001294,0.054574,1.59e-06,111.2611,42.1663
CUDA_Tiled,CUDA,6000,2000,6,8,2,4,,75,2,0.001294,0.000000,0.00e+00,111.3097,0.0000
CUDA_Tiled,CUDA,6000,2000,6,8,2,4,,75,3,0.001294,0.000000,0.00e+00,111.2505,0.0000
CUDA_WarpRow,CUDA,6000,2000,6,8,2,4,,75,1,0.001435,0.058278,1.59e-06,100.3436,40.6097
CUDA_WarpRow,CUDA,6000,2000,6,8,2,4,,75,2,0.001439,0.000000,0.00e+00,100.0468,0.0000
CUDA_WarpRow,CUDA,6000,2000,6,8,2,4,,75,3,0.001426,0.000000,0.00e+00,100.9521,0.0000
CUDA_Transposed,CUDA,6000,2000,6,8,2,4,,75,1,0.001145,0.058666,1.59e-06,125.7612,51.2352
CUDA_Transposed,CUDA,6000,2000,6,8,2,4,,75,2,0.001147,0.000000,0.00e+00,125.5909,0.0000
CUDA_Transposed,CUDA,6000,2000,6,8,2,4,,75,3,0.001144,0.000000,0.00e+00,125.8431,0.0000
CUDA_Naive,CUDA,6000,2000,8,8,2,4,,75,1,0.001441,0.042025,1.18e-06,133.1981,29.1544
CUDA_Naive,CUDA,6000,2000,8,8,2,4,,75,2,0.001441,0.000000,0.00e+00,133.2767,0.0000
CUDA_Naive,CUDA,6000,2000,8,8,2,4,,75,3,0.001433,0.000000,0.00e+00,134.0113,0.0000
CUDA_Opt2D,CUDA,6000,2000,8,8,2,4,,75,1,0.001441,0.041074,1.18e-06,133.2094,28.4969
CUDA_Opt2D,CUDA,6000,2000,8,8,2,4,,75,2,0.001445,0.000000,0.00e+00,132.8811,0.0000
CUDA_Opt2D,CUDA,6000,2000,8,8,2,4,,75,3,0.001442,0.000000,0.00e+00,133.1060,0.0000
CUDA_Tiled,CUDA,6000,2000,8,8,2,4,,75,1,0.001302,0.041682,1.18e-06,147.4373,32.0077
CUDA_Tiled,CUDA,6000,2000,8,8,2,4,,75,2,0.001288,0.000000,0.00e+00,149.0601,0.0000
CUDA_Tiled,CUDA,6000,2000,8,8,2,4,,75,3,0.001295,0.000000,0.00e+00,148.2758,0.0000
CUDA_WarpRow,CUDA,6000,2000,8,8,2,4,,75,1,0.001429,0.041257,1.18e-06,134.3859,28.8767
CUDA_WarpRow,CUDA,6000,2000,8,8,2,4,,75,2,0.001437,0.000000,0.00e+00,133.6569,0.0000
CUDA_WarpRow,CUDA,6000,2000,8,8,2,4,,75,3,0.001437,0.000000,0.00e+00,133.5989,0.0000
CUDA_Transposed,CUDA,6000,2000,8,8,2,4,,75,1,0.001145,0.041827,1.18e-06,167.6347,36.5194
CUDA_Transposed,CUDA,6000,2000,8,8,2,4,,75,2,0.001155,0.000000,0.00e+00,166.2965,0.0000
CUDA_Transposed,CUDA,6000,2000,8,8,2,4,,75,3,0.001154,0.000000,0.00e+00,166.3856,0.0000
CUDA_Naive,CUDA,6000,2000,20,8,2,4,,75,1,0.001459,0.067546,1.85e-06,328.9765,46.2942
CUDA_Naive,CUDA,6000,2000,20,8,2,4,,75,2,0.001455,0.000000,0.00e+00,329.9722,0.0000
CUDA_Naive,CUDA,6000,2000,20,8,2,4,,75,3,0.001459,0.000000,0.00e+00,328.9124,0.0000
CUDA_Opt2D,CUDA,6000,2000,20,8,2,4,,75,1,0.001456,0.067697,1.85e-06,329.7140,46.5011
CUDA_Opt2D,CUDA,6000,2000,20,8,2,4,,75,2,0.001454,0.000000,0.00e+00,330.0333,0.0000
CUDA_Opt2D,CUDA,6000,2000,20,8,2,4,,75,3,0.001455,0.000000,0.00e+00,329.9644,0.0000
CUDA_Tiled,CUDA,6000,2000,20,8,2,4,,75,1,0.001297,0.066869,1.85e-06,370.0191,51.5472
CUDA_Tiled,CUDA,6000,2000,20,8,2,4,,75,2,0.001297,0.000000,0.00e+00,370.0933,0.0000
CUDA_Tiled,CUDA,6000,2000,20,8,2,4,,75,3,0.001295,0.000000,0.00e+00,370.5998,0.0000
CUDA_WarpRow,CUDA,6000,2000,20,8,2,4,,75,1,0.001454,0.066876,1.85e-06,330.0765,45.9877
CUDA_WarpRow,CUDA,6000,2000,20,8,2,4,,75,2,0.001450,0.000000,0.00e+00,331.0274,0.0000
CUDA_WarpRow,CUDA,6000,2000,20,8,2,4,,75,3,0.001451,0.000000,0.00e+00,330.8374,0.0000
CUDA_Transposed,CUDA,6000,2000,20,8,2,4,,75,1,0.001256,0.067134,1.85e-06,382.0410,53.4332
CUDA_Transposed,CUDA,6000,2000,20,8,2,4,,75,2,0.001260,0.000000,0.00e+00,381.0953,0.0000
CUDA_Transposed,CUDA,6000,2000,20,8,2,4,,75,3,0.001256,0.000000,0.00e+00,382.2221,0.0000
CUDA_Naive,CUDA,6000,2000,32,8,2,4,,75,1,0.001464,0.092234,1.47e-06,524.7412,63.0194
CUDA_Naive,CUDA,6000,2000,32,8,2,4,,75,2,0.001450,0.000000,0.00e+00,529.5373,0.0000
CUDA_Naive,CUDA,6000,2000,32,8,2,4,,75,3,0.001455,0.000000,0.00e+00,527.8288,0.0000
CUDA_Opt2D,CUDA,6000,2000,32,8,2,4,,75,1,0.001450,0.106184,1.47e-06,529.6168,73.2253
CUDA_Opt2D,CUDA,6000,2000,32,8,2,4,,75,2,0.001450,0.000000,0.00e+00,529.4788,0.0000
CUDA_Opt2D,CUDA,6000,2000,32,8,2,4,,75,3,0.001450,0.000000,0.00e+00,529.5149,0.0000
CUDA_Tiled,CUDA,6000,2000,32,8,2,4,,75,1,0.001298,0.090240,1.47e-06,591.5478,69.5070
CUDA_Tiled,CUDA,6000,2000,32,8,2,4,,75,2,0.001298,0.000000,0.00e+00,591.5357,0.0000
CUDA_Tiled,CUDA,6000,2000,32,8,2,4,,75,3,0.001298,0.000000,0.00e+00,591.6350,0.0000
CUDA_WarpRow,CUDA,6000,2000,32,8,2,4,,75,1,0.001454,0.105155,1.47e-06,528.2762,72.3317
CUDA_WarpRow,CUDA,6000,2000,32,8,2,4,,75,2,0.001445,0.000000,0.00e+00,531.4334,0.0000
CUDA_WarpRow,CUDA,6000,2000,32,8,2,4,,75,3,0.001453,0.000000,0.00e+00,528.3817,0.0000
CUDA_Transposed,CUDA,6000,2000,32,8,2,4,,75,1,0.001515,0.108473,1.47e-06,506.9617,71.6034
CUDA_Transposed,CUDA,6000,2000,32,8,2,4,,75,2,0.001516,0.000000,0.00e+00,506.5874,0.0000
CUDA_Transposed,CUDA,6000,2000,32,8,2,4,,75,3,0.001521,0.000000,0.00e+00,505.0205,0.0000
CUDA_Naive,CUDA,6000,2000,64,8,2,4,,75,1,0.002144,0.183216,1.59e-06,716.4883,85.4635
CUDA_Naive,CUDA,6000,2000,64,8,2,4,,75,2,0.002144,0.000000,0.00e+00,716.2753,0.0000
CUDA_Naive,CUDA,6000,2000,64,8,2,4,,75,3,0.002152,0.000000,0.00e+00,713.8715,0.0000
CUDA_Opt2D,CUDA,6000,2000,64,8,2,4,,75,1,0.002144,0.185481,1.59e-06,716.5612,86.5292
CUDA_Opt2D,CUDA,6000,2000,64,8,2,4,,75,2,0.002149,0.000000,0.00e+00,714.7010,0.0000
CUDA_Opt2D,CUDA,6000,2000,64,8,2,4,,75,3,0.002145,0.000000,0.00e+00,716.1531,0.0000
CUDA_Tiled,CUDA,6000,2000,64,8,2,4,,75,1,0.001831,0.177689,1.59e-06,838.6944,97.0228
CUDA_Tiled,CUDA,6000,2000,64,8,2,4,,75,2,0.001824,0.000000,0.00e+00,842.0207,0.0000
CUDA_Tiled,CUDA,6000,2000,64,8,2,4,,75,3,0.001824,0.000000,0.00e+00,842.1677,0.0000
CUDA_WarpRow,CUDA,6000,2000,64,8,2,4,,75,1,0.002134,0.166745,1.59e-06,719.9143,78.1524
CUDA_WarpRow,CUDA,6000,2000,64,8,2,4,,75,2,0.002129,0.000000,0.00e+00,721.3614,0.0000
CUDA_WarpRow,CUDA,6000,2000,64,8,2,4,,75,3,0.002133,0.000000,0.00e+00,720.2436,0.0000
CUDA_Transposed,CUDA,6000,2000,64,8,2,4,,75,1,0.002283,0.160992,1.59e-06,672.7706,70.5146
CUDA_Transposed,CUDA,6000,2000,64,8,2,4,,75,2,0.002282,0.000000,0.00e+00,673.0509,0.0000
CUDA_Transposed,CUDA,6000,2000,64,8,2,4,,75,3,0.002283,0.000000,0.00e+00,672.9371,0.0000
CUDA_Naive,CUDA,6000,2000,128,8,2,4,,75,1,0.003504,0.306089,1.65e-06,876.6279,87.3458
CUDA_Naive,CUDA,6000,2000,128,8,2,4,,75,2,0.003496,0.000000,0.00e+00,878.7389,0.0000
CUDA_Naive,CUDA,6000,2000,128,8,2,4,,75,3,0.003491,0.000000,0.00e+00,880.0155,0.0000
CUDA_Opt2D,CUDA,6000,2000,128,8,2,4,,75,1,0.003498,0.303900,1.65e-06,878.2284,86.8795
CUDA_Opt2D,CUDA,6000,2000,128,8,2,4,,75,2,0.003504,0.000000,0.00e+00,876.6171,0.0000
CUDA_Opt2D,CUDA,6000,2000,128,8,2,4,,75,3,0.003491,0.000000,0.00e+00,880.0307,0.0000
CUDA_Tiled,CUDA,6000,2000,128,8,2,4,,75,1,0.002876,0.300631,1.65e-06,1068.1788,104.5337
CUDA_Tiled,CUDA,6000,2000,128,8,2,4,,75,2,0.002879,0.000000,0.00e+00,1066.8963,0.0000
CUDA_Tiled,CUDA,6000,2000,128,8,2,4,,75,3,0.002878,0.000000,0.00e+00,1067.2483,0.0000
CUDA_WarpRow,CUDA,6000,2000,128,8,2,4,,75,1,0.003450,0.301370,1.65e-06,890.3986,87.3500
CUDA_WarpRow,CUDA,6000,2000,128,8,2,4,,75,2,0.003452,0.000000,0.00e+00,890.0358,0.0000
CUDA_WarpRow,CUDA,6000,2000,128,8,2,4,,75,3,0.003452,0.000000,0.00e+00,889.9158,0.0000
CUDA_Transposed,CUDA,6000,2000,128,8,2,4,,75,1,0.003796,0.307773,1.65e-06,809.3135,81.0824
CUDA_Transposed,CUDA,6000,2000,128,8,2,4,,75,2,0.003799,0.000000,0.00e+00,808.5435,0.0000
CUDA_Transposed,CUDA,6000,2000,128,8,2,4,,75,3,0.003799,0.000000,0.00e+00,808.6460,0.0000
CUDA_Naive,CUDA,4000,4000,3,8,2,4,,75,1,0.001793,0.055366,5.99e-06,53.5461,30.8815
CUDA_Naive,CUDA,4000,4000,3,8,2,4,,75,2,0.001795,0.000000,0.00e+00,53.4835,0.0000
CUDA_Naive,CUDA,4000,4000,3,8,2,4,,75,3,0.001799,0.000000,0.00e+00,53.3577,0.0000
CUDA_Opt2D,CUDA,4000,4000,3,8,2,4,,75,1,0.001794,0.056107,5.99e-06,53.5249,31.2826
CUDA_Opt2D,CUDA,4000,4000,3,8,2,4,,75,2,0.001762,0.000000,0.00e+00,54.4840,0.0000
CUDA_Opt2D,CUDA,4000,4000,3,8,2,4,,75,3,0.001793,0.000000,0.00e+00,53.5336,0.0000
CUDA_Tiled,CUDA,4000,4000,3,8,2,4,,75,1,0.001788,0.056024,5.99e-06,53.7040,31.3405
CUDA_Tiled,CUDA,4000,4000,3,8,2,4,,75,2,0.001787,0.000000,0.00e+00,53.7080,0.0000
CUDA_Tiled,CUDA,4000,4000,3,8,2,4,,75,3,0.001792,0.000000,0.00e+00,53.5788,0.0000
CUDA_WarpRow,CUDA,4000,4000,3,8,2,4,,75,1,0.001790,0.056456,5.99e-06,53.6405,31.5448
CUDA_WarpRow,CUDA,4000,4000,3,8,2,4,,75,2,0.001789,0.000000,0.00e+00,53.6665,0.0000
CUDA_WarpRow,CUDA,4000,4000,3,8,2,4,,75,3,0.001789,0.000000,0.00e+00,53.6713,0.0000
CUDA_Transposed,CUDA,4000,4000,3,8,2,4,,75,1,0.001446,0.056054,5.99e-06,66.4041,38.7730
CUDA_Transposed,CUDA,4000,4000,3,8,2,4,,75,2,0.001448,0.000000,0.00e+00,66.2757,0.0000
CUDA_Transposed,CUDA,4000,4000,3,8,2,4,,75,3,0.001446,0.000000,0.00e+00,66.4100,0.0000
CUDA_Naive,CUDA,4000,4000,6,8,2,4,,75,1,0.001806,0.072740,2.14e-06,106.3212,40.2800
CUDA_Naive,CUDA,4000,4000,6,8,2,4,,75,2,0.001801,0.000000,0.00e+00,106.6337,0.0000
CUDA_Naive,CUDA,4000,4000,6,8,2,4,,75,3,0.001806,0.000000,0.00e+00,106.3035,0.0000
CUDA_Opt2D,CUDA,4000,4000,6,8,2,4,,75,1,0.001801,0.071138,2.14e-06,106.6043,39.4981
CUDA_Opt2D,CUDA,4000,4000,6,8,2,4,,75,2,0.001805,0.000000,0.00e+00,106.3771,0.0000
CUDA_Opt2D,CUDA,4000,4000,6,8,2,4,,75,3,0.001806,0.000000,0.00e+00,106.3412,0.0000
CUDA_Tiled,CUDA,4000,4000,6,8,2,4,,75,1,0.001787,0.071809,2.14e-06,107.4612,40.1908
CUDA_Tiled,CUDA,4000,4000,6,8,2,4,,75,2,0.001790,0.000000,0.00e+00,107.2706,0.0000
CUDA_Tiled,CUDA,4000,4000,6,8,2,4,,75,3,0.001784,0.000000,0.00e+00,107.6495,0.0000
CUDA_WarpRow,CUDA,4000,4000,6,8,2,4,,75,1,0.001794,0.078013,2.14e-06,107.0021,43.4768
CUDA_WarpRow,CUDA,4000,4000,6,8,2,4,,75,2,0.001796,0.000000,0.00e+00,106.8953,0.0000
CUDA_WarpRow,CUDA,4000,4000,6,8,2,4,,75,3,0.001800,0.000000,0.00e+00,106.6590,0.0000
CUDA_Transposed,CUDA,4000,4000,6,8,2,4,,75,1,0.001463,0.078242,2.14e-06,131.2037,53.4666
CUDA_Transposed,CUDA,4000,4000,6,8,2,4,,75,2,0.001461,0.000000,0.00e+00,131.4339,0.0000
CUDA_Transposed,CUDA,4000,4000,6,8,2,4,,75,3,0.001454,0.000000,0.00e+00,132.0604,0.0000
CUDA_Naive,CUDA,4000,4000,8,8,2,4,,75,1,0.001808,0.054665,3.62e-06,141.5990,30.2363
CUDA_Naive,CUDA,4000,4000,8,8,2,4,,75,2,0.001803,0.000000,0.00e+00,141.9591,0.0000
CUDA_Naive,CUDA,4000,4000,8,8,2,4,,75,3,0.001804,0.000000,0.00e+00,141.9419,0.0000
CUDA_Opt2D,CUDA,4000,4000,8,8,2,4,,75,1,0.001803,0.055721,3.62e-06,141.9736,30.9017
CUDA_Opt2D,CUDA,4000,4000,8,8,2,4,,75,2,0.001802,0.000000,0.00e+00,142.0339,0.0000
CUDA_Opt2D,CUDA,4000,4000,8,8,2,4,,75,3,0.001803,0.000000,0.00e+00,141.9982,0.0000
CUDA_Tiled,CUDA,4000,4000,8,8,2,4,,75,1,0.001785,0.055077,3.62e-06,143.4194,30.8558
CUDA_Tiled,CUDA,4000,4000,8,8,2,4,,75,2,0.001789,0.000000,0.00e+00,143.1126,0.0000
CUDA_Tiled,CUDA,4000,4000,8,8,2,4,,75,3,0.001784,0.000000,0.00e+00,143.4836,0.0000
CUDA_WarpRow,CUDA,4000,4000,8,8,2,4,,75,1,0.001797,0.054461,3.62e-06,142.4816,30.3115
CUDA_WarpRow,CUDA,4000,4000,8,8,2,4,,75,2,0.001797,0.000000,0.00e+00,142.4515,0.0000
CUDA_WarpRow,CUDA,4000,4000,8,8,2,4,,75,3,0.001795,0.000000,0.00e+00,142.6473,0.0000
CUDA_Transposed,CUDA,4000,4000,8,8,2,4,,75,1,0.001468,0.055762,3.62e-06,174.3303,37.9727
CUDA_Transposed,CUDA,4000,4000,8,8,2,4,,75,2,0.001466,0.000000,0.00e+00,174.5955,0.0000
CUDA_Transposed,CUDA,4000,4000,8,8,2,4,,75,3,0.001469,0.000000,0.00e+00,174.2957,0.0000
CUDA_Naive,CUDA,4000,4000,20,8,2,4,,75,1,0.001826,0.087236,2.43e-06,350.5662,47.7845
CUDA_Naive,CUDA,4000,4000,20,8,2,4,,75,2,0.001831,0.000000,0.00e+00,349.6096,0.0000
CUDA_Naive,CUDA,4000,4000,20,8,2,4,,75,3,0.001819,0.000000,0.00e+00,351.7812,0.0000
CUDA_Opt2D,CUDA,4000,4000,20,8,2,4,,75,1,0.001830,0.089563,2.43e-06,349.7486,48.9446
CUDA_Opt2D,CUDA,4000,4000,20,8,2,4,,75,2,0.001835,0.000000,0.00e+00,348.8392,0.0000
CUDA_Opt2D,CUDA,4000,4000,20,8,2,4,,75,3,0.001831,0.000000,0.00e+00,349.4705,0.0000
CUDA_Tiled,CUDA,4000,4000,20,8,2,4,,75,1,0.001781,0.089294,2.43e-06,359.3371,50.1354
CUDA_Tiled,CUDA,4000,4000,20,8,2,4,,75,2,0.001794,0.000000,0.00e+00,356.6629,0.0000
CUDA_Tiled,CUDA,4000,4000,20,8,2,4,,75,3,0.001792,0.000000,0.00e+00,357.0718,0.0000
CUDA_WarpRow,CUDA,4000,4000,20,8,2,4,,75,1,0.001822,0.090215,2.43e-06,351.3256,49.5231
CUDA_WarpRow,CUDA,4000,4000,20,8,2,4,,75,2,0.001825,0.000000,0.00e+00,350.7626,0.0000
CUDA_WarpRow,CUDA,4000,4000,20,8,2,4,,75,3,0.001822,0.000000,0.00e+00,351.3123,0.0000
CUDA_Transposed,CUDA,4000,4000,20,8,2,4,,75,1,0.001687,0.091652,2.43e-06,379.3873,54.3306
CUDA_Transposed,CUDA,4000,4000,20,8,2,4,,75,2,0.001686,0.000000,0.00e+00,379.4858,0.0000
CUDA_Transposed,CUDA,4000,4000,20,8,2,4,,75,3,0.001682,0.000000,0.00e+00,380.6065,0.0000
CUDA_Naive,CUDA,4000,4000,32,8,2,4,,75,1,0.001825,0.123159,2.69e-06,561.1845,67.4952
CUDA_Naive,CUDA,4000,4000,32,8,2,4,,75,2,0.001824,0.000000,0.00e+00,561.4944,0.0000
CUDA_Naive,CUDA,4000,4000,32,8,2,4,,75,3,0.001823,0.000000,0.00e+00,561.7700,0.0000
CUDA_Opt2D,CUDA,4000,4000,32,8,2,4,,75,1,0.001823,0.132110,2.69e-06,561.8215,72.4827
CUDA_Opt2D,CUDA,4000,4000,32,8,2,4,,75,2,0.001824,0.000000,0.00e+00,561.4222,0.0000
CUDA_Opt2D,CUDA,4000,4000,32,8,2,4,,75,3,0.001824,0.000000,0.00e+00,561.4535,0.0000
CUDA_Tiled,CUDA,4000,4000,32,8,2,4,,75,1,0.001791,0.119465,2.69e-06,571.6850,66.6955
CUDA_Tiled,CUDA,4000,4000,32,8,2,4,,75,2,0.001796,0.000000,0.00e+00,570.1026,0.0000
CUDA_Tiled,CUDA,4000,4000,32,8,2,4,,75,3,0.001795,0.000000,0.00e+00,570.5933,0.0000
CUDA_WarpRow,CUDA,4000,4000,32,8,2,4,,75,1,0.001816,0.122250,2.69e-06,563.9679,67.3291
CUDA_WarpRow,CUDA,4000,4000,32,8,2,4,,75,2,0.001815,0.000000,0.00e+00,564.2782,0.0000
CUDA_WarpRow,CUDA,4000,4000,32,8,2,4,,75,3,0.001815,0.000000,0.00e+00,564.1613,0.0000
CUDA_Transposed,CUDA,4000,4000,32,8,2,4,,75,1,0.002212,0.121539,2.69e-06,462.9606,54.9488
CUDA_Transposed,CUDA,4000,4000,32,8,2,4,,75,2,0.002218,0.000000,0.00e+00,461.7598,0.0000
CUDA_Transposed,CUDA,4000,4000,32,8,2,4,,75,3,0.002217,0.000000,0.00e+00,461.9430,0.0000
CUDA_Naive,CUDA,4000,4000,64,8,2,4,,75,1,0.002701,0.215651,3.25e-06,758.0990,79.8264
CUDA_Naive,CUDA,4000,4000,64,8,2,4,,75,2,0.002709,0.000000,0.00e+00,756.0619,0.0000
CUDA_Naive,CUDA,4000,4000,64,8,2,4,,75,3,0.002702,0.000000,0.00e+00,758.0798,0.0000
CUDA_Opt2D,CUDA,4000,4000,64,8,2,4,,75,1,0.002708,0.218306,3.25e-06,756.1433,80.6007
CUDA_Opt2D,CUDA,4000,4000,64,8,2,4,,75,2,0.002704,0.000000,0.00e+00,757.4715,0.0000
CUDA_Opt2D,CUDA,4000,4000,64,8,2,4,,75,3,0.002705,0.000000,0.00e+00,757.1641,0.0000
CUDA_Tiled,CUDA,4000,4000,64,8,2,4,,75,1,0.002321,0.229617,3.25e-06,882.3132,98.9228
CUDA_Tiled,CUDA,4000,4000,64,8,2,4,,75,2,0.002330,0.000000,0.00e+00,878.9053,0.0000
CUDA_Tiled,CUDA,4000,4000,64,8,2,4,,75,3,0.002330,0.000000,0.00e+00,878.8812,0.0000
CUDA_WarpRow,CUDA,4000,4000,64,8,2,4,,75,1,0.002826,0.232117,3.25e-06,724.7808,82.1453
CUDA_WarpRow,CUDA,4000,4000,64,8,2,4,,75,2,0.002824,0.000000,0.00e+00,725.1524,0.0000
CUDA_WarpRow,CUDA,4000,4000,64,8,2,4,,75,3,0.002828,0.000000,0.00e+00,724.1564,0.0000
CUDA_Transposed,CUDA,4000,4000,64,8,2,4,,75,1,0.002964,0.227657,3.25e-06,690.9769,76.8095
CUDA_Transposed,CUDA,4000,4000,64,8,2,4,,75,2,0.002961,0.000000,0.00e+00,691.7630,0.0000
CUDA_Transposed,CUDA,4000,4000,64,8,2,4,,75,3,0.002960,0.000000,0.00e+00,691.9994,0.0000
CUDA_Naive,CUDA,4000,4000,128,8,2,4,,75,1,0.004431,0.422316,3.49e-06,924.3220,95.3017
CUDA_Naive,CUDA,4000,4000,128,8,2,4,,75,2,0.004429,0.000000,0.00e+00,924.8827,0.0000
CUDA_Naive,CUDA,4000,4000,128,8,2,4,,75,3,0.004435,0.000000,0.00e+00,923.6606,0.0000
CUDA_Opt2D,CUDA,4000,4000,128,8,2,4,,75,1,0.004443,0.482206,3.49e-06,921.8140,108.5215
CUDA_Opt2D,CUDA,4000,4000,128,8,2,4,,75,2,0.004428,0.000000,0.00e+00,925.1223,0.0000
CUDA_Opt2D,CUDA,4000,4000,128,8,2,4,,75,3,0.004421,0.000000,0.00e+00,926.5738,0.0000
CUDA_Tiled,CUDA,4000,4000,128,8,2,4,,75,1,0.003880,0.488302,3.49e-06,1055.7079,125.8556
CUDA_Tiled,CUDA,4000,4000,128,8,2,4,,75,2,0.003875,0.000000,0.00e+00,1057.1597,0.0000
CUDA_Tiled,CUDA,4000,4000,128,8,2,4,,75,3,0.003874,0.000000,0.00e+00,1057.2500,0.0000
CUDA_WarpRow,CUDA,4000,4000,128,8,2,4,,75,1,0.004910,0.433929,3.49e-06,834.2129,88.3763
CUDA_WarpRow,CUDA,4000,4000,128,8,2,4,,75,2,0.004909,0.000000,0.00e+00,834.4295,0.0000
CUDA_WarpRow,CUDA,4000,4000,128,8,2,4,,75,3,0.004914,0.000000,0.00e+00,833.5696,0.0000
CUDA_Transposed,CUDA,4000,4000,128,8,2,4,,75,1,0.005154,0.479252,3.49e-06,794.6898,92.9825
CUDA_Transposed,CUDA,4000,4000,128,8,2,4,,75,2,0.005163,0.000000,0.00e+00,793.2714,0.0000
CUDA_Transposed,CUDA,4000,4000,128,8,2,4,,75,3,0.005158,0.000000,0.00e+00,794.1711,0.0000
CUDA_Naive,CUDA,2000,6000,3,8,2,4,,75,1,0.001565,0.042167,5.85e-06,46.0138,26.9483
CUDA_Naive,CUDA,2000,6000,3,8,2,4,,75,2,0.001571,0.000000,0.00e+00,45.8237,0.0000
CUDA_Naive,CUDA,2000,6000,3,8,2,4,,75,3,0.001566,0.000000,0.00e+00,45.9893,0.0000
CUDA_Opt2D,CUDA,2000,6000,3,8,2,4,,75,1,0.001566,0.042357,5.85e-06,45.9719,27.0450
CUDA_Opt2D,CUDA,2000,6000,3,8,2,4,,75,2,0.001565,0.000000,0.00e+00,46.0026,0.0000
CUDA_Opt2D,CUDA,2000,6000,3,8,2,4,,75,3,0.001566,0.000000,0.00e+00,45.9800,0.0000
CUDA_Tiled,CUDA,2000,6000,3,8,2,4,,75,1,0.001539,0.040963,5.85e-06,46.7717,26.6096
CUDA_Tiled,CUDA,2000,6000,3,8,2,4,,75,2,0.001535,0.000000,0.00e+00,46.9081,0.0000
CUDA_Tiled,CUDA,2000,6000,3,8,2,4,,75,3,0.001535,0.000000,0.00e+00,46.9171,0.0000
CUDA_WarpRow,CUDA,2000,6000,3,8,2,4,,75,1,0.001561,0.042177,5.85e-06,46.1333,27.0248
CUDA_WarpRow,CUDA,2000,6000,3,8,2,4,,75,2,0.001558,0.000000,0.00e+00,46.2145,0.0000
CUDA_WarpRow,CUDA,2000,6000,3,8,2,4,,75,3,0.001551,0.000000,0.00e+00,46.4223,0.0000
CUDA_Transposed,CUDA,2000,6000,3,8,2,4,,75,1,0.001293,0.041979,5.85e-06,55.7024,32.4771
CUDA_Transposed,CUDA,2000,6000,3,8,2,4,,75,2,0.001288,0.000000,0.00e+00,55.9138,0.0000
CUDA_Transposed,CUDA,2000,6000,3,8,2,4,,75,3,0.001292,0.000000,0.00e+00,55.7456,0.0000
CUDA_Naive,CUDA,2000,6000,6,8,2,4,,75,1,0.001569,0.053071,4.67e-06,91.7617,33.8186
CUDA_Naive,CUDA,2000,6000,6,8,2,4,,75,2,0.001570,0.000000,0.00e+00,91.7465,0.0000
CUDA_Naive,CUDA,2000,6000,6,8,2,4,,75,3,0.001570,0.000000,0.00e+00,91.7407,0.0000
CUDA_Opt2D,CUDA,2000,6000,6,8,2,4,,75,1,0.001571,0.054231,4.67e-06,91.6828,34.5279
CUDA_Opt2D,CUDA,2000,6000,6,8,2,4,,75,2,0.001569,0.000000,0.00e+00,91.7564,0.0000
CUDA_Opt2D,CUDA,2000,6000,6,8,2,4,,75,3,0.001575,0.000000,0.00e+00,91.4067,0.0000
CUDA_Tiled,CUDA,2000,6000,6,8,2,4,,75,1,0.001535,0.053366,4.67e-06,93.8313,34.7739
CUDA_Tiled,CUDA,2000,6000,6,8,2,4,,75,2,0.001536,0.000000,0.00e+00,93.7675,0.0000
CUDA_Tiled,CUDA,2000,6000,6,8,2,4,,75,3,0.001534,0.000000,0.00e+00,93.8831,0.0000
CUDA_WarpRow,CUDA,2000,6000,6,8,2,4,,75,1,0.001568,0.057305,4.67e-06,91.8508,36.5523
CUDA_WarpRow,CUDA,2000,6000,6,8,2,4,,75,2,0.001564,0.000000,0.00e+00,92.0978,0.0000
CUDA_WarpRow,CUDA,2000,6000,6,8,2,4,,75,3,0.001564,0.000000,0.00e+00,92.0636,0.0000
CUDA_Transposed,CUDA,2000,6000,6,8,2,4,,75,1,0.001302,0.058976,4.67e-06,110.5621,45.2814
CUDA_Transposed,CUDA,2000,6000,6,8,2,4,,75,2,0.001302,0.000000,0.00e+00,110.6332,0.0000
CUDA_Transposed,CUDA,2000,6000,6,8,2,4,,75,3,0.001301,0.000000,0.00e+00,110.6461,0.0000
CUDA_Naive,CUDA,2000,6000,8,8,2,4,,75,1,0.001569,0.040711,2.31e-06,122.3583,25.9443
CUDA_Naive,CUDA,2000,6000,8,8,2,4,,75,2,0.001570,0.000000,0.00e+00,122.3286,0.0000
CUDA_Naive,CUDA,2000,6000,8,8,2,4,,75,3,0.001569,0.000000,0.00e+00,122.3909,0.0000
CUDA_Opt2D,CUDA,2000,6000,8,8,2,4,,75,1,0.001568,0.041812,2.31e-06,122.4351,26.6627
CUDA_Opt2D,CUDA,2000,6000,8,8,2,4,,75,2,0.001570,0.000000,0.00e+00,122.2924,0.0000
CUDA_Opt2D,CUDA,2000,6000,8,8,2,4,,75,3,0.001568,0.000000,0.00e+00,122.4444,0.0000
CUDA_Tiled,CUDA,2000,6000,8,8,2,4,,75,1,0.001536,0.042036,2.31e-06,125.0053,27.3681
CUDA_Tiled,CUDA,2000,6000,8,8,2,4,,75,2,0.001534,0.000000,0.00e+00,125.1429,0.0000
CUDA_Tiled,CUDA,2000,6000,8,8,2,4,,75,3,0.001536,0.000000,0.00e+00,125.0382,0.0000
CUDA_WarpRow,CUDA,2000,6000,8,8,2,4,,75,1,0.001564,0.041563,2.31e-06,122.7923,26.5812
CUDA_WarpRow,CUDA,2000,6000,8,8,2,4,,75,2,0.001564,0.000000,0.00e+00,122.7568,0.0000
CUDA_WarpRow,CUDA,2000,6000,8,8,2,4,,75,3,0.001563,0.000000,0.00e+00,122.8487,0.0000
CUDA_Transposed,CUDA,2000,6000,8,8,2,4,,75,1,0.001315,0.041442,2.31e-06,146.0623,31.5269
CUDA_Transposed,CUDA,2000,6000,8,8,2,4,,75,2,0.001314,0.000000,0.00e+00,146.1413,0.0000
CUDA_Transposed,CUDA,2000,6000,8,8,2,4,,75,3,0.001311,0.000000,0.00e+00,146.4947,0.0000
CUDA_Naive,CUDA,2000,6000,20,8,2,4,,75,1,0.001583,0.067143,3.49e-06,303.2765,42.4226
CUDA_Naive,CUDA,2000,6000,20,8,2,4,,75,2,0.001580,0.000000,0.00e+00,303.8423,0.0000
CUDA_Naive,CUDA,2000,6000,20,8,2,4,,75,3,0.001580,0.000000,0.00e+00,303.7051,0.0000
CUDA_Opt2D,CUDA,2000,6000,20,8,2,4,,75,1,0.001580,0.065164,3.49e-06,303.7756,41.2400
CUDA_Opt2D,CUDA,2000,6000,20,8,2,4,,75,2,0.001581,0.000000,0.00e+00,303.6205,0.0000
CUDA_Opt2D,CUDA,2000,6000,20,8,2,4,,75,3,0.001581,0.000000,0.00e+00,303.6462,0.0000
CUDA_Tiled,CUDA,2000,6000,20,8,2,4,,75,1,0.001538,0.066838,3.49e-06,312.1936,43.4719
CUDA_Tiled,CUDA,2000,6000,20,8,2,4,,75,2,0.001536,0.000000,0.00e+00,312.5667,0.0000
CUDA_Tiled,CUDA,2000,6000,20,8,2,4,,75,3,0.001536,0.000000,0.00e+00,312.4892,0.0000
CUDA_WarpRow,CUDA,2000,6000,20,8,2,4,,75,1,0.001575,0.066360,3.49e-06,304.6977,42.1242
CUDA_WarpRow,CUDA,2000,6000,20,8,2,4,,75,2,0.001580,0.000000,0.00e+00,303.8286,0.0000
CUDA_WarpRow,CUDA,2000,6000,20,8,2,4,,75,3,0.001580,0.000000,0.00e+00,303.8450,0.0000
CUDA_Transposed,CUDA,2000,6000,20,8,2,4,,75,1,0.001484,0.068572,3.49e-06,323.5352,46.2195
CUDA_Transposed,CUDA,2000,6000,20,8,2,4,,75,2,0.001481,0.000000,0.00e+00,324.0539,0.0000
CUDA_Transposed,CUDA,2000,6000,20,8,2,4,,75,3,0.001482,0.000000,0.00e+00,323.8132,0.0000
CUDA_Naive,CUDA,2000,6000,32,8,2,4,,75,1,0.001576,0.101121,3.80e-06,487.4284,64.1789
CUDA_Naive,CUDA,2000,6000,32,8,2,4,,75,2,0.001565,0.000000,0.00e+00,490.7254,0.0000
CUDA_Naive,CUDA,2000,6000,32,8,2,4,,75,3,0.001575,0.000000,0.00e+00,487.5183,0.0000
CUDA_Opt2D,CUDA,2000,6000,32,8,2,4,,75,1,0.001575,0.107068,3.80e-06,487.7021,67.9911
CUDA_Opt2D,CUDA,2000,6000,32,8,2,4,,75,2,0.001575,0.000000,0.00e+00,487.6784,0.0000
CUDA_Opt2D,CUDA,2000,6000,32,8,2,4,,75,3,0.001574,0.000000,0.00e+00,487.8352,0.0000
CUDA_Tiled,CUDA,2000,6000,32,8,2,4,,75,1,0.001539,0.092024,3.80e-06,498.9916,59.7905
CUDA_Tiled,CUDA,2000,6000,32,8,2,4,,75,2,0.001533,0.000000,0.00e+00,501.0446,0.0000
CUDA_Tiled,CUDA,2000,6000,32,8,2,4,,75,3,0.001537,0.000000,0.00e+00,499.6207,0.0000
CUDA_WarpRow,CUDA,2000,6000,32,8,2,4,,75,1,0.001572,0.090945,3.80e-06,488.6175,57.8613
CUDA_WarpRow,CUDA,2000,6000,32,8,2,4,,75,2,0.001577,0.000000,0.00e+00,487.0983,0.0000
CUDA_WarpRow,CUDA,2000,6000,32,8,2,4,,75,3,0.001577,0.000000,0.00e+00,486.9660,0.0000
CUDA_Transposed,CUDA,2000,6000,32,8,2,4,,75,1,0.001873,0.092305,3.80e-06,410.0448,49.2829
CUDA_Transposed,CUDA,2000,6000,32,8,2,4,,75,2,0.001882,0.000000,0.00e+00,408.1358,0.0000
CUDA_Transposed,CUDA,2000,6000,32,8,2,4,,75,3,0.001882,0.000000,0.00e+00,407.9690,0.0000
CUDA_Naive,CUDA,2000,6000,64,8,2,4,,75,1,0.002333,0.182103,4.13e-06,658.3182,78.0481
CUDA_Naive,CUDA,2000,6000,64,8,2,4,,75,2,0.002327,0.000000,0.00e+00,660.1469,0.0000
CUDA_Naive,CUDA,2000,6000,64,8,2,4,,75,3,0.002334,0.000000,0.00e+00,658.2269,0.0000
CUDA_Opt2D,CUDA,2000,6000,64,8,2,4,,75,1,0.002329,0.188135,4.13e-06,659.4574,80.7727
CUDA_Opt2D,CUDA,2000,6000,64,8,2,4,,75,2,0.002334,0.000000,0.00e+00,658.1347,0.0000
CUDA_Opt2D,CUDA,2000,6000,64,8,2,4,,75,3,0.002329,0.000000,0.00e+00,659.5434,0.0000
CUDA_Tiled,CUDA,2000,6000,64,8,2,4,,75,1,0.002262,0.178452,4.13e-06,679.1394,78.9021
CUDA_Tiled,CUDA,2000,6000,64,8,2,4,,75,2,0.002253,0.000000,0.00e+00,681.6813,0.0000
CUDA_Tiled,CUDA,2000,6000,64,8,2,4,,75,3,0.002264,0.000000,0.00e+00,678.4358,0.0000
CUDA_WarpRow,CUDA,2000,6000,64,8,2,4,,75,1,0.002336,0.191451,4.13e-06,657.4685,81.9488
CUDA_WarpRow,CUDA,2000,6000,64,8,2,4,,75,2,0.002336,0.000000,0.00e+00,657.5076,0.0000
CUDA_WarpRow,CUDA,2000,6000,64,8,2,4,,75,3,0.002335,0.000000,0.00e+00,657.8378,0.0000
CUDA_Transposed,CUDA,2000,6000,64,8,2,4,,75,1,0.002948,0.167537,4.13e-06,520.9790,56.8249
CUDA_Transposed,CUDA,2000,6000,64,8,2,4,,75,2,0.002942,0.000000,0.00e+00,522.1434,0.0000
CUDA_Transposed,CUDA,2000,6000,64,8,2,4,,75,3,0.002942,0.000000,0.00e+00,522.0763,0.0000
CUDA_Naive,CUDA,2000,6000,128,8,2,4,,75,1,0.003586,0.320284,3.98e-06,856.6730,89.3161
CUDA_Naive,CUDA,2000,6000,128,8,2,4,,75,2,0.003586,0.000000,0.00e+00,856.5620,0.0000
CUDA_Naive,CUDA,2000,6000,128,8,2,4,,75,3,0.003595,0.000000,0.00e+00,854.5806,0.0000
CUDA_Opt2D,CUDA,2000,6000,128,8,2,4,,75,1,0.003591,0.335642,3.98e-06,855.4534,93.4655
CUDA_Opt2D,CUDA,2000,6000,128,8,2,4,,75,2,0.003585,0.000000,0.00e+00,856.8750,0.0000
CUDA_Opt2D,CUDA,2000,6000,128,8,2,4,,75,3,0.003592,0.000000,0.00e+00,855.1768,0.0000
CUDA_Tiled,CUDA,2000,6000,128,8,2,4,,75,1,0.003066,0.326685,3.98e-06,1001.8725,106.5420
CUDA_Tiled,CUDA,2000,6000,128,8,2,4,,75,2,0.003070,0.000000,0.00e+00,1000.7105,0.0000
CUDA_Tiled,CUDA,2000,6000,128,8,2,4,,75,3,0.003065,0.000000,0.00e+00,1002.3866,0.0000
CUDA_WarpRow,CUDA,2000,6000,128,8,2,4,,75,1,0.003853,0.322560,3.98e-06,797.2247,83.7087
CUDA_WarpRow,CUDA,2000,6000,128,8,2,4,,75,2,0.003862,0.000000,0.00e+00,795.3840,0.0000
CUDA_WarpRow,CUDA,2000,6000,128,8,2,4,,75,3,0.003854,0.000000,0.00e+00,797.0237,0.0000
CUDA_Transposed,CUDA,2000,6000,128,8,2,4,,75,1,0.004080,0.366928,3.98e-06,752.9286,89.9319
CUDA_Transposed,CUDA,2000,6000,128,8,2,4,,75,2,0.004079,0.000000,0.00e+00,753.0483,0.0000
CUDA_Transposed,CUDA,2000,6000,128,8,2,4,,75,3,0.004078,0.000000,0.00e+00,753.3862,0.0000
CUDA_Naive,CUDA,2000,2000,3,8,4,2,,75,1,0.001086,0.013616,2.36e-06,22.1096,12.5432
CUDA_Naive,CUDA,2000,2000,3,8,4,2,,75,2,0.001086,0.000000,0.00e+00,22.0930,0.0000
CUDA_Naive,CUDA,2000,2000,3,8,4,2,,75,3,0.001091,0.000000,0.00e+00,21.9978,0.0000
CUDA_Opt2D,CUDA,2000,2000,3,8,4,2,,75,1,0.001086,0.014039,2.36e-06,22.1033,12.9295
CUDA_Opt2D,CUDA,2000,2000,3,8,4,2,,75,2,0.001086,0.000000,0.00e+00,22.0953,0.0000
CUDA_Opt2D,CUDA,2000,2000,3,8,4,2,,75,3,0.001090,0.000000,0.00e+00,22.0225,0.0000
CUDA_Tiled,CUDA,2000,2000,3,8,4,2,,75,1,0.001219,0.014076,2.36e-06,19.6842,11.5447
CUDA_Tiled,CUDA,2000,2000,3,8,4,2,,75,2,0.001220,0.000000,0.00e+00,19.6718,0.0000
CUDA_Tiled,CUDA,2000,2000,3,8,4,2,,75,3,0.001220,0.000000,0.00e+00,19.6668,0.0000
CUDA_WarpRow,CUDA,2000,2000,3,8,4,2,,75,1,0.001083,0.013961,2.36e-06,22.1686,12.8955
CUDA_WarpRow,CUDA,2000,2000,3,8,4,2,,75,2,0.001082,0.000000,0.00e+00,22.1792,0.0000
CUDA_WarpRow,CUDA,2000,2000,3,8,4,2,,75,3,0.001073,0.000000,0.00e+00,22.3596,0.0000
CUDA_Transposed,CUDA,2000,2000,3,8,4,2,,75,1,0.001099,0.013670,2.36e-06,21.8290,12.4334
CUDA_Transposed,CUDA,2000,2000,3,8,4,2,,75,2,0.001087,0.000000,0.00e+00,22.0856,0.0000
CUDA_Transposed,CUDA,2000,2000,3,8,4,2,,75,3,0.001096,0.000000,0.00e+00,21.8913,0.0000
CUDA_Naive,CUDA,2000,2000,6,8,4,2,,75,1,0.001083,0.018271,2.37e-06,44.3268,16.8727
CUDA_Naive,CUDA,2000,2000,6,8,4,2,,75,2,0.001079,0.000000,0.00e+00,44.4938,0.0000
CUDA_Naive,CUDA,2000,2000,6,8,4,2,,75,3,0.001087,0.000000,0.00e+00,44.1477,0.0000
CUDA_Opt2D,CUDA,2000,2000,6,8,4,2,,75,1,0.001080,0.018148,2.37e-06,44.4647,16.8117
CUDA_Opt2D,CUDA,2000,2000,6,8,4,2,,75,2,0.001087,0.000000,0.00e+00,44.1486,0.0000
CUDA_Opt2D,CUDA,2000,2000,6,8,4,2,,75,3,0.001088,0.000000,0.00e+00,44.1236,0.0000
CUDA_Tiled,CUDA,2000,2000,6,8,4,2,,75,1,0.001220,0.018229,2.37e-06,39.3564,14.9468
CUDA_Tiled,CUDA,2000,2000,6,8,4,2,,75,2,0.001220,0.000000,0.00e+00,39.3380,0.0000
CUDA_Tiled,CUDA,2000,2000,6,8,4,2,,75,3,0.001220,0.000000,0.00e+00,39.3364,0.0000
CUDA_WarpRow,CUDA,2000,2000,6,8,4,2,,75,1,0.001085,0.019547,2.37e-06,44.2390,18.0152
CUDA_WarpRow,CUDA,2000,2000,6,8,4,2,,75,2,0.001085,0.000000,0.00e+00,44.2223,0.0000
CUDA_WarpRow,CUDA,2000,2000,6,8,4,2,,75,3,0.001085,0.000000,0.00e+00,44.2524,0.0000
CUDA_Transposed,CUDA,2000,2000,6,8,4,2,,75,1,0.001105,0.019052,2.37e-06,43.4380,17.2416
CUDA_Transposed,CUDA,2000,2000,6,8,4,2,,75,2,0.001105,0.000000,0.00e+00,43.4336,0.0000
CUDA_Transposed,CUDA,2000,2000,6,8,4,2,,75,3,0.001104,0.000000,0.00e+00,43.4785,0.0000
CUDA_Naive,CUDA,2000,2000,8,8,4,2,,75,1,0.001092,0.013670,1.13e-06,58.5975,12.5158
CUDA_Naive,CUDA,2000,2000,8,8,4,2,,75,2,0.001092,0.000000,0.00e+00,58.5972,0.0000
CUDA_Naive,CUDA,2000,2000,8,8,4,2,,75,3,0.001086,0.000000,0.00e+00,58.9083,0.0000
CUDA_Opt2D,CUDA,2000,2000,8,8,4,2,,75,1,0.001088,0.013994,1.13e-06,58.8411,12.8658
CUDA_Opt2D,CUDA,2000,2000,8,8,4,2,,75,2,0.001087,0.000000,0.00e+00,58.8788,0.0000
CUDA_Opt2D,CUDA,2000,2000,8,8,4,2,,75,3,0.001089,0.000000,0.00e+00,58.7885,0.0000
CUDA_Tiled,CUDA,2000,2000,8,8,4,2,,75,1,0.001225,0.013518,1.13e-06,52.2568,11.0374
CUDA_Tiled,CUDA,2000,2000,8,8,4,2,,75,2,0.001220,0.000000,0.00e+00,52.4673,0.0000
CUDA_Tiled,CUDA,2000,2000,8,8,4,2,,75,3,0.001220,0.000000,0.00e+00,52.4572,0.0000
CUDA_WarpRow,CUDA,2000,2000,8,8,4,2,,75,1,0.001075,0.013776,1.13e-06,59.5134,12.8100
CUDA_WarpRow,CUDA,2000,2000,8,8,4,2,,75,2,0.001085,0.000000,0.00e+00,58.9985,0.0000
CUDA_WarpRow,CUDA,2000,2000,8,8,4,2,,75,3,0.001086,0.000000,0.00e+00,58.9575,0.0000
CUDA_Transposed,CUDA,2000,2000,8,8,4,2,,75,1,0.001127,0.013830,1.13e-06,56.7961,12.2729
CUDA_Transposed,CUDA,2000,2000,8,8,4,2,,75,2,0.001130,0.000000,0.00e+00,56.6587,0.0000
CUDA_Transposed,CUDA,2000,2000,8,8,4,2,,75,3,0.001118,0.000000,0.00e+00,57.2441,0.0000
CUDA_Naive,CUDA,2000,2000,20,8,4,2,,75,1,0.001098,0.022320,1.90e-06,145.7257,20.3290
CUDA_Naive,CUDA,2000,2000,20,8,4,2,,75,2,0.001093,0.000000,0.00e+00,146.3927,0.0000
CUDA_Naive,CUDA,2000,2000,20,8,4,2,,75,3,0.001094,0.000000,0.00e+00,146.2769,0.0000
CUDA_Opt2D,CUDA,2000,2000,20,8,4,2,,75,1,0.001094,0.021901,1.90e-06,146.2399,20.0176
CUDA_Opt2D,CUDA,2000,2000,20,8,4,2,,75,2,0.001093,0.000000,0.00e+00,146.4032,0.0000
CUDA_Opt2D,CUDA,2000,2000,20,8,4,2,,75,3,0.001094,0.000000,0.00e+00,146.3148,0.0000
CUDA_Tiled,CUDA,2000,2000,20,8,4,2,,75,1,0.001223,0.022907,1.90e-06,130.8737,18.7367
CUDA_Tiled,CUDA,2000,2000,20,8,4,2,,75,2,0.001217,0.000000,0.00e+00,131.4923,0.0000
CUDA_Tiled,CUDA,2000,2000,20,8,4,2,,75,3,0.001212,0.000000,0.00e+00,131.9995,0.0000
CUDA_WarpRow,CUDA,2000,2000,20,8,4,2,,75,1,0.001096,0.022444,1.90e-06,146.0169,20.4823
CUDA_WarpRow,CUDA,2000,2000,20,8,4,2,,75,2,0.001094,0.000000,0.00e+00,146.2388,0.0000
CUDA_WarpRow,CUDA,2000,2000,20,8,4,2,,75,3,0.001081,0.000000,0.00e+00,147.9675,0.0000
CUDA_Transposed,CUDA,2000,2000,20,8,4,2,,75,1,0.001179,0.023289,1.90e-06,135.6550,19.7456
CUDA_Transposed,CUDA,2000,2000,20,8,4,2,,75,2,0.001180,0.000000,0.00e+00,135.5998,0.0000
CUDA_Transposed,CUDA,2000,2000,20,8,4,2,,75,3,0.001180,0.000000,0.00e+00,135.6452,0.0000
CUDA_Naive,CUDA,2000,2000,32,8,4,2,,75,1,0.001092,0.030821,1.56e-06,234.4361,28.2249
CUDA_Naive,CUDA,2000,2000,32,8,4,2,,75,2,0.001092,0.000000,0.00e+00,234.4209,0.0000
CUDA_Naive,CUDA,2000,2000,32,8,4,2,,75,3,0.001091,0.000000,0.00e+00,234.7099,0.0000
CUDA_Opt2D,CUDA,2000,2000,32,8,4,2,,75,1,0.001092,0.030471,1.56e-06,234.4978,27.9113
CUDA_Opt2D,CUDA,2000,2000,32,8,4,2,,75,2,0.001091,0.000000,0.00e+00,234.5550,0.0000
CUDA_Opt2D,CUDA,2000,2000,32,8,4,2,,75,3,0.001092,0.000000,0.00e+00,234.5249,0.0000
CUDA_Tiled,CUDA,2000,2000,32,8,4,2,,75,1,0.001217,0.029832,1.56e-06,210.4016,24.5182
CUDA_Tiled,CUDA,2000,2000,32,8,4,2,,75,2,0.001226,0.000000,0.00e+00,208.7677,0.0000
CUDA_Tiled,CUDA,2000,2000,32,8,4,2,,75,3,0.001227,0.000000,0.00e+00,208.5913,0.0000
CUDA_WarpRow,CUDA,2000,2000,32,8,4,2,,75,1,0.001090,0.032815,1.56e-06,234.8545,30.1047
CUDA_WarpRow,CUDA,2000,2000,32,8,4,2,,75,2,0.001088,0.000000,0.00e+00,235.3828,0.0000
CUDA_WarpRow,CUDA,2000,2000,32,8,4,2,,75,3,0.001094,0.000000,0.00e+00,234.0803,0.0000
CUDA_Transposed,CUDA,2000,2000,32,8,4,2,,75,1,0.001399,0.030788,1.56e-06,182.9227,21.9991
CUDA_Transposed,CUDA,2000,2000,32,8,4,2,,75,2,0.001408,0.000000,0.00e+00,181.8279,0.0000
CUDA_Transposed,CUDA,2000,2000,32,8,4,2,,75,3,0.001403,0.000000,0.00e+00,182.4959,0.0000
CUDA_Naive,CUDA,2000,2000,64,8,4,2,,75,1,0.001300,0.055803,1.65e-06,393.8774,42.9289
CUDA_Naive,CUDA,2000,2000,64,8,4,2,,75,2,0.001300,0.000000,0.00e+00,393.7278,0.0000
CUDA_Naive,CUDA,2000,2000,64,8,4,2,,75,3,0.001290,0.000000,0.00e+00,396.7840,0.0000
CUDA_Opt2D,CUDA,2000,2000,64,8,4,2,,75,1,0.001302,0.053225,1.65e-06,393.3184,40.8873
CUDA_Opt2D,CUDA,2000,2000,64,8,4,2,,75,2,0.001300,0.000000,0.00e+00,393.8502,0.0000
CUDA_Opt2D,CUDA,2000,2000,64,8,4,2,,75,3,0.001305,0.000000,0.00e+00,392.2821,0.0000
CUDA_Tiled,CUDA,2000,2000,64,8,4,2,,75,1,0.001283,0.058015,1.65e-06,399.0873,45.2210
CUDA_Tiled,CUDA,2000,2000,64,8,4,2,,75,2,0.001284,0.000000,0.00e+00,398.7268,0.0000
CUDA_Tiled,CUDA,2000,2000,64,8,4,2,,75,3,0.001279,0.000000,0.00e+00,400.1952,0.0000
CUDA_WarpRow,CUDA,2000,2000,64,8,4,2,,75,1,0.001395,0.056101,1.65e-06,367.1035,40.2243
CUDA_WarpRow,CUDA,2000,2000,64,8,4,2,,75,2,0.001394,0.000000,0.00e+00,367.3486,0.0000
CUDA_WarpRow,CUDA,2000,2000,64,8,4,2,,75,3,0.001395,0.000000,0.00e+00,366.9725,0.0000
CUDA_Transposed,CUDA,2000,2000,64,8,4,2,,75,1,0.001433,0.060253,1.65e-06,357.3371,42.0522
CUDA_Transposed,CUDA,2000,2000,64,8,4,2,,75,2,0.001431,0.000000,0.00e+00,357.8147,0.0000
CUDA_Transposed,CUDA,2000,2000,64,8,4,2,,75,3,0.001433,0.000000,0.00e+00,357.2380,0.0000
CUDA_Naive,CUDA,2000,2000,128,8,4,2,,75,1,0.001799,0.102118,1.66e-06,569.1116,56.7542
CUDA_Naive,CUDA,2000,2000,128,8,4,2,,75,2,0.001801,0.000000,0.00e+00,568.6207,0.0000
CUDA_Naive,CUDA,2000,2000,128,8,4,2,,75,3,0.001800,0.000000,0.00e+00,568.9768,0.0000
CUDA_Opt2D,CUDA,2000,2000,128,8,4,2,,75,1,0.001790,0.107795,1.66e-06,572.1765,60.2323
CUDA_Opt2D,CUDA,2000,2000,128,8,4,2,,75,2,0.001799,0.000000,0.00e+00,569.1088,0.0000
CUDA_Opt2D,CUDA,2000,2000,128,8,4,2,,75,3,0.001805,0.000000,0.00e+00,567.4085,0.0000
CUDA_Tiled,CUDA,2000,2000,128,8,4,2,,75,1,0.001798,0.117497,1.66e-06,569.5221,65.3487
CUDA_Tiled,CUDA,2000,2000,128,8,4,2,,75,2,0.001799,0.000000,0.00e+00,569.1740,0.0000
CUDA_Tiled,CUDA,2000,2000,128,8,4,2,,75,3,0.001788,0.000000,0.00e+00,572.7325,0.0000
CUDA_WarpRow,CUDA,2000,2000,128,8,4,2,,75,1,0.002028,0.104368,1.66e-06,504.8146,51.4518
CUDA_WarpRow,CUDA,2000,2000,128,8,4,2,,75,2,0.002030,0.000000,0.00e+00,504.5184,0.0000
CUDA_WarpRow,CUDA,2000,2000,128,8,4,2,,75,3,0.002028,0.000000,0.00e+00,504.9021,0.0000
CUDA_Transposed,CUDA,2000,2000,128,8,4,2,,75,1,0.002120,0.118279,1.66e-06,482.9748,55.7870
CUDA_Transposed,CUDA,2000,2000,128,8,4,2,,75,2,0.002120,0.000000,0.00e+00,483.0759,0.0000
CUDA_Transposed,CUDA,2000,2000,128,8,4,2,,75,3,0.002133,0.000000,0.00e+00,480.1872,0.0000
CUDA_Naive,CUDA,2000,4000,3,8,4,2,,75,1,0.001448,0.028127,6.80e-06,33.1581,19.4298
CUDA_Naive,CUDA,2000,4000,3,8,4,2,,75,2,0.001446,0.000000,0.00e+00,33.1902,0.0000
CUDA_Naive,CUDA,2000,4000,3,8,4,2,,75,3,0.001446,0.000000,0.00e+00,33.1882,0.0000
CUDA_Opt2D,CUDA,2000,4000,3,8,4,2,,75,1,0.001447,0.028032,6.80e-06,33.1801,19.3775
CUDA_Opt2D,CUDA,2000,4000,3,8,4,2,,75,2,0.001447,0.000000,0.00e+00,33.1785,0.0000
CUDA_Opt2D,CUDA,2000,4000,3,8,4,2,,75,3,0.001447,0.000000,0.00e+00,33.1633,0.0000
CUDA_Tiled,CUDA,2000,4000,3,8,4,2,,75,1,0.001685,0.027998,6.80e-06,28.4828,16.6137
CUDA_Tiled,CUDA,2000,4000,3,8,4,2,,75,2,0.001685,0.000000,0.00e+00,28.4855,0.0000
CUDA_Tiled,CUDA,2000,4000,3,8,4,2,,75,3,0.001685,0.000000,0.00e+00,28.4861,0.0000
CUDA_WarpRow,CUDA,2000,4000,3,8,4,2,,75,1,0.001438,0.028045,6.80e-06,33.3702,19.4973
CUDA_WarpRow,CUDA,2000,4000,3,8,4,2,,75,2,0.001439,0.000000,0.00e+00,33.3611,0.0000
CUDA_WarpRow,CUDA,2000,4000,3,8,4,2,,75,3,0.001438,0.000000,0.00e+00,33.3718,0.0000
CUDA_Transposed,CUDA,2000,4000,3,8,4,2,,75,1,0.001437,0.028195,6.80e-06,33.4050,19.6218
CUDA_Transposed,CUDA,2000,4000,3,8,4,2,,75,2,0.001432,0.000000,0.00e+00,33.5241,0.0000
CUDA_Transposed,CUDA,2000,4000,3,8,4,2,,75,3,0.001439,0.000000,0.00e+00,33.3451,0.0000
CUDA_Naive,CUDA,2000,4000,6,8,4,2,,75,1,0.001446,0.036296,3.43e-06,66.4030,25.1057
CUDA_Naive,CUDA,2000,4000,6,8,4,2,,75,2,0.001449,0.000000,0.00e+00,66.2566,0.0000
CUDA_Naive,CUDA,2000,4000,6,8,4,2,,75,3,0.001437,0.000000,0.00e+00,66.7903,0.0000
CUDA_Opt2D,CUDA,2000,4000,6,8,4,2,,75,1,0.001444,0.035610,3.43e-06,66.4864,24.6621
CUDA_Opt2D,CUDA,2000,4000,6,8,4,2,,75,2,0.001445,0.000000,0.00e+00,66.4381,0.0000
CUDA_Opt2D,CUDA,2000,4000,6,8,4,2,,75,3,0.001445,0.000000,0.00e+00,66.4457,0.0000
CUDA_Tiled,CUDA,2000,4000,6,8,4,2,,75,1,0.001686,0.035970,3.43e-06,56.9479,21.3378
CUDA_Tiled,CUDA,2000,4000,6,8,4,2,,75,2,0.001684,0.000000,0.00e+00,57.0146,0.0000
CUDA_Tiled,CUDA,2000,4000,6,8,4,2,,75,3,0.001684,0.000000,0.00e+00,57.0119,0.0000
CUDA_WarpRow,CUDA,2000,4000,6,8,4,2,,75,1,0.001440,0.039142,3.43e-06,66.6767,27.1863
CUDA_WarpRow,CUDA,2000,4000,6,8,4,2,,75,2,0.001439,0.000000,0.00e+00,66.7028,0.0000
CUDA_WarpRow,CUDA,2000,4000,6,8,4,2,,75,3,0.001444,0.000000,0.00e+00,66.4935,0.0000
CUDA_Transposed,CUDA,2000,4000,6,8,4,2,,75,1,0.001451,0.039147,3.43e-06,66.1425,26.9718
CUDA_Transposed,CUDA,2000,4000,6,8,4,2,,75,2,0.001454,0.000000,0.00e+00,66.0472,0.0000
CUDA_Transposed,CUDA,2000,4000,6,8,4,2,,75,3,0.001452,0.000000,0.00e+00,66.1130,0.0000
CUDA_Naive,CUDA,2000,4000,8,8,4,2,,75,1,0.001441,0.027025,3.35e-06,88.8461,18.7582
CUDA_Naive,CUDA,2000,4000,8,8,4,2,,75,2,0.001441,0.000000,0.00e+00,88.8267,0.0000
CUDA_Naive,CUDA,2000,4000,8,8,4,2,,75,3,0.001440,0.000000,0.00e+00,88.8612,0.0000
CUDA_Opt2D,CUDA,2000,4000,8,8,4,2,,75,1,0.001435,0.027842,3.35e-06,89.1721,19.3964
CUDA_Opt2D,CUDA,2000,4000,8,8,4,2,,75,2,0.001432,0.000000,0.00e+00,89.4003,0.0000
CUDA_Opt2D,CUDA,2000,4000,8,8,4,2,,75,3,0.001441,0.000000,0.00e+00,88.8281,0.0000
CUDA_Tiled,CUDA,2000,4000,8,8,4,2,,75,1,0.001685,0.027904,3.35e-06,75.9569,16.5584
CUDA_Tiled,CUDA,2000,4000,8,8,4,2,,75,2,0.001685,0.000000,0.00e+00,75.9549,0.0000
CUDA_Tiled,CUDA,2000,4000,8,8,4,2,,75,3,0.001685,0.000000,0.00e+00,75.9627,0.0000
CUDA_WarpRow,CUDA,2000,4000,8,8,4,2,,75,1,0.001436,0.028043,3.35e-06,89.1125,19.5236
CUDA_WarpRow,CUDA,2000,4000,8,8,4,2,,75,2,0.001437,0.000000,0.00e+00,89.1016,0.0000
CUDA_WarpRow,CUDA,2000,4000,8,8,4,2,,75,3,0.001430,0.000000,0.00e+00,89.4967,0.0000
CUDA_Transposed,CUDA,2000,4000,8,8,4,2,,75,1,0.001468,0.027660,3.35e-06,87.1867,18.8404
CUDA_Transposed,CUDA,2000,4000,8,8,4,2,,75,2,0.001463,0.000000,0.00e+00,87.4947,0.0000
CUDA_Transposed,CUDA,2000,4000,8,8,4,2,,75,3,0.001467,0.000000,0.00e+00,87.2678,0.0000
CUDA_Naive,CUDA,2000,4000,20,8,4,2,,75,1,0.001453,0.044582,2.61e-06,220.2647,30.6872
CUDA_Naive,CUDA,2000,4000,20,8,4,2,,75,2,0.001452,0.000000,0.00e+00,220.4372,0.0000
CUDA_Naive,CUDA,2000,4000,20,8,4,2,,75,3,0.001453,0.000000,0.00e+00,220.2244,0.0000
CUDA_Opt2D,CUDA,2000,4000,20,8,4,2,,75,1,0.001452,0.044672,2.61e-06,220.3853,30.7658
CUDA_Opt2D,CUDA,2000,4000,20,8,4,2,,75,2,0.001453,0.000000,0.00e+00,220.2446,0.0000
CUDA_Opt2D,CUDA,2000,4000,20,8,4,2,,75,3,0.001453,0.000000,0.00e+00,220.2344,0.0000
CUDA_Tiled,CUDA,2000,4000,20,8,4,2,,75,1,0.001689,0.044528,2.61e-06,189.5096,26.3701
CUDA_Tiled,CUDA,2000,4000,20,8,4,2,,75,2,0.001690,0.000000,0.00e+00,189.3438,0.0000
CUDA_Tiled,CUDA,2000,4000,20,8,4,2,,75,3,0.001691,0.000000,0.00e+00,189.2271,0.0000
CUDA_WarpRow,CUDA,2000,4000,20,8,4,2,,75,1,0.001449,0.045219,2.61e-06,220.9120,31.2170
CUDA_WarpRow,CUDA,2000,4000,20,8,4,2,,75,2,0.001448,0.000000,0.00e+00,221.0259,0.0000
CUDA_WarpRow,CUDA,2000,4000,20,8,4,2,,75,3,0.001448,0.000000,0.00e+00,221.0688,0.0000
CUDA_Transposed,CUDA,2000,4000,20,8,4,2,,75,1,0.001611,0.044981,2.61e-06,198.5860,27.9145
CUDA_Transposed,CUDA,2000,4000,20,8,4,2,,75,2,0.001621,0.000000,0.00e+00,197.3644,0.0000
CUDA_Transposed,CUDA,2000,4000,20,8,4,2,,75,3,0.001626,0.000000,0.00e+00,196.7447,0.0000
CUDA_Naive,CUDA,2000,4000,32,8,4,2,,75,1,0.001446,0.065325,2.81e-06,354.0358,45.1710
CUDA_Naive,CUDA,2000,4000,32,8,4,2,,75,2,0.001452,0.000000,0.00e+00,352.5935,0.0000
CUDA_Naive,CUDA,2000,4000,32,8,4,2,,75,3,0.001447,0.000000,0.00e+00,353.9101,0.0000
CUDA_Opt2D,CUDA,2000,4000,32,8,4,2,,75,1,0.001446,0.061418,2.81e-06,354.0571,42.4717
CUDA_Opt2D,CUDA,2000,4000,32,8,4,2,,75,2,0.001447,0.000000,0.00e+00,353.7759,0.0000
CUDA_Opt2D,CUDA,2000,4000,32,8,4,2,,75,3,0.001447,0.000000,0.00e+00,353.9205,0.0000
CUDA_Tiled,CUDA,2000,4000,32,8,4,2,,75,1,0.001693,0.059699,2.81e-06,302.4653,35.2672
CUDA_Tiled,CUDA,2000,4000,32,8,4,2,,75,2,0.001693,0.000000,0.00e+00,302.4181,0.0000
CUDA_Tiled,CUDA,2000,4000,32,8,4,2,,75,3,0.001687,0.000000,0.00e+00,303.4345,0.0000
CUDA_WarpRow,CUDA,2000,4000,32,8,4,2,,75,1,0.001433,0.070950,2.81e-06,357.2751,49.5091
CUDA_WarpRow,CUDA,2000,4000,32,8,4,2,,75,2,0.001442,0.000000,0.00e+00,355.0985,0.0000
CUDA_WarpRow,CUDA,2000,4000,32,8,4,2,,75,3,0.001443,0.000000,0.00e+00,354.9379,0.0000
CUDA_Transposed,CUDA,2000,4000,32,8,4,2,,75,1,0.002086,0.061385,2.81e-06,245.4409,29.4266
CUDA_Transposed,CUDA,2000,4000,32,8,4,2,,75,2,0.002086,0.000000,0.00e+00,245.4143,0.0000
CUDA_Transposed,CUDA,2000,4000,32,8,4,2,,75,3,0.002072,0.000000,0.00e+00,247.0723,0.0000
CUDA_Naive,CUDA,2000,4000,64,8,4,2,,75,1,0.001885,0.119190,3.29e-06,543.2192,63.2286
CUDA_Naive,CUDA,2000,4000,64,8,4,2,,75,2,0.001883,0.000000,0.00e+00,543.7200,0.0000
CUDA_Naive,CUDA,2000,4000,64,8,4,2,,75,3,0.001882,0.000000,0.00e+00,544.1076,0.0000
CUDA_Opt2D,CUDA,2000,4000,64,8,4,2,,75,1,0.001884,0.126387,3.29e-06,543.6043,67.0940
CUDA_Opt2D,CUDA,2000,4000,64,8,4,2,,75,2,0.001882,0.000000,0.00e+00,544.1202,0.0000
CUDA_Opt2D,CUDA,2000,4000,64,8,4,2,,75,3,0.001884,0.000000,0.00e+00,543.5893,0.0000
CUDA_Tiled,CUDA,2000,4000,64,8,4,2,,75,1,0.001795,0.114578,3.29e-06,570.5430,63.8396
CUDA_Tiled,CUDA,2000,4000,64,8,4,2,,75,2,0.001791,0.000000,0.00e+00,571.7479,0.0000
CUDA_Tiled,CUDA,2000,4000,64,8,4,2,,75,3,0.001792,0.000000,0.00e+00,571.3354,0.0000
CUDA_WarpRow,CUDA,2000,4000,64,8,4,2,,75,1,0.002098,0.115902,3.29e-06,488.0632,55.2418
CUDA_WarpRow,CUDA,2000,4000,64,8,4,2,,75,2,0.002109,0.000000,0.00e+00,485.5881,0.0000
CUDA_WarpRow,CUDA,2000,4000,64,8,4,2,,75,3,0.002109,0.000000,0.00e+00,485.4803,0.0000
CUDA_Transposed,CUDA,2000,4000,64,8,4,2,,75,1,0.002119,0.119418,3.29e-06,483.1679,56.3464
CUDA_Transposed,CUDA,2000,4000,64,8,4,2,,75,2,0.002110,0.000000,0.00e+00,485.3478,0.0000
CUDA_Transposed,CUDA,2000,4000,64,8,4,2,,75,3,0.002119,0.000000,0.00e+00,483.3340,0.0000
CUDA_Naive,CUDA,2000,4000,128,8,4,2,,75,1,0.002861,0.215163,3.47e-06,715.7145,75.1930
CUDA_Naive,CUDA,2000,4000,128,8,4,2,,75,2,0.002878,0.000000,0.00e+00,711.5226,0.0000
CUDA_Naive,CUDA,2000,4000,128,8,4,2,,75,3,0.002863,0.000000,0.00e+00,715.2663,0.0000
CUDA_Opt2D,CUDA,2000,4000,128,8,4,2,,75,1,0.002873,0.250558,3.47e-06,712.9548,87.2248
CUDA_Opt2D,CUDA,2000,4000,128,8,4,2,,75,2,0.002875,0.000000,0.00e+00,712.4645,0.0000
CUDA_Opt2D,CUDA,2000,4000,128,8,4,2,,75,3,0.002875,0.000000,0.00e+00,712.4603,0.0000
CUDA_Tiled,CUDA,2000,4000,128,8,4,2,,75,1,0.002783,0.245578,3.47e-06,735.8561,88.2372
CUDA_Tiled,CUDA,2000,4000,128,8,4,2,,75,2,0.002796,0.000000,0.00e+00,732.4228,0.0000
CUDA_Tiled,CUDA,2000,4000,128,8,4,2,,75,3,0.002786,0.000000,0.00e+00,735.0730,0.0000
CUDA_WarpRow,CUDA,2000,4000,128,8,4,2,,75,1,0.003401,0.227379,3.47e-06,602.1360,66.8522
CUDA_WarpRow,CUDA,2000,4000,128,8,4,2,,75,2,0.003403,0.000000,0.00e+00,601.8347,0.0000
CUDA_WarpRow,CUDA,2000,4000,128,8,4,2,,75,3,0.003400,0.000000,0.00e+00,602.2877,0.0000
CUDA_Transposed,CUDA,2000,4000,128,8,4,2,,75,1,0.003652,0.246974,3.47e-06,560.7421,67.6213
CUDA_Transposed,CUDA,2000,4000,128,8,4,2,,75,2,0.003661,0.000000,0.00e+00,559.4477,0.0000
CUDA_Transposed,CUDA,2000,4000,128,8,4,2,,75,3,0.003668,0.000000,0.00e+00,558.3207,0.0000
CUDA_Naive,CUDA,4000,2000,3,8,4,2,,75,1,0.001306,0.027936,2.36e-06,36.7660,21.3977
CUDA_Naive,CUDA,4000,2000,3,8,4,2,,75,2,0.001307,0.000000,0.00e+00,36.7337,0.0000
CUDA_Naive,CUDA,4000,2000,3,8,4,2,,75,3,0.001306,0.000000,0.00e+00,36.7609,0.0000
CUDA_Opt2D,CUDA,4000,2000,3,8,4,2,,75,1,0.001299,0.027850,2.36e-06,36.9528,21.4402
CUDA_Opt2D,CUDA,4000,2000,3,8,4,2,,75,2,0.001305,0.000000,0.00e+00,36.7760,0.0000
CUDA_Opt2D,CUDA,4000,2000,3,8,4,2,,75,3,0.001311,0.000000,0.00e+00,36.6083,0.0000
CUDA_Tiled,CUDA,4000,2000,3,8,4,2,,75,1,0.001290,0.027621,2.36e-06,37.2168,21.4161
CUDA_Tiled,CUDA,4000,2000,3,8,4,2,,75,2,0.001286,0.000000,0.00e+00,37.3220,0.0000
CUDA_Tiled,CUDA,4000,2000,3,8,4,2,,75,3,0.001286,0.000000,0.00e+00,37.3232,0.0000
CUDA_WarpRow,CUDA,4000,2000,3,8,4,2,,75,1,0.001300,0.027522,2.36e-06,36.9131,21.1651
CUDA_WarpRow,CUDA,4000,2000,3,8,4,2,,75,2,0.001301,0.000000,0.00e+00,36.8993,0.0000
CUDA_WarpRow,CUDA,4000,2000,3,8,4,2,,75,3,0.001301,0.000000,0.00e+00,36.8834,0.0000
CUDA_Transposed,CUDA,4000,2000,3,8,4,2,,75,1,0.001121,0.027341,2.36e-06,42.8277,24.3950
CUDA_Transposed,CUDA,4000,2000,3,8,4,2,,75,2,0.001116,0.000000,0.00e+00,43.0095,0.0000
CUDA_Transposed,CUDA,4000,2000,3,8,4,2,,75,3,0.001116,0.000000,0.00e+00,43.0066,0.0000
CUDA_Naive,CUDA,4000,2000,6,8,4,2,,75,1,0.001308,0.035731,2.37e-06,73.3795,27.3116
CUDA_Naive,CUDA,4000,2000,6,8,4,2,,75,2,0.001308,0.000000,0.00e+00,73.3918,0.0000
CUDA_Naive,CUDA,4000,2000,6,8,4,2,,75,3,0.001301,0.000000,0.00e+00,73.8144,0.0000
CUDA_Opt2D,CUDA,4000,2000,6,8,4,2,,75,1,0.001309,0.035200,2.37e-06,73.3405,26.8914
CUDA_Opt2D,CUDA,4000,2000,6,8,4,2,,75,2,0.001309,0.000000,0.00e+00,73.3165,0.0000
CUDA_Opt2D,CUDA,4000,2000,6,8,4,2,,75,3,0.001309,0.000000,0.00e+00,73.3300,0.0000
CUDA_Tiled,CUDA,4000,2000,6,8,4,2,,75,1,0.001286,0.036253,2.37e-06,74.6732,28.1996
CUDA_Tiled,CUDA,4000,2000,6,8,4,2,,75,2,0.001290,0.000000,0.00e+00,74.4191,0.0000
CUDA_Tiled,CUDA,4000,2000,6,8,4,2,,75,3,0.001285,0.000000,0.00e+00,74.6842,0.0000
CUDA_WarpRow,CUDA,4000,2000,6,8,4,2,,75,1,0.001293,0.039081,2.37e-06,74.2300,30.2183
CUDA_WarpRow,CUDA,4000,2000,6,8,4,2,,75,2,0.001303,0.000000,0.00e+00,73.6919,0.0000
CUDA_WarpRow,CUDA,4000,2000,6,8,4,2,,75,3,0.001303,0.000000,0.00e+00,73.6715,0.0000
CUDA_Transposed,CUDA,4000,2000,6,8,4,2,,75,1,0.001124,0.038890,2.37e-06,85.4309,34.6082
CUDA_Transposed,CUDA,4000,2000,6,8,4,2,,75,2,0.001127,0.000000,0.00e+00,85.2078,0.0000
CUDA_Transposed,CUDA,4000,2000,6,8,4,2,,75,3,0.001123,0.000000,0.00e+00,85.5039,0.0000
CUDA_Naive,CUDA,4000,2000,8,8,4,2,,75,1,0.001308,0.027081,1.13e-06,97.8656,20.7052
CUDA_Naive,CUDA,4000,2000,8,8,4,2,,75,2,0.001312,0.000000,0.00e+00,97.5676,0.0000
CUDA_Naive,CUDA,4000,2000,8,8,4,2,,75,3,0.001308,0.000000,0.00e+00,97.8822,0.0000
CUDA_Opt2D,CUDA,4000,2000,8,8,4,2,,75,1,0.001314,0.027856,1.13e-06,97.3756,21.1916
CUDA_Opt2D,CUDA,4000,2000,8,8,4,2,,75,2,0.001309,0.000000,0.00e+00,97.8100,0.0000
CUDA_Opt2D,CUDA,4000,2000,8,8,4,2,,75,3,0.001307,0.000000,0.00e+00,97.9202,0.0000
CUDA_Tiled,CUDA,4000,2000,8,8,4,2,,75,1,0.001289,0.027508,1.13e-06,99.3346,21.3478
CUDA_Tiled,CUDA,4000,2000,8,8,4,2,,75,2,0.001286,0.000000,0.00e+00,99.5594,0.0000
CUDA_Tiled,CUDA,4000,2000,8,8,4,2,,75,3,0.001287,0.000000,0.00e+00,99.4655,0.0000
CUDA_WarpRow,CUDA,4000,2000,8,8,4,2,,75,1,0.001302,0.027150,1.13e-06,98.3256,20.8558
CUDA_WarpRow,CUDA,4000,2000,8,8,4,2,,75,2,0.001303,0.000000,0.00e+00,98.2061,0.0000
CUDA_WarpRow,CUDA,4000,2000,8,8,4,2,,75,3,0.001302,0.000000,0.00e+00,98.2879,0.0000
CUDA_Transposed,CUDA,4000,2000,8,8,4,2,,75,1,0.001127,0.027641,1.13e-06,113.6022,24.5320
CUDA_Transposed,CUDA,4000,2000,8,8,4,2,,75,2,0.001135,0.000000,0.00e+00,112.8237,0.0000
CUDA_Transposed,CUDA,4000,2000,8,8,4,2,,75,3,0.001136,0.000000,0.00e+00,112.7056,0.0000
CUDA_Naive,CUDA,4000,2000,20,8,4,2,,75,1,0.001312,0.044816,1.90e-06,243.8994,34.1581
CUDA_Naive,CUDA,4000,2000,20,8,4,2,,75,2,0.001304,0.000000,0.00e+00,245.4024,0.0000
CUDA_Naive,CUDA,4000,2000,20,8,4,2,,75,3,0.001304,0.000000,0.00e+00,245.3218,0.0000
CUDA_Opt2D,CUDA,4000,2000,20,8,4,2,,75,1,0.001303,0.043599,1.90e-06,245.5306,33.4530
CUDA_Opt2D,CUDA,4000,2000,20,8,4,2,,75,2,0.001313,0.000000,0.00e+00,243.6604,0.0000
CUDA_Opt2D,CUDA,4000,2000,20,8,4,2,,75,3,0.001313,0.000000,0.00e+00,243.7619,0.0000
CUDA_Tiled,CUDA,4000,2000,20,8,4,2,,75,1,0.001288,0.045017,1.90e-06,248.3689,34.9399
CUDA_Tiled,CUDA,4000,2000,20,8,4,2,,75,2,0.001277,0.000000,0.00e+00,250.5122,0.0000
CUDA_Tiled,CUDA,4000,2000,20,8,4,2,,75,3,0.001286,0.000000,0.00e+00,248.8800,0.0000
CUDA_WarpRow,CUDA,4000,2000,20,8,4,2,,75,1,0.001308,0.045028,1.90e-06,244.7229,34.4355
CUDA_WarpRow,CUDA,4000,2000,20,8,4,2,,75,2,0.001307,0.000000,0.00e+00,244.7665,0.0000
CUDA_WarpRow,CUDA,4000,2000,20,8,4,2,,75,3,0.001306,0.000000,0.00e+00,245.0497,0.0000
CUDA_Transposed,CUDA,4000,2000,20,8,4,2,,75,1,0.001236,0.045009,1.90e-06,258.8545,36.4085
CUDA_Transposed,CUDA,4000,2000,20,8,4,2,,75,2,0.001222,0.000000,0.00e+00,261.7887,0.0000
CUDA_Transposed,CUDA,4000,2000,20,8,4,2,,75,3,0.001234,0.000000,0.00e+00,259.4152,0.0000
CUDA_Naive,CUDA,4000,2000,32,8,4,2,,75,1,0.001311,0.061500,1.56e-06,390.4189,46.8962
CUDA_Naive,CUDA,4000,2000,32,8,4,2,,75,2,0.001310,0.000000,0.00e+00,390.8475,0.0000
CUDA_Naive,CUDA,4000,2000,32,8,4,2,,75,3,0.001315,0.000000,0.00e+00,389.4119,0.0000
CUDA_Opt2D,CUDA,4000,2000,32,8,4,2,,75,1,0.001310,0.061694,1.56e-06,390.6955,47.0771
CUDA_Opt2D,CUDA,4000,2000,32,8,4,2,,75,2,0.001310,0.000000,0.00e+00,390.7905,0.0000
CUDA_Opt2D,CUDA,4000,2000,32,8,4,2,,75,3,0.001312,0.000000,0.00e+00,390.3699,0.0000
CUDA_Tiled,CUDA,4000,2000,32,8,4,2,,75,1,0.001289,0.070554,1.56e-06,397.2960,54.7477
CUDA_Tiled,CUDA,4000,2000,32,8,4,2,,75,2,0.001288,0.000000,0.00e+00,397.4078,0.0000
CUDA_Tiled,CUDA,4000,2000,32,8,4,2,,75,3,0.001288,0.000000,0.00e+00,397.5332,0.0000
CUDA_WarpRow,CUDA,4000,2000,32,8,4,2,,75,1,0.001299,0.061573,1.56e-06,394.2676,47.4143
CUDA_WarpRow,CUDA,4000,2000,32,8,4,2,,75,2,0.001307,0.000000,0.00e+00,391.8246,0.0000
CUDA_WarpRow,CUDA,4000,2000,32,8,4,2,,75,3,0.001310,0.000000,0.00e+00,390.7375,0.0000
CUDA_Transposed,CUDA,4000,2000,32,8,4,2,,75,1,0.001504,0.061051,1.56e-06,340.3140,40.5791
CUDA_Transposed,CUDA,4000,2000,32,8,4,2,,75,2,0.001505,0.000000,0.00e+00,340.2921,0.0000
CUDA_Transposed,CUDA,4000,2000,32,8,4,2,,75,3,0.001505,0.000000,0.00e+00,340.2972,0.0000
CUDA_Naive,CUDA,4000,2000,64,8,4,2,,75,1,0.001819,0.112090,1.65e-06,563.0003,61.6276
CUDA_Naive,CUDA,4000,2000,64,8,4,2,,75,2,0.001818,0.000000,0.00e+00,563.2860,0.0000
CUDA_Naive,CUDA,4000,2000,64,8,4,2,,75,3,0.001823,0.000000,0.00e+00,561.5796,0.0000
CUDA_Opt2D,CUDA,4000,2000,64,8,4,2,,75,1,0.001809,0.115142,1.65e-06,566.0867,63.6528
CUDA_Opt2D,CUDA,4000,2000,64,8,4,2,,75,2,0.001818,0.000000,0.00e+00,563.4044,0.0000
CUDA_Opt2D,CUDA,4000,2000,64,8,4,2,,75,3,0.001810,0.000000,0.00e+00,565.8428,0.0000
CUDA_Tiled,CUDA,4000,2000,64,8,4,2,,75,1,0.001788,0.122796,1.65e-06,572.7304,68.6807
CUDA_Tiled,CUDA,4000,2000,64,8,4,2,,75,2,0.001787,0.000000,0.00e+00,573.0772,0.0000
CUDA_Tiled,CUDA,4000,2000,64,8,4,2,,75,3,0.001787,0.000000,0.00e+00,573.1165,0.0000
CUDA_WarpRow,CUDA,4000,2000,64,8,4,2,,75,1,0.001803,0.115304,1.65e-06,568.0662,63.9654
CUDA_WarpRow,CUDA,4000,2000,64,8,4,2,,75,2,0.001802,0.000000,0.00e+00,568.1435,0.0000
CUDA_WarpRow,CUDA,4000,2000,64,8,4,2,,75,3,0.001803,0.000000,0.00e+00,568.0462,0.0000
CUDA_Transposed,CUDA,4000,2000,64,8,4,2,,75,1,0.002158,0.122883,1.65e-06,474.5377,56.9458
CUDA_Transposed,CUDA,4000,2000,64,8,4,2,,75,2,0.002155,0.000000,0.00e+00,475.1153,0.0000
CUDA_Transposed,CUDA,4000,2000,64,8,4,2,,75,3,0.002162,0.000000,0.00e+00,473.6061,0.0000
CUDA_Naive,CUDA,4000,2000,128,8,4,2,,75,1,0.002683,0.210473,1.66e-06,763.2465,78.4390
CUDA_Naive,CUDA,4000,2000,128,8,4,2,,75,2,0.002678,0.000000,0.00e+00,764.8784,0.0000
CUDA_Naive,CUDA,4000,2000,128,8,4,2,,75,3,0.002678,0.000000,0.00e+00,764.8425,0.0000
CUDA_Opt2D,CUDA,4000,2000,128,8,4,2,,75,1,0.002676,0.210315,1.66e-06,765.3179,78.5928
CUDA_Opt2D,CUDA,4000,2000,128,8,4,2,,75,2,0.002681,0.000000,0.00e+00,763.8673,0.0000
CUDA_Opt2D,CUDA,4000,2000,128,8,4,2,,75,3,0.002677,0.000000,0.00e+00,765.0304,0.0000
CUDA_Tiled,CUDA,4000,2000,128,8,4,2,,75,1,0.002332,0.206336,1.66e-06,878.0515,88.4636
CUDA_Tiled,CUDA,4000,2000,128,8,4,2,,75,2,0.002344,0.000000,0.00e+00,873.8124,0.0000
CUDA_Tiled,CUDA,4000,2000,128,8,4,2,,75,3,0.002335,0.000000,0.00e+00,877.0817,0.0000
CUDA_WarpRow,CUDA,4000,2000,128,8,4,2,,75,1,0.002829,0.213490,1.66e-06,723.9477,75.4666
CUDA_WarpRow,CUDA,4000,2000,128,8,4,2,,75,2,0.002823,0.000000,0.00e+00,725.5792,0.0000
CUDA_WarpRow,CUDA,4000,2000,128,8,4,2,,75,3,0.002829,0.000000,0.00e+00,723.8404,0.0000
CUDA_Transposed,CUDA,4000,2000,128,8,4,2,,75,1,0.002954,0.205132,1.66e-06,693.2787,69.4401
CUDA_Transposed,CUDA,4000,2000,128,8,4,2,,75,2,0.002948,0.000000,0.00e+00,694.8198,0.0000
CUDA_Transposed,CUDA,4000,2000,128,8,4,2,,75,3,0.002948,0.000000,0.00e+00,694.6926,0.0000
CUDA_Naive,CUDA,6000,2000,3,8,4,2,,75,1,0.001476,0.042088,2.37e-06,48.7949,28.5231
CUDA_Naive,CUDA,6000,2000,3,8,4,2,,75,2,0.001476,0.000000,0.00e+00,48.7683,0.0000
CUDA_Naive,CUDA,6000,2000,3,8,4,2,,75,3,0.001475,0.000000,0.00e+00,48.8024,0.0000
CUDA_Opt2D,CUDA,6000,2000,3,8,4,2,,75,1,0.001474,0.042170,2.37e-06,48.8453,28.6081
CUDA_Opt2D,CUDA,6000,2000,3,8,4,2,,75,2,0.001475,0.000000,0.00e+00,48.8233,0.0000
CUDA_Opt2D,CUDA,6000,2000,3,8,4,2,,75,3,0.001476,0.000000,0.00e+00,48.7886,0.0000
CUDA_Tiled,CUDA,6000,2000,3,8,4,2,,75,1,0.001293,0.041264,2.37e-06,55.6685,31.9039
CUDA_Tiled,CUDA,6000,2000,3,8,4,2,,75,2,0.001285,0.000000,0.00e+00,56.0141,0.0000
CUDA_Tiled,CUDA,6000,2000,3,8,4,2,,75,3,0.001294,0.000000,0.00e+00,55.6350,0.0000
CUDA_WarpRow,CUDA,6000,2000,3,8,4,2,,75,1,0.001468,0.042114,2.37e-06,49.0318,28.6793
CUDA_WarpRow,CUDA,6000,2000,3,8,4,2,,75,2,0.001471,0.000000,0.00e+00,48.9522,0.0000
CUDA_WarpRow,CUDA,6000,2000,3,8,4,2,,75,3,0.001474,0.000000,0.00e+00,48.8627,0.0000
CUDA_Transposed,CUDA,6000,2000,3,8,4,2,,75,1,0.001105,0.041064,2.37e-06,65.1706,37.1688
CUDA_Transposed,CUDA,6000,2000,3,8,4,2,,75,2,0.001112,0.000000,0.00e+00,64.7534,0.0000
CUDA_Transposed,CUDA,6000,2000,3,8,4,2,,75,3,0.001114,0.000000,0.00e+00,64.6596,0.0000
CUDA_Naive,CUDA,6000,2000,6,8,4,2,,75,1,0.001480,0.054466,2.37e-06,97.3105,36.8063
CUDA_Naive,CUDA,6000,2000,6,8,4,2,,75,2,0.001480,0.000000,0.00e+00,97.2980,0.0000
CUDA_Naive,CUDA,6000,2000,6,8,4,2,,75,3,0.001482,0.000000,0.00e+00,97.1858,0.0000
CUDA_Opt2D,CUDA,6000,2000,6,8,4,2,,75,1,0.001484,0.054512,2.37e-06,97.0135,36.7249
CUDA_Opt2D,CUDA,6000,2000,6,8,4,2,,75,2,0.001472,0.000000,0.00e+00,97.8143,0.0000
CUDA_Opt2D,CUDA,6000,2000,6,8,4,2,,75,3,0.001481,0.000000,0.00e+00,97.2543,0.0000
CUDA_Tiled,CUDA,6000,2000,6,8,4,2,,75,1,0.001294,0.054419,2.37e-06,111.2754,42.0520
CUDA_Tiled,CUDA,6000,2000,6,8,4,2,,75,2,0.001294,0.000000,0.00e+00,111.2478,0.0000
CUDA_Tiled,CUDA,6000,2000,6,8,4,2,,75,3,0.001295,0.000000,0.00e+00,111.2151,0.0000
CUDA_WarpRow,CUDA,6000,2000,6,8,4,2,,75,1,0.001472,0.058619,2.37e-06,97.8271,39.8231
CUDA_WarpRow,CUDA,6000,2000,6,8,4,2,,75,2,0.001473,0.000000,0.00e+00,97.7910,0.0000
CUDA_WarpRow,CUDA,6000,2000,6,8,4,2,,75,3,0.001473,0.000000,0.00e+00,97.7906,0.0000
CUDA_Transposed,CUDA,6000,2000,6,8,4,2,,75,1,0.001114,0.058634,2.37e-06,129.2081,52.6107
CUDA_Transposed,CUDA,6000,2000,6,8,4,2,,75,2,0.001119,0.000000,0.00e+00,128.6854,0.0000
CUDA_Transposed,CUDA,6000,2000,6,8,4,2,,75,3,0.001113,0.000000,0.00e+00,129.3226,0.0000
CUDA_Naive,CUDA,6000,2000,8,8,4,2,,75,1,0.001481,0.041814,1.13e-06,129.6153,28.2279
CUDA_Naive,CUDA,6000,2000,8,8,4,2,,75,2,0.001481,0.000000,0.00e+00,129.6775,0.0000
CUDA_Naive,CUDA,6000,2000,8,8,4,2,,75,3,0.001481,0.000000,0.00e+00,129.6490,0.0000
CUDA_Opt2D,CUDA,6000,2000,8,8,4,2,,75,1,0.001480,0.041721,1.13e-06,129.6964,28.1824
CUDA_Opt2D,CUDA,6000,2000,8,8,4,2,,75,2,0.001480,0.000000,0.00e+00,129.6917,0.0000
CUDA_Opt2D,CUDA,6000,2000,8,8,4,2,,75,3,0.001482,0.000000,0.00e+00,129.5850,0.0000
CUDA_Tiled,CUDA,6000,2000,8,8,4,2,,75,1,0.001301,0.041102,1.13e-06,147.6291,31.6036
CUDA_Tiled,CUDA,6000,2000,8,8,4,2,,75,2,0.001294,0.000000,0.00e+00,148.4134,0.0000
CUDA_Tiled,CUDA,6000,2000,8,8,4,2,,75,3,0.001295,0.000000,0.00e+00,148.2212,0.0000
CUDA_WarpRow,CUDA,6000,2000,8,8,4,2,,75,1,0.001474,0.041860,1.13e-06,130.2635,28.4000
CUDA_WarpRow,CUDA,6000,2000,8,8,4,2,,75,2,0.001465,0.000000,0.00e+00,131.0286,0.0000
CUDA_WarpRow,CUDA,6000,2000,8,8,4,2,,75,3,0.001478,0.000000,0.00e+00,129.8822,0.0000
CUDA_Transposed,CUDA,6000,2000,8,8,4,2,,75,1,0.001130,0.041276,1.13e-06,169.8622,36.5172
CUDA_Transposed,CUDA,6000,2000,8,8,4,2,,75,2,0.001129,0.000000,0.00e+00,170.1177,0.0000
CUDA_Transposed,CUDA,6000,2000,8,8,4,2,,75,3,0.001127,0.000000,0.00e+00,170.2945,0.0000
CUDA_Naive,CUDA,6000,2000,20,8,4,2,,75,1,0.001484,0.067085,1.90e-06,323.3947,45.1977
CUDA_Naive,CUDA,6000,2000,20,8,4,2,,75,2,0.001492,0.000000,0.00e+00,321.8010,0.0000
CUDA_Naive,CUDA,6000,2000,20,8,4,2,,75,3,0.001484,0.000000,0.00e+00,323.5194,0.0000
CUDA_Opt2D,CUDA,6000,2000,20,8,4,2,,75,1,0.001484,0.066165,1.90e-06,323.3792,44.5759
CUDA_Opt2D,CUDA,6000,2000,20,8,4,2,,75,2,0.001484,0.000000,0.00e+00,323.5503,0.0000
CUDA_Opt2D,CUDA,6000,2000,20,8,4,2,,75,3,0.001493,0.000000,0.00e+00,321.4042,0.0000
CUDA_Tiled,CUDA,6000,2000,20,8,4,2,,75,1,0.001298,0.067075,1.90e-06,369.8160,51.6783
CUDA_Tiled,CUDA,6000,2000,20,8,4,2,,75,2,0.001288,0.000000,0.00e+00,372.7722,0.0000
CUDA_Tiled,CUDA,6000,2000,20,8,4,2,,75,3,0.001296,0.000000,0.00e+00,370.2704,0.0000
CUDA_WarpRow,CUDA,6000,2000,20,8,4,2,,75,1,0.001488,0.067735,1.90e-06,322.6407,45.5293
CUDA_WarpRow,CUDA,6000,2000,20,8,4,2,,75,2,0.001479,0.000000,0.00e+00,324.6178,0.0000
CUDA_WarpRow,CUDA,6000,2000,20,8,4,2,,75,3,0.001482,0.000000,0.00e+00,323.7994,0.0000
CUDA_Transposed,CUDA,6000,2000,20,8,4,2,,75,1,0.001246,0.066378,1.90e-06,385.2973,53.2820
CUDA_Transposed,CUDA,6000,2000,20,8,4,2,,75,2,0.001243,0.000000,0.00e+00,386.2397,0.0000
CUDA_Transposed,CUDA,6000,2000,20,8,4,2,,75,3,0.001243,0.000000,0.00e+00,386.2550,0.0000
CUDA_Naive,CUDA,6000,2000,32,8,4,2,,75,1,0.001486,0.092865,1.56e-06,516.7674,62.4866
CUDA_Naive,CUDA,6000,2000,32,8,4,2,,75,2,0.001486,0.000000,0.00e+00,516.9043,0.0000
CUDA_Naive,CUDA,6000,2000,32,8,4,2,,75,3,0.001487,0.000000,0.00e+00,516.5975,0.0000
CUDA_Opt2D,CUDA,6000,2000,32,8,4,2,,75,1,0.001487,0.097535,1.56e-06,516.6146,65.6091
CUDA_Opt2D,CUDA,6000,2000,32,8,4,2,,75,2,0.001487,0.000000,0.00e+00,516.5052,0.0000
CUDA_Opt2D,CUDA,6000,2000,32,8,4,2,,75,3,0.001486,0.000000,0.00e+00,516.8071,0.0000
CUDA_Tiled,CUDA,6000,2000,32,8,4,2,,75,1,0.001298,0.092226,1.56e-06,591.7488,71.0605
CUDA_Tiled,CUDA,6000,2000,32,8,4,2,,75,2,0.001298,0.000000,0.00e+00,591.4806,0.0000
CUDA_Tiled,CUDA,6000,2000,32,8,4,2,,75,3,0.001299,0.000000,0.00e+00,591.2588,0.0000
CUDA_WarpRow,CUDA,6000,2000,32,8,4,2,,75,1,0.001481,0.093137,1.56e-06,518.4240,62.8704
CUDA_WarpRow,CUDA,6000,2000,32,8,4,2,,75,2,0.001481,0.000000,0.00e+00,518.4788,0.0000
CUDA_WarpRow,CUDA,6000,2000,32,8,4,2,,75,3,0.001481,0.000000,0.00e+00,518.5077,0.0000
CUDA_Transposed,CUDA,6000,2000,32,8,4,2,,75,1,0.001512,0.092439,1.56e-06,507.7999,61.1206
CUDA_Transposed,CUDA,6000,2000,32,8,4,2,,75,2,0.001515,0.000000,0.00e+00,507.0249,0.0000
CUDA_Transposed,CUDA,6000,2000,32,8,4,2,,75,3,0.001513,0.000000,0.00e+00,507.5895,0.0000
CUDA_Naive,CUDA,6000,2000,64,8,4,2,,75,1,0.002184,0.160268,1.65e-06,703.1820,73.3710
CUDA_Naive,CUDA,6000,2000,64,8,4,2,,75,2,0.002184,0.000000,0.00e+00,703.2056,0.0000
CUDA_Naive,CUDA,6000,2000,64,8,4,2,,75,3,0.002189,0.000000,0.00e+00,701.5473,0.0000
CUDA_Opt2D,CUDA,6000,2000,64,8,4,2,,75,1,0.002186,0.183637,1.65e-06,702.7300,84.0150
CUDA_Opt2D,CUDA,6000,2000,64,8,4,2,,75,2,0.002186,0.000000,0.00e+00,702.7744,0.0000
CUDA_Opt2D,CUDA,6000,2000,64,8,4,2,,75,3,0.002190,0.000000,0.00e+00,701.3797,0.0000
CUDA_Tiled,CUDA,6000,2000,64,8,4,2,,75,1,0.001816,0.156415,1.65e-06,845.9758,86.1478
CUDA_Tiled,CUDA,6000,2000,64,8,4,2,,75,2,0.001815,0.000000,0.00e+00,846.1766,0.0000
CUDA_Tiled,CUDA,6000,2000,64,8,4,2,,75,3,0.001818,0.000000,0.00e+00,844.9605,0.0000
CUDA_WarpRow,CUDA,6000,2000,64,8,4,2,,75,1,0.002153,0.159610,1.65e-06,713.4297,74.1346
CUDA_WarpRow,CUDA,6000,2000,64,8,4,2,,75,2,0.002153,0.000000,0.00e+00,713.5049,0.0000
CUDA_WarpRow,CUDA,6000,2000,64,8,4,2,,75,3,0.002155,0.000000,0.00e+00,712.8535,0.0000
CUDA_Transposed,CUDA,6000,2000,64,8,4,2,,75,1,0.002269,0.156744,1.65e-06,677.0111,69.0869
CUDA_Transposed,CUDA,6000,2000,64,8,4,2,,75,2,0.002273,0.000000,0.00e+00,675.7466,0.0000
CUDA_Transposed,CUDA,6000,2000,64,8,4,2,,75,3,0.002278,0.000000,0.00e+00,674.2508,0.0000
CUDA_Naive,CUDA,6000,2000,128,8,4,2,,75,1,0.003553,0.331474,1.66e-06,864.6661,93.2990
CUDA_Naive,CUDA,6000,2000,128,8,4,2,,75,2,0.003557,0.000000,0.00e+00,863.7353,0.0000
CUDA_Naive,CUDA,6000,2000,128,8,4,2,,75,3,0.003555,0.000000,0.00e+00,864.2413,0.0000
CUDA_Opt2D,CUDA,6000,2000,128,8,4,2,,75,1,0.003557,0.308366,1.66e-06,863.5287,86.6808
CUDA_Opt2D,CUDA,6000,2000,128,8,4,2,,75,2,0.003556,0.000000,0.00e+00,863.9165,0.0000
CUDA_Opt2D,CUDA,6000,2000,128,8,4,2,,75,3,0.003558,0.000000,0.00e+00,863.5114,0.0000
CUDA_Tiled,CUDA,6000,2000,128,8,4,2,,75,1,0.002875,0.324882,1.66e-06,1068.4716,112.9972
CUDA_Tiled,CUDA,6000,2000,128,8,4,2,,75,2,0.002876,0.000000,0.00e+00,1068.2622,0.0000
CUDA_Tiled,CUDA,6000,2000,128,8,4,2,,75,3,0.002870,0.000000,0.00e+00,1070.2085,0.0000
CUDA_WarpRow,CUDA,6000,2000,128,8,4,2,,75,1,0.003529,0.306203,1.66e-06,870.5042,86.7679
CUDA_WarpRow,CUDA,6000,2000,128,8,4,2,,75,2,0.003547,0.000000,0.00e+00,866.1663,0.0000
CUDA_WarpRow,CUDA,6000,2000,128,8,4,2,,75,3,0.003533,0.000000,0.00e+00,869.5056,0.0000
CUDA_Transposed,CUDA,6000,2000,128,8,4,2,,75,1,0.003785,0.326214,1.66e-06,811.5916,86.1824
CUDA_Transposed,CUDA,6000,2000,128,8,4,2,,75,2,0.003777,0.000000,0.00e+00,813.2477,0.0000
CUDA_Transposed,CUDA,6000,2000,128,8,4,2,,75,3,0.003776,0.000000,0.00e+00,813.5462,0.0000
CUDA_Naive,CUDA,4000,4000,3,8,4,2,,75,1,0.001906,0.056354,6.80e-06,50.3587,29.5614
CUDA_Naive,CUDA,4000,4000,3,8,4,2,,75,2,0.001908,0.000000,0.00e+00,50.3274,0.0000
CUDA_Naive,CUDA,4000,4000,3,8,4,2,,75,3,0.001907,0.000000,0.00e+00,50.3282,0.0000
CUDA_Opt2D,CUDA,4000,4000,3,8,4,2,,75,1,0.001908,0.054733,6.80e-06,50.3073,28.6821
CUDA_Opt2D,CUDA,4000,4000,3,8,4,2,,75,2,0.001911,0.000000,0.00e+00,50.2305,0.0000
CUDA_Opt2D,CUDA,4000,4000,3,8,4,2,,75,3,0.001907,0.000000,0.00e+00,50.3343,0.0000
CUDA_Tiled,CUDA,4000,4000,3,8,4,2,,75,1,0.001798,0.055438,6.80e-06,53.3869,30.8299
CUDA_Tiled,CUDA,4000,4000,3,8,4,2,,75,2,0.001798,0.000000,0.00e+00,53.3876,0.0000
CUDA_Tiled,CUDA,4000,4000,3,8,4,2,,75,3,0.001799,0.000000,0.00e+00,53.3568,0.0000
CUDA_WarpRow,CUDA,4000,4000,3,8,4,2,,75,1,0.001885,0.055041,6.80e-06,50.9178,29.1936
CUDA_WarpRow,CUDA,4000,4000,3,8,4,2,,75,2,0.001893,0.000000,0.00e+00,50.7031,0.0000
CUDA_WarpRow,CUDA,4000,4000,3,8,4,2,,75,3,0.001894,0.000000,0.00e+00,50.6738,0.0000
CUDA_Transposed,CUDA,4000,4000,3,8,4,2,,75,1,0.001451,0.056324,6.80e-06,66.1514,38.8112
CUDA_Transposed,CUDA,4000,4000,3,8,4,2,,75,2,0.001459,0.000000,0.00e+00,65.7967,0.0000
CUDA_Transposed,CUDA,4000,4000,3,8,4,2,,75,3,0.001453,0.000000,0.00e+00,66.0919,0.0000
CUDA_Naive,CUDA,4000,4000,6,8,4,2,,75,1,0.001909,0.072625,3.43e-06,100.5858,38.0471
CUDA_Naive,CUDA,4000,4000,6,8,4,2,,75,2,0.001917,0.000000,0.00e+00,100.1412,0.0000
CUDA_Naive,CUDA,4000,4000,6,8,4,2,,75,3,0.001907,0.000000,0.00e+00,100.6607,0.0000
CUDA_Opt2D,CUDA,4000,4000,6,8,4,2,,75,1,0.001910,0.072623,3.43e-06,100.5356,38.0271
CUDA_Opt2D,CUDA,4000,4000,6,8,4,2,,75,2,0.001912,0.000000,0.00e+00,100.4086,0.0000
CUDA_Opt2D,CUDA,4000,4000,6,8,4,2,,75,3,0.001909,0.000000,0.00e+00,100.5589,0.0000
CUDA_Tiled,CUDA,4000,4000,6,8,4,2,,75,1,0.001800,0.071915,3.43e-06,106.6804,39.9580
CUDA_Tiled,CUDA,4000,4000,6,8,4,2,,75,2,0.001797,0.000000,0.00e+00,106.8323,0.0000
CUDA_Tiled,CUDA,4000,4000,6,8,4,2,,75,3,0.001801,0.000000,0.00e+00,106.6260,0.0000
CUDA_WarpRow,CUDA,4000,4000,6,8,4,2,,75,1,0.001894,0.077506,3.43e-06,101.3719,40.9214
CUDA_WarpRow,CUDA,4000,4000,6,8,4,2,,75,2,0.001899,0.000000,0.00e+00,101.1285,0.0000
CUDA_WarpRow,CUDA,4000,4000,6,8,4,2,,75,3,0.001893,0.000000,0.00e+00,101.4194,0.0000
CUDA_Transposed,CUDA,4000,4000,6,8,4,2,,75,1,0.001466,0.078568,3.43e-06,130.9510,53.5860
CUDA_Transposed,CUDA,4000,4000,6,8,4,2,,75,2,0.001464,0.000000,0.00e+00,131.1716,0.0000
CUDA_Transposed,CUDA,4000,4000,6,8,4,2,,75,3,0.001467,0.000000,0.00e+00,130.9009,0.0000
CUDA_Naive,CUDA,4000,4000,8,8,4,2,,75,1,0.001910,0.056049,3.35e-06,134.0282,29.3445
CUDA_Naive,CUDA,4000,4000,8,8,4,2,,75,2,0.001900,0.000000,0.00e+00,134.7248,0.0000
CUDA_Naive,CUDA,4000,4000,8,8,4,2,,75,3,0.001905,0.000000,0.00e+00,134.3995,0.0000
CUDA_Opt2D,CUDA,4000,4000,8,8,4,2,,75,1,0.001896,0.055617,3.35e-06,135.0492,29.3402
CUDA_Opt2D,CUDA,4000,4000,8,8,4,2,,75,2,0.001903,0.000000,0.00e+00,134.5131,0.0000
CUDA_Opt2D,CUDA,4000,4000,8,8,4,2,,75,3,0.001896,0.000000,0.00e+00,135.0503,0.0000
CUDA_Tiled,CUDA,4000,4000,8,8,4,2,,75,1,0.001798,0.055530,3.35e-06,142.3520,30.8781
CUDA_Tiled,CUDA,4000,4000,8,8,4,2,,75,2,0.001789,0.000000,0.00e+00,143.0952,0.0000
CUDA_Tiled,CUDA,4000,4000,8,8,4,2,,75,3,0.001790,0.000000,0.00e+00,143.0199,0.0000
CUDA_WarpRow,CUDA,4000,4000,8,8,4,2,,75,1,0.001891,0.056055,3.35e-06,135.4024,29.6482
CUDA_WarpRow,CUDA,4000,4000,8,8,4,2,,75,2,0.001891,0.000000,0.00e+00,135.3438,0.0000
CUDA_WarpRow,CUDA,4000,4000,8,8,4,2,,75,3,0.001882,0.000000,0.00e+00,136.0320,0.0000
CUDA_Transposed,CUDA,4000,4000,8,8,4,2,,75,1,0.001483,0.054349,3.35e-06,172.6790,36.6600
CUDA_Transposed,CUDA,4000,4000,8,8,4,2,,75,2,0.001474,0.000000,0.00e+00,173.6622,0.0000
CUDA_Transposed,CUDA,4000,4000,8,8,4,2,,75,3,0.001474,0.000000,0.00e+00,173.7318,0.0000
CUDA_Naive,CUDA,4000,4000,20,8,4,2,,75,1,0.001926,0.090365,2.61e-06,332.3729,46.9294
CUDA_Naive,CUDA,4000,4000,20,8,4,2,,75,2,0.001925,0.000000,0.00e+00,332.3893,0.0000
CUDA_Naive,CUDA,4000,4000,20,8,4,2,,75,3,0.001924,0.000000,0.00e+00,332.5660,0.0000
CUDA_Opt2D,CUDA,4000,4000,20,8,4,2,,75,1,0.001935,0.089317,2.61e-06,330.7868,46.1641
CUDA_Opt2D,CUDA,4000,4000,20,8,4,2,,75,2,0.001925,0.000000,0.00e+00,332.4548,0.0000
CUDA_Opt2D,CUDA,4000,4000,20,8,4,2,,75,3,0.001925,0.000000,0.00e+00,332.4229,0.0000
CUDA_Tiled,CUDA,4000,4000,20,8,4,2,,75,1,0.001800,0.089431,2.61e-06,355.4854,49.6738
CUDA_Tiled,CUDA,4000,4000,20,8,4,2,,75,2,0.001800,0.000000,0.00e+00,355.6202,0.0000
CUDA_Tiled,CUDA,4000,4000,20,8,4,2,,75,3,0.001799,0.000000,0.00e+00,355.7359,0.0000
CUDA_WarpRow,CUDA,4000,4000,20,8,4,2,,75,1,0.001911,0.090240,2.61e-06,334.8380,47.2120
CUDA_WarpRow,CUDA,4000,4000,20,8,4,2,,75,2,0.001912,0.000000,0.00e+00,334.7973,0.0000
CUDA_WarpRow,CUDA,4000,4000,20,8,4,2,,75,3,0.001912,0.000000,0.00e+00,334.6949,0.0000
CUDA_Transposed,CUDA,4000,4000,20,8,4,2,,75,1,0.001720,0.089301,2.61e-06,371.9930,51.9050
CUDA_Transposed,CUDA,4000,4000,20,8,4,2,,75,2,0.001715,0.000000,0.00e+00,373.2594,0.0000
CUDA_Transposed,CUDA,4000,4000,20,8,4,2,,75,3,0.001714,0.000000,0.00e+00,373.2892,0.0000
CUDA_Naive,CUDA,4000,4000,32,8,4,2,,75,1,0.001915,0.142485,2.81e-06,534.8350,74.4198
CUDA_Naive,CUDA,4000,4000,32,8,4,2,,75,2,0.001915,0.000000,0.00e+00,534.7782,0.0000
CUDA_Naive,CUDA,4000,4000,32,8,4,2,,75,3,0.001917,0.000000,0.00e+00,534.2888,0.0000
CUDA_Opt2D,CUDA,4000,4000,32,8,4,2,,75,1,0.001915,0.122709,2.81e-06,534.7375,64.0790
CUDA_Opt2D,CUDA,4000,4000,32,8,4,2,,75,2,0.001915,0.000000,0.00e+00,534.7987,0.0000
CUDA_Opt2D,CUDA,4000,4000,32,8,4,2,,75,3,0.001915,0.000000,0.00e+00,534.8623,0.0000
CUDA_Tiled,CUDA,4000,4000,32,8,4,2,,75,1,0.001801,0.122892,2.81e-06,568.6700,68.2472
CUDA_Tiled,CUDA,4000,4000,32,8,4,2,,75,2,0.001801,0.000000,0.00e+00,568.6157,0.0000
CUDA_Tiled,CUDA,4000,4000,32,8,4,2,,75,3,0.001800,0.000000,0.00e+00,568.8164,0.0000
CUDA_WarpRow,CUDA,4000,4000,32,8,4,2,,75,1,0.001903,0.124388,2.81e-06,538.0294,65.3557
CUDA_WarpRow,CUDA,4000,4000,32,8,4,2,,75,2,0.001902,0.000000,0.00e+00,538.5172,0.0000
CUDA_WarpRow,CUDA,4000,4000,32,8,4,2,,75,3,0.001908,0.000000,0.00e+00,536.6358,0.0000
CUDA_Transposed,CUDA,4000,4000,32,8,4,2,,75,1,0.002256,0.121798,2.81e-06,453.9079,53.9893
CUDA_Transposed,CUDA,4000,4000,32,8,4,2,,75,2,0.002254,0.000000,0.00e+00,454.2110,0.0000
CUDA_Transposed,CUDA,4000,4000,32,8,4,2,,75,3,0.002256,0.000000,0.00e+00,453.9582,0.0000
CUDA_Naive,CUDA,4000,4000,64,8,4,2,,75,1,0.002920,0.231404,3.29e-06,701.2624,79.2357
CUDA_Naive,CUDA,4000,4000,64,8,4,2,,75,2,0.002927,0.000000,0.00e+00,699.5810,0.0000
CUDA_Naive,CUDA,4000,4000,64,8,4,2,,75,3,0.002924,0.000000,0.00e+00,700.3416,0.0000
CUDA_Opt2D,CUDA,4000,4000,64,8,4,2,,75,1,0.002919,0.230571,3.29e-06,701.4931,78.9766
CUDA_Opt2D,CUDA,4000,4000,64,8,4,2,,75,2,0.002921,0.000000,0.00e+00,701.1506,0.0000
CUDA_Opt2D,CUDA,4000,4000,64,8,4,2,,75,3,0.002910,0.000000,0.00e+00,703.8023,0.0000
CUDA_Tiled,CUDA,4000,4000,64,8,4,2,,75,1,0.002767,0.233641,3.29e-06,740.1181,84.4345
CUDA_Tiled,CUDA,4000,4000,64,8,4,2,,75,2,0.002757,0.000000,0.00e+00,742.8025,0.0000
CUDA_Tiled,CUDA,4000,4000,64,8,4,2,,75,3,0.002768,0.000000,0.00e+00,739.7585,0.0000
CUDA_WarpRow,CUDA,4000,4000,64,8,4,2,,75,1,0.002960,0.235908,3.29e-06,691.9181,79.7018
CUDA_WarpRow,CUDA,4000,4000,64,8,4,2,,75,2,0.002956,0.000000,0.00e+00,692.8378,0.0000
CUDA_WarpRow,CUDA,4000,4000,64,8,4,2,,75,3,0.002967,0.000000,0.00e+00,690.3421,0.0000
CUDA_Transposed,CUDA,4000,4000,64,8,4,2,,75,1,0.003684,0.235995,3.29e-06,555.8826,64.0554
CUDA_Transposed,CUDA,4000,4000,64,8,4,2,,75,2,0.003688,0.000000,0.00e+00,555.3495,0.0000
CUDA_Transposed,CUDA,4000,4000,64,8,4,2,,75,3,0.003688,0.000000,0.00e+00,555.3770,0.0000
CUDA_Naive,CUDA,4000,4000,128,8,4,2,,75,1,0.004606,0.470445,3.47e-06,889.2999,102.1404
CUDA_Naive,CUDA,4000,4000,128,8,4,2,,75,2,0.004609,0.000000,0.00e+00,888.6572,0.0000
CUDA_Naive,CUDA,4000,4000,128,8,4,2,,75,3,0.004608,0.000000,0.00e+00,888.9607,0.0000
CUDA_Opt2D,CUDA,4000,4000,128,8,4,2,,75,1,0.004607,0.477722,3.47e-06,889.0442,103.6905
CUDA_Opt2D,CUDA,4000,4000,128,8,4,2,,75,2,0.004606,0.000000,0.00e+00,889.2241,0.0000
CUDA_Opt2D,CUDA,4000,4000,128,8,4,2,,75,3,0.004604,0.000000,0.00e+00,889.6230,0.0000
CUDA_Tiled,CUDA,4000,4000,128,8,4,2,,75,1,0.003860,0.474657,3.47e-06,1061.0697,122.9600
CUDA_Tiled,CUDA,4000,4000,128,8,4,2,,75,2,0.003860,0.000000,0.00e+00,1061.1197,0.0000
CUDA_Tiled,CUDA,4000,4000,128,8,4,2,,75,3,0.003856,0.000000,0.00e+00,1062.3273,0.0000
CUDA_WarpRow,CUDA,4000,4000,128,8,4,2,,75,1,0.005096,0.430484,3.47e-06,803.7363,84.4715
CUDA_WarpRow,CUDA,4000,4000,128,8,4,2,,75,2,0.005116,0.000000,0.00e+00,800.6222,0.0000
CUDA_WarpRow,CUDA,4000,4000,128,8,4,2,,75,3,0.005104,0.000000,0.00e+00,802.4653,0.0000
CUDA_Transposed,CUDA,4000,4000,128,8,4,2,,75,1,0.005169,0.434769,3.47e-06,792.4080,84.1100
CUDA_Transposed,CUDA,4000,4000,128,8,4,2,,75,2,0.005161,0.000000,0.00e+00,793.6727,0.0000
CUDA_Transposed,CUDA,4000,4000,128,8,4,2,,75,3,0.005170,0.000000,0.00e+00,792.2584,0.0000
CUDA_Naive,CUDA,2000,6000,3,8,4,2,,75,1,0.001782,0.042167,4.53e-06,40.4017,23.6615
CUDA_Naive,CUDA,2000,6000,3,8,4,2,,75,2,0.001780,0.000000,0.00e+00,40.4484,0.0000
CUDA_Naive,CUDA,2000,6000,3,8,4,2,,75,3,0.001783,0.000000,0.00e+00,40.3780,0.0000
CUDA_Opt2D,CUDA,2000,6000,3,8,4,2,,75,1,0.001776,0.041434,4.53e-06,40.5390,23.3290
CUDA_Opt2D,CUDA,2000,6000,3,8,4,2,,75,2,0.001779,0.000000,0.00e+00,40.4705,0.0000
CUDA_Opt2D,CUDA,2000,6000,3,8,4,2,,75,3,0.001782,0.000000,0.00e+00,40.4057,0.0000
CUDA_Tiled,CUDA,2000,6000,3,8,4,2,,75,1,0.002135,0.042308,4.53e-06,33.7261,19.8177
CUDA_Tiled,CUDA,2000,6000,3,8,4,2,,75,2,0.002137,0.000000,0.00e+00,33.6887,0.0000
CUDA_Tiled,CUDA,2000,6000,3,8,4,2,,75,3,0.002134,0.000000,0.00e+00,33.7372,0.0000
CUDA_WarpRow,CUDA,2000,6000,3,8,4,2,,75,1,0.001756,0.042051,4.53e-06,41.0013,23.9464
CUDA_WarpRow,CUDA,2000,6000,3,8,4,2,,75,2,0.001770,0.000000,0.00e+00,40.6785,0.0000
CUDA_WarpRow,CUDA,2000,6000,3,8,4,2,,75,3,0.001766,0.000000,0.00e+00,40.7735,0.0000
CUDA_Transposed,CUDA,2000,6000,3,8,4,2,,75,1,0.001766,0.041053,4.53e-06,40.7660,23.2439
CUDA_Transposed,CUDA,2000,6000,3,8,4,2,,75,2,0.001756,0.000000,0.00e+00,40.9964,0.0000
CUDA_Transposed,CUDA,2000,6000,3,8,4,2,,75,3,0.001761,0.000000,0.00e+00,40.8813,0.0000
CUDA_Naive,CUDA,2000,6000,6,8,4,2,,75,1,0.001769,0.054347,4.42e-06,81.3884,30.7167
CUDA_Naive,CUDA,2000,6000,6,8,4,2,,75,2,0.001785,0.000000,0.00e+00,80.6517,0.0000
CUDA_Naive,CUDA,2000,6000,6,8,4,2,,75,3,0.001784,0.000000,0.00e+00,80.7377,0.0000
CUDA_Opt2D,CUDA,2000,6000,6,8,4,2,,75,1,0.001783,0.054578,4.42e-06,80.7778,30.6161
CUDA_Opt2D,CUDA,2000,6000,6,8,4,2,,75,2,0.001783,0.000000,0.00e+00,80.7460,0.0000
CUDA_Opt2D,CUDA,2000,6000,6,8,4,2,,75,3,0.001778,0.000000,0.00e+00,80.9961,0.0000
CUDA_Tiled,CUDA,2000,6000,6,8,4,2,,75,1,0.002125,0.054532,4.42e-06,67.7743,25.6658
CUDA_Tiled,CUDA,2000,6000,6,8,4,2,,75,2,0.002133,0.000000,0.00e+00,67.4959,0.0000
CUDA_Tiled,CUDA,2000,6000,6,8,4,2,,75,3,0.002124,0.000000,0.00e+00,67.8015,0.0000
CUDA_WarpRow,CUDA,2000,6000,6,8,4,2,,75,1,0.001771,0.058416,4.42e-06,81.2932,32.9779
CUDA_WarpRow,CUDA,2000,6000,6,8,4,2,,75,2,0.001769,0.000000,0.00e+00,81.4117,0.0000
CUDA_WarpRow,CUDA,2000,6000,6,8,4,2,,75,3,0.001759,0.000000,0.00e+00,81.8552,0.0000
CUDA_Transposed,CUDA,2000,6000,6,8,4,2,,75,1,0.001784,0.059413,4.42e-06,80.7069,33.2987
CUDA_Transposed,CUDA,2000,6000,6,8,4,2,,75,2,0.001783,0.000000,0.00e+00,80.7817,0.0000
CUDA_Transposed,CUDA,2000,6000,6,8,4,2,,75,3,0.001783,0.000000,0.00e+00,80.7771,0.0000
CUDA_Naive,CUDA,2000,6000,8,8,4,2,,75,1,0.001777,0.041821,1.49e-06,108.0493,23.5352
CUDA_Naive,CUDA,2000,6000,8,8,4,2,,75,2,0.001780,0.000000,0.00e+00,107.8845,0.0000
CUDA_Naive,CUDA,2000,6000,8,8,4,2,,75,3,0.001775,0.000000,0.00e+00,108.1922,0.0000
CUDA_Opt2D,CUDA,2000,6000,8,8,4,2,,75,1,0.001776,0.040818,1.49e-06,108.1087,22.9835
CUDA_Opt2D,CUDA,2000,6000,8,8,4,2,,75,2,0.001776,0.000000,0.00e+00,108.1093,0.0000
CUDA_Opt2D,CUDA,2000,6000,8,8,4,2,,75,3,0.001775,0.000000,0.00e+00,108.1414,0.0000
CUDA_Tiled,CUDA,2000,6000,8,8,4,2,,75,1,0.002134,0.042376,1.49e-06,89.9610,19.8552
CUDA_Tiled,CUDA,2000,6000,8,8,4,2,,75,2,0.002134,0.000000,0.00e+00,89.9611,0.0000
CUDA_Tiled,CUDA,2000,6000,8,8,4,2,,75,3,0.002137,0.000000,0.00e+00,89.8425,0.0000
CUDA_WarpRow,CUDA,2000,6000,8,8,4,2,,75,1,0.001766,0.041665,1.49e-06,108.7116,23.5910
CUDA_WarpRow,CUDA,2000,6000,8,8,4,2,,75,2,0.001771,0.000000,0.00e+00,108.4033,0.0000
CUDA_WarpRow,CUDA,2000,6000,8,8,4,2,,75,3,0.001767,0.000000,0.00e+00,108.6633,0.0000
CUDA_Transposed,CUDA,2000,6000,8,8,4,2,,75,1,0.001807,0.041901,1.49e-06,106.2407,23.1854
CUDA_Transposed,CUDA,2000,6000,8,8,4,2,,75,2,0.001816,0.000000,0.00e+00,105.7110,0.0000
CUDA_Transposed,CUDA,2000,6000,8,8,4,2,,75,3,0.001812,0.000000,0.00e+00,105.9361,0.0000
CUDA_Naive,CUDA,2000,6000,20,8,4,2,,75,1,0.001788,0.066128,3.59e-06,268.4589,36.9845
CUDA_Naive,CUDA,2000,6000,20,8,4,2,,75,2,0.001788,0.000000,0.00e+00,268.4954,0.0000
CUDA_Naive,CUDA,2000,6000,20,8,4,2,,75,3,0.001787,0.000000,0.00e+00,268.5511,0.0000
CUDA_Opt2D,CUDA,2000,6000,20,8,4,2,,75,1,0.001780,0.065530,3.59e-06,269.6155,36.8079
CUDA_Opt2D,CUDA,2000,6000,20,8,4,2,,75,2,0.001789,0.000000,0.00e+00,268.3626,0.0000
CUDA_Opt2D,CUDA,2000,6000,20,8,4,2,,75,3,0.001794,0.000000,0.00e+00,267.5866,0.0000
CUDA_Tiled,CUDA,2000,6000,20,8,4,2,,75,1,0.002137,0.066422,3.59e-06,224.6091,31.0810
CUDA_Tiled,CUDA,2000,6000,20,8,4,2,,75,2,0.002139,0.000000,0.00e+00,224.4187,0.0000
CUDA_Tiled,CUDA,2000,6000,20,8,4,2,,75,3,0.002138,0.000000,0.00e+00,224.4734,0.0000
CUDA_WarpRow,CUDA,2000,6000,20,8,4,2,,75,1,0.001770,0.068034,3.59e-06,271.2224,38.4421
CUDA_WarpRow,CUDA,2000,6000,20,8,4,2,,75,2,0.001778,0.000000,0.00e+00,270.0295,0.0000
CUDA_WarpRow,CUDA,2000,6000,20,8,4,2,,75,3,0.001778,0.000000,0.00e+00,269.9386,0.0000
CUDA_Transposed,CUDA,2000,6000,20,8,4,2,,75,1,0.002058,0.067742,3.59e-06,233.2546,32.9192
CUDA_Transposed,CUDA,2000,6000,20,8,4,2,,75,2,0.002062,0.000000,0.00e+00,232.8085,0.0000
CUDA_Transposed,CUDA,2000,6000,20,8,4,2,,75,3,0.002062,0.000000,0.00e+00,232.7830,0.0000
CUDA_Naive,CUDA,2000,6000,32,8,4,2,,75,1,0.001784,0.090698,3.14e-06,430.3798,50.8265
CUDA_Naive,CUDA,2000,6000,32,8,4,2,,75,2,0.001783,0.000000,0.00e+00,430.8416,0.0000
CUDA_Naive,CUDA,2000,6000,32,8,4,2,,75,3,0.001782,0.000000,0.00e+00,430.9134,0.0000
CUDA_Opt2D,CUDA,2000,6000,32,8,4,2,,75,1,0.001782,0.092551,3.14e-06,430.8693,51.9239
CUDA_Opt2D,CUDA,2000,6000,32,8,4,2,,75,2,0.001783,0.000000,0.00e+00,430.6881,0.0000
CUDA_Opt2D,CUDA,2000,6000,32,8,4,2,,75,3,0.001784,0.000000,0.00e+00,430.5823,0.0000
CUDA_Tiled,CUDA,2000,6000,32,8,4,2,,75,1,0.002144,0.090662,3.14e-06,358.2631,42.2926
CUDA_Tiled,CUDA,2000,6000,32,8,4,2,,75,2,0.002147,0.000000,0.00e+00,357.7122,0.0000
CUDA_Tiled,CUDA,2000,6000,32,8,4,2,,75,3,0.002143,0.000000,0.00e+00,358.3325,0.0000
CUDA_WarpRow,CUDA,2000,6000,32,8,4,2,,75,1,0.001778,0.099866,3.14e-06,431.9210,56.1645
CUDA_WarpRow,CUDA,2000,6000,32,8,4,2,,75,2,0.001775,0.000000,0.00e+00,432.6552,0.0000
CUDA_WarpRow,CUDA,2000,6000,32,8,4,2,,75,3,0.001777,0.000000,0.00e+00,432.1968,0.0000
CUDA_Transposed,CUDA,2000,6000,32,8,4,2,,75,1,0.002756,0.093163,3.14e-06,278.7121,33.8094
CUDA_Transposed,CUDA,2000,6000,32,8,4,2,,75,2,0.002755,0.000000,0.00e+00,278.7794,0.0000
CUDA_Transposed,CUDA,2000,6000,32,8,4,2,,75,3,0.002755,0.000000,0.00e+00,278.7290,0.0000
CUDA_Naive,CUDA,2000,6000,64,8,4,2,,75,1,0.002403,0.179795,3.72e-06,639.0989,74.8092
CUDA_Naive,CUDA,2000,6000,64,8,4,2,,75,2,0.002403,0.000000,0.00e+00,639.3085,0.0000
CUDA_Naive,CUDA,2000,6000,64,8,4,2,,75,3,0.002402,0.000000,0.00e+00,639.4147,0.0000
CUDA_Opt2D,CUDA,2000,6000,64,8,4,2,,75,1,0.002401,0.184918,3.72e-06,639.6252,77.0041
CUDA_Opt2D,CUDA,2000,6000,64,8,4,2,,75,2,0.002402,0.000000,0.00e+00,639.3864,0.0000
CUDA_Opt2D,CUDA,2000,6000,64,8,4,2,,75,3,0.002406,0.000000,0.00e+00,638.2943,0.0000
CUDA_Tiled,CUDA,2000,6000,64,8,4,2,,75,1,0.002296,0.182242,3.72e-06,668.9061,79.3637
CUDA_Tiled,CUDA,2000,6000,64,8,4,2,,75,2,0.002295,0.000000,0.00e+00,669.3251,0.0000
CUDA_Tiled,CUDA,2000,6000,64,8,4,2,,75,3,0.002293,0.000000,0.00e+00,669.7271,0.0000
CUDA_WarpRow,CUDA,2000,6000,64,8,4,2,,75,1,0.002792,0.176187,3.72e-06,550.1008,63.0994
CUDA_WarpRow,CUDA,2000,6000,64,8,4,2,,75,2,0.002788,0.000000,0.00e+00,550.8959,0.0000
CUDA_WarpRow,CUDA,2000,6000,64,8,4,2,,75,3,0.002794,0.000000,0.00e+00,549.8150,0.0000
CUDA_Transposed,CUDA,2000,6000,64,8,4,2,,75,1,0.002797,0.190300,3.72e-06,549.0656,68.0255
CUDA_Transposed,CUDA,2000,6000,64,8,4,2,,75,2,0.002802,0.000000,0.00e+00,548.1493,0.0000
CUDA_Transposed,CUDA,2000,6000,64,8,4,2,,75,3,0.002803,0.000000,0.00e+00,547.9693,0.0000
CUDA_Naive,CUDA,2000,6000,128,8,4,2,,75,1,0.003921,0.317194,3.33e-06,783.5125,80.9001
CUDA_Naive,CUDA,2000,6000,128,8,4,2,,75,2,0.003921,0.000000,0.00e+00,783.4566,0.0000
CUDA_Naive,CUDA,2000,6000,128,8,4,2,,75,3,0.003922,0.000000,0.00e+00,783.2803,0.0000
CUDA_Opt2D,CUDA,2000,6000,128,8,4,2,,75,1,0.003920,0.327149,3.33e-06,783.6033,83.4490
CUDA_Opt2D,CUDA,2000,6000,128,8,4,2,,75,2,0.003915,0.000000,0.00e+00,784.7627,0.0000
CUDA_Opt2D,CUDA,2000,6000,128,8,4,2,,75,3,0.003926,0.000000,0.00e+00,782.3825,0.0000
CUDA_Tiled,CUDA,2000,6000,128,8,4,2,,75,1,0.003747,0.333214,3.33e-06,819.7670,88.9185
CUDA_Tiled,CUDA,2000,6000,128,8,4,2,,75,2,0.003740,0.000000,0.00e+00,821.3965,0.0000
CUDA_Tiled,CUDA,2000,6000,128,8,4,2,,75,3,0.003739,0.000000,0.00e+00,821.6272,0.0000
CUDA_WarpRow,CUDA,2000,6000,128,8,4,2,,75,1,0.004732,0.369071,3.33e-06,649.1446,77.9883
CUDA_WarpRow,CUDA,2000,6000,128,8,4,2,,75,2,0.004733,0.000000,0.00e+00,649.0827,0.0000
CUDA_WarpRow,CUDA,2000,6000,128,8,4,2,,75,3,0.004732,0.000000,0.00e+00,649.1657,0.0000
CUDA_Transposed,CUDA,2000,6000,128,8,4,2,,75,1,0.005109,0.357155,3.33e-06,601.3317,69.9117
CUDA_Transposed,CUDA,2000,6000,128,8,4,2,,75,2,0.005105,0.000000,0.00e+00,601.7209,0.0000
CUDA_Transposed,CUDA,2000,6000,128,8,4,2,,75,3,0.005116,0.000000,0.00e+00,600.4669,0.0000
CUDA_Naive,CUDA,2000,2000,3,8,8,1,,75,1,0.001208,0.014143,0.00e+00,19.8753,11.7122
CUDA_Naive,CUDA,2000,2000,3,8,8,1,,75,2,0.001204,0.000000,0.00e+00,19.9408,0.0000
CUDA_Naive,CUDA,2000,2000,3,8,8,1,,75,3,0.001202,0.000000,0.00e+00,19.9644,0.0000
CUDA_Opt2D,CUDA,2000,2000,3,8,8,1,,75,1,0.001202,0.014089,0.00e+00,19.9591,11.7164
CUDA_Opt2D,CUDA,2000,2000,3,8,8,1,,75,2,0.001204,0.000000,0.00e+00,19.9279,0.0000
CUDA_Opt2D,CUDA,2000,2000,3,8,8,1,,75,3,0.001207,0.000000,0.00e+00,19.8900,0.0000
CUDA_Tiled,CUDA,2000,2000,3,8,8,1,,75,1,0.001671,0.014110,0.00e+00,14.3662,8.4463
CUDA_Tiled,CUDA,2000,2000,3,8,8,1,,75,2,0.001661,0.000000,0.00e+00,14.4502,0.0000
CUDA_Tiled,CUDA,2000,2000,3,8,8,1,,75,3,0.001671,0.000000,0.00e+00,14.3653,0.0000
CUDA_WarpRow,CUDA,2000,2000,3,8,8,1,,75,1,0.001195,0.014067,0.00e+00,20.0783,11.7687
CUDA_WarpRow,CUDA,2000,2000,3,8,8,1,,75,2,0.001203,0.000000,0.00e+00,19.9550,0.0000
CUDA_WarpRow,CUDA,2000,2000,3,8,8,1,,75,3,0.001196,0.000000,0.00e+00,20.0672,0.0000
CUDA_Transposed,CUDA,2000,2000,3,8,8,1,,75,1,0.001412,0.014014,0.00e+00,16.9941,9.9231
CUDA_Transposed,CUDA,2000,2000,3,8,8,1,,75,2,0.001411,0.000000,0.00e+00,17.0138,0.0000
CUDA_Transposed,CUDA,2000,2000,3,8,8,1,,75,3,0.001414,0.000000,0.00e+00,16.9719,0.0000
CUDA_Naive,CUDA,2000,2000,6,8,8,1,,75,1,0.001203,0.018006,0.00e+00,39.9044,14.9687
CUDA_Naive,CUDA,2000,2000,6,8,8,1,,75,2,0.001201,0.000000,0.00e+00,39.9830,0.0000
CUDA_Naive,CUDA,2000,2000,6,8,8,1,,75,3,0.001200,0.000000,0.00e+00,40.0153,0.0000
CUDA_Opt2D,CUDA,2000,2000,6,8,8,1,,75,1,0.001203,0.018363,0.00e+00,39.8858,15.2591
CUDA_Opt2D,CUDA,2000,2000,6,8,8,1,,75,2,0.001203,0.000000,0.00e+00,39.8957,0.0000
CUDA_Opt2D,CUDA,2000,2000,6,8,8,1,,75,3,0.001203,0.000000,0.00e+00,39.8859,0.0000
CUDA_Tiled,CUDA,2000,2000,6,8,8,1,,75,1,0.001677,0.017830,0.00e+00,28.6222,10.6320
CUDA_Tiled,CUDA,2000,2000,6,8,8,1,,75,2,0.001673,0.000000,0.00e+00,28.6944,0.0000
CUDA_Tiled,CUDA,2000,2000,6,8,8,1,,75,3,0.001673,0.000000,0.00e+00,28.6965,0.0000
CUDA_WarpRow,CUDA,2000,2000,6,8,8,1,,75,1,0.001195,0.018892,0.00e+00,40.1539,15.8042
CUDA_WarpRow,CUDA,2000,2000,6,8,8,1,,75,2,0.001194,0.000000,0.00e+00,40.2104,0.0000
CUDA_WarpRow,CUDA,2000,2000,6,8,8,1,,75,3,0.001196,0.000000,0.00e+00,40.1468,0.0000
CUDA_Transposed,CUDA,2000,2000,6,8,8,1,,75,1,0.001437,0.019602,0.00e+00,33.4056,13.6418
CUDA_Transposed,CUDA,2000,2000,6,8,8,1,,75,2,0.001436,0.000000,0.00e+00,33.4196,0.0000
CUDA_Transposed,CUDA,2000,2000,6,8,8,1,,75,3,0.001439,0.000000,0.00e+00,33.3499,0.0000
CUDA_Naive,CUDA,2000,2000,8,8,8,1,,75,1,0.001196,0.014038,0.00e+00,53.5151,11.7385
CUDA_Naive,CUDA,2000,2000,8,8,8,1,,75,2,0.001188,0.000000,0.00e+00,53.8515,0.0000
CUDA_Naive,CUDA,2000,2000,8,8,8,1,,75,3,0.001198,0.000000,0.00e+00,53.4047,0.0000
CUDA_Opt2D,CUDA,2000,2000,8,8,8,1,,75,1,0.001188,0.013901,0.00e+00,53.8514,11.6969
CUDA_Opt2D,CUDA,2000,2000,8,8,8,1,,75,2,0.001190,0.000000,0.00e+00,53.7991,0.0000
CUDA_Opt2D,CUDA,2000,2000,8,8,8,1,,75,3,0.001198,0.000000,0.00e+00,53.4412,0.0000
CUDA_Tiled,CUDA,2000,2000,8,8,8,1,,75,1,0.001677,0.013881,0.00e+00,38.1720,8.2793
CUDA_Tiled,CUDA,2000,2000,8,8,8,1,,75,2,0.001672,0.000000,0.00e+00,38.2731,0.0000
CUDA_Tiled,CUDA,2000,2000,8,8,8,1,,75,3,0.001672,0.000000,0.00e+00,38.2747,0.0000
CUDA_WarpRow,CUDA,2000,2000,8,8,8,1,,75,1,0.001194,0.013790,0.00e+00,53.5849,11.5458
CUDA_WarpRow,CUDA,2000,2000,8,8,8,1,,75,2,0.001196,0.000000,0.00e+00,53.5070,0.0000
CUDA_WarpRow,CUDA,2000,2000,8,8,8,1,,75,3,0.001195,0.000000,0.00e+00,53.5426,0.0000
CUDA_Transposed,CUDA,2000,2000,8,8,8,1,,75,1,0.001443,0.013944,0.00e+00,44.3617,9.6654
CUDA_Transposed,CUDA,2000,2000,8,8,8,1,,75,2,0.001432,0.000000,0.00e+00,44.6976,0.0000
CUDA_Transposed,CUDA,2000,2000,8,8,8,1,,75,3,0.001443,0.000000,0.00e+00,44.3396,0.0000
CUDA_Naive,CUDA,2000,2000,20,8,8,1,,75,1,0.001204,0.021849,2.79e-08,132.9216,18.1510
CUDA_Naive,CUDA,2000,2000,20,8,8,1,,75,2,0.001203,0.000000,0.00e+00,132.9552,0.0000
CUDA_Naive,CUDA,2000,2000,20,8,8,1,,75,3,0.001205,0.000000,0.00e+00,132.8260,0.0000
CUDA_Opt2D,CUDA,2000,2000,20,8,8,1,,75,1,0.001201,0.021773,2.79e-08,133.2485,18.1325
CUDA_Opt2D,CUDA,2000,2000,20,8,8,1,,75,2,0.001191,0.000000,0.00e+00,134.3139,0.0000
CUDA_Opt2D,CUDA,2000,2000,20,8,8,1,,75,3,0.001203,0.000000,0.00e+00,132.9545,0.0000
CUDA_Tiled,CUDA,2000,2000,20,8,8,1,,75,1,0.001684,0.022288,2.79e-08,95.0139,13.2355
CUDA_Tiled,CUDA,2000,2000,20,8,8,1,,75,2,0.001689,0.000000,0.00e+00,94.7216,0.0000
CUDA_Tiled,CUDA,2000,2000,20,8,8,1,,75,3,0.001691,0.000000,0.00e+00,94.6022,0.0000
CUDA_WarpRow,CUDA,2000,2000,20,8,8,1,,75,1,0.001199,0.022076,2.79e-08,133.4257,18.4098
CUDA_WarpRow,CUDA,2000,2000,20,8,8,1,,75,2,0.001198,0.000000,0.00e+00,133.5902,0.0000
CUDA_WarpRow,CUDA,2000,2000,20,8,8,1,,75,3,0.001199,0.000000,0.00e+00,133.4640,0.0000
CUDA_Transposed,CUDA,2000,2000,20,8,8,1,,75,1,0.001613,0.022007,2.79e-08,99.1655,13.6394
CUDA_Transposed,CUDA,2000,2000,20,8,8,1,,75,2,0.001613,0.000000,0.00e+00,99.2054,0.0000
CUDA_Transposed,CUDA,2000,2000,20,8,8,1,,75,3,0.001617,0.000000,0.00e+00,98.9712,0.0000
CUDA_Naive,CUDA,2000,2000,32,8,8,1,,75,1,0.001209,0.029735,2.56e-08,211.8024,24.6013
CUDA_Naive,CUDA,2000,2000,32,8,8,1,,75,2,0.001204,0.000000,0.00e+00,212.5761,0.0000
CUDA_Naive,CUDA,2000,2000,32,8,8,1,,75,3,0.001201,0.000000,0.00e+00,213.1157,0.0000
CUDA_Opt2D,CUDA,2000,2000,32,8,8,1,,75,1,0.001204,0.030723,2.56e-08,212.5524,25.5088
CUDA_Opt2D,CUDA,2000,2000,32,8,8,1,,75,2,0.001204,0.000000,0.00e+00,212.5374,0.0000
CUDA_Opt2D,CUDA,2000,2000,32,8,8,1,,75,3,0.001202,0.000000,0.00e+00,212.9042,0.0000
CUDA_Tiled,CUDA,2000,2000,32,8,8,1,,75,1,0.001688,0.030994,2.56e-08,151.6204,18.3565
CUDA_Tiled,CUDA,2000,2000,32,8,8,1,,75,2,0.001694,0.000000,0.00e+00,151.1448,0.0000
CUDA_Tiled,CUDA,2000,2000,32,8,8,1,,75,3,0.001688,0.000000,0.00e+00,151.6613,0.0000
CUDA_WarpRow,CUDA,2000,2000,32,8,8,1,,75,1,0.001204,0.030836,2.56e-08,212.6498,25.6141
CUDA_WarpRow,CUDA,2000,2000,32,8,8,1,,75,2,0.001205,0.000000,0.00e+00,212.4222,0.0000
CUDA_WarpRow,CUDA,2000,2000,32,8,8,1,,75,3,0.001189,0.000000,0.00e+00,215.2428,0.0000
CUDA_Transposed,CUDA,2000,2000,32,8,8,1,,75,1,0.002075,0.030639,2.56e-08,123.3520,14.7632
CUDA_Transposed,CUDA,2000,2000,32,8,8,1,,75,2,0.002082,0.000000,0.00e+00,122.9459,0.0000
CUDA_Transposed,CUDA,2000,2000,32,8,8,1,,75,3,0.002080,0.000000,0.00e+00,123.1032,0.0000
CUDA_Naive,CUDA,2000,2000,64,8,8,1,,75,1,0.001432,0.053224,1.28e-08,357.5643,37.1698
CUDA_Naive,CUDA,2000,2000,64,8,8,1,,75,2,0.001435,0.000000,0.00e+00,356.7381,0.0000
CUDA_Naive,CUDA,2000,2000,64,8,8,1,,75,3,0.001432,0.000000,0.00e+00,357.6587,0.0000
CUDA_Opt2D,CUDA,2000,2000,64,8,8,1,,75,1,0.001432,0.060988,1.28e-08,357.6039,42.5970
CUDA_Opt2D,CUDA,2000,2000,64,8,8,1,,75,2,0.001432,0.000000,0.00e+00,357.5387,0.0000
CUDA_Opt2D,CUDA,2000,2000,64,8,8,1,,75,3,0.001432,0.000000,0.00e+00,357.5020,0.0000
CUDA_Tiled,CUDA,2000,2000,64,8,8,1,,75,1,0.001687,0.060500,1.28e-08,303.5267,35.8658
CUDA_Tiled,CUDA,2000,2000,64,8,8,1,,75,2,0.001689,0.000000,0.00e+00,303.1479,0.0000
CUDA_Tiled,CUDA,2000,2000,64,8,8,1,,75,3,0.001686,0.000000,0.00e+00,303.6235,0.0000
CUDA_WarpRow,CUDA,2000,2000,64,8,8,1,,75,1,0.001543,0.060905,1.28e-08,331.8237,39.4719
CUDA_WarpRow,CUDA,2000,2000,64,8,8,1,,75,2,0.001542,0.000000,0.00e+00,331.9300,0.0000
CUDA_WarpRow,CUDA,2000,2000,64,8,8,1,,75,3,0.001540,0.000000,0.00e+00,332.3907,0.0000
CUDA_Transposed,CUDA,2000,2000,64,8,8,1,,75,1,0.002069,0.056047,1.28e-08,247.4276,27.0850
CUDA_Transposed,CUDA,2000,2000,64,8,8,1,,75,2,0.002070,0.000000,0.00e+00,247.3874,0.0000
CUDA_Transposed,CUDA,2000,2000,64,8,8,1,,75,3,0.002069,0.000000,0.00e+00,247.4038,0.0000
CUDA_Naive,CUDA,2000,2000,128,8,8,1,,75,1,0.001853,0.115689,1.57e-08,552.6236,62.4342
CUDA_Naive,CUDA,2000,2000,128,8,8,1,,75,2,0.001853,0.000000,0.00e+00,552.5006,0.0000
CUDA_Naive,CUDA,2000,2000,128,8,8,1,,75,3,0.001847,0.000000,0.00e+00,554.5412,0.0000
CUDA_Opt2D,CUDA,2000,2000,128,8,8,1,,75,1,0.001843,0.118429,1.57e-08,555.7077,64.2693
CUDA_Opt2D,CUDA,2000,2000,128,8,8,1,,75,2,0.001854,0.000000,0.00e+00,552.2511,0.0000
CUDA_Opt2D,CUDA,2000,2000,128,8,8,1,,75,3,0.001854,0.000000,0.00e+00,552.2205,0.0000
CUDA_Tiled,CUDA,2000,2000,128,8,8,1,,75,1,0.001788,0.112130,1.57e-08,572.7430,62.7163
CUDA_Tiled,CUDA,2000,2000,128,8,8,1,,75,2,0.001781,0.000000,0.00e+00,575.0975,0.0000
CUDA_Tiled,CUDA,2000,2000,128,8,8,1,,75,3,0.001788,0.000000,0.00e+00,572.7273,0.0000
CUDA_WarpRow,CUDA,2000,2000,128,8,8,1,,75,1,0.002300,0.119922,1.57e-08,445.1992,52.1378
CUDA_WarpRow,CUDA,2000,2000,128,8,8,1,,75,2,0.002291,0.000000,0.00e+00,447.0474,0.0000
CUDA_WarpRow,CUDA,2000,2000,128,8,8,1,,75,3,0.002304,0.000000,0.00e+00,444.3672,0.0000
CUDA_Transposed,CUDA,2000,2000,128,8,8,1,,75,1,0.002150,0.114557,1.57e-08,476.2990,53.2845
CUDA_Transposed,CUDA,2000,2000,128,8,8,1,,75,2,0.002149,0.000000,0.00e+00,476.4345,0.0000
CUDA_Transposed,CUDA,2000,2000,128,8,8,1,,75,3,0.002152,0.000000,0.00e+00,475.7604,0.0000
CUDA_Naive,CUDA,2000,4000,3,8,8,1,,75,1,0.001656,0.027496,0.00e+00,28.9820,16.6021
CUDA_Naive,CUDA,2000,4000,3,8,8,1,,75,2,0.001650,0.000000,0.00e+00,29.0826,0.0000
CUDA_Naive,CUDA,2000,4000,3,8,8,1,,75,3,0.001652,0.000000,0.00e+00,29.0591,0.0000
CUDA_Opt2D,CUDA,2000,4000,3,8,8,1,,75,1,0.001656,0.028150,0.00e+00,28.9905,17.0020
CUDA_Opt2D,CUDA,2000,4000,3,8,8,1,,75,2,0.001649,0.000000,0.00e+00,29.1012,0.0000
CUDA_Opt2D,CUDA,2000,4000,3,8,8,1,,75,3,0.001652,0.000000,0.00e+00,29.0593,0.0000
CUDA_Tiled,CUDA,2000,4000,3,8,8,1,,75,1,0.002585,0.028181,0.00e+00,18.5718,10.9034
CUDA_Tiled,CUDA,2000,4000,3,8,8,1,,75,2,0.002597,0.000000,0.00e+00,18.4797,0.0000
CUDA_Tiled,CUDA,2000,4000,3,8,8,1,,75,3,0.002575,0.000000,0.00e+00,18.6420,0.0000
CUDA_WarpRow,CUDA,2000,4000,3,8,8,1,,75,1,0.001619,0.028098,0.00e+00,29.6488,17.3559
CUDA_WarpRow,CUDA,2000,4000,3,8,8,1,,75,2,0.001632,0.000000,0.00e+00,29.4173,0.0000
CUDA_WarpRow,CUDA,2000,4000,3,8,8,1,,75,3,0.001631,0.000000,0.00e+00,29.4271,0.0000
CUDA_Transposed,CUDA,2000,4000,3,8,8,1,,75,1,0.002039,0.027306,0.00e+00,23.5407,13.3915
CUDA_Transposed,CUDA,2000,4000,3,8,8,1,,75,2,0.002060,0.000000,0.00e+00,23.3050,0.0000
CUDA_Transposed,CUDA,2000,4000,3,8,8,1,,75,3,0.002057,0.000000,0.00e+00,23.3363,0.0000
CUDA_Naive,CUDA,2000,4000,6,8,8,1,,75,1,0.001640,0.036425,0.00e+00,58.5273,22.2070
CUDA_Naive,CUDA,2000,4000,6,8,8,1,,75,2,0.001643,0.000000,0.00e+00,58.4426,0.0000
CUDA_Naive,CUDA,2000,4000,6,8,8,1,,75,3,0.001641,0.000000,0.00e+00,58.5017,0.0000
CUDA_Opt2D,CUDA,2000,4000,6,8,8,1,,75,1,0.001641,0.036359,0.00e+00,58.5034,22.1576
CUDA_Opt2D,CUDA,2000,4000,6,8,8,1,,75,2,0.001641,0.000000,0.00e+00,58.5007,0.0000
CUDA_Opt2D,CUDA,2000,4000,6,8,8,1,,75,3,0.001640,0.000000,0.00e+00,58.5387,0.0000
CUDA_Tiled,CUDA,2000,4000,6,8,8,1,,75,1,0.002591,0.036135,0.00e+00,37.0501,13.9458
CUDA_Tiled,CUDA,2000,4000,6,8,8,1,,75,2,0.002585,0.000000,0.00e+00,37.1413,0.0000
CUDA_Tiled,CUDA,2000,4000,6,8,8,1,,75,3,0.002586,0.000000,0.00e+00,37.1260,0.0000
CUDA_WarpRow,CUDA,2000,4000,6,8,8,1,,75,1,0.001636,0.039099,0.00e+00,58.6627,23.8922
CUDA_WarpRow,CUDA,2000,4000,6,8,8,1,,75,2,0.001635,0.000000,0.00e+00,58.7142,0.0000
CUDA_WarpRow,CUDA,2000,4000,6,8,8,1,,75,3,0.001635,0.000000,0.00e+00,58.7141,0.0000
CUDA_Transposed,CUDA,2000,4000,6,8,8,1,,75,1,0.002103,0.039111,0.00e+00,45.6395,18.5936
CUDA_Transposed,CUDA,2000,4000,6,8,8,1,,75,2,0.002098,0.000000,0.00e+00,45.7632,0.0000
CUDA_Transposed,CUDA,2000,4000,6,8,8,1,,75,3,0.002102,0.000000,0.00e+00,45.6618,0.0000
CUDA_Naive,CUDA,2000,4000,8,8,8,1,,75,1,0.001637,0.027425,0.00e+00,78.1778,16.7503
CUDA_Naive,CUDA,2000,4000,8,8,8,1,,75,2,0.001639,0.000000,0.00e+00,78.1174,0.0000
CUDA_Naive,CUDA,2000,4000,8,8,8,1,,75,3,0.001636,0.000000,0.00e+00,78.2534,0.0000
CUDA_Opt2D,CUDA,2000,4000,8,8,8,1,,75,1,0.001638,0.028728,0.00e+00,78.1632,17.5424
CUDA_Opt2D,CUDA,2000,4000,8,8,8,1,,75,2,0.001645,0.000000,0.00e+00,77.8254,0.0000
CUDA_Opt2D,CUDA,2000,4000,8,8,8,1,,75,3,0.001640,0.000000,0.00e+00,78.0537,0.0000
CUDA_Tiled,CUDA,2000,4000,8,8,8,1,,75,1,0.002590,0.027860,0.00e+00,49.4216,10.7568
CUDA_Tiled,CUDA,2000,4000,8,8,8,1,,75,2,0.002589,0.000000,0.00e+00,49.4458,0.0000
CUDA_Tiled,CUDA,2000,4000,8,8,8,1,,75,3,0.002590,0.000000,0.00e+00,49.4283,0.0000
CUDA_WarpRow,CUDA,2000,4000,8,8,8,1,,75,1,0.001633,0.027360,0.00e+00,78.3786,16.7536
CUDA_WarpRow,CUDA,2000,4000,8,8,8,1,,75,2,0.001640,0.000000,0.00e+00,78.0409,0.0000
CUDA_WarpRow,CUDA,2000,4000,8,8,8,1,,75,3,0.001634,0.000000,0.00e+00,78.3294,0.0000
CUDA_Transposed,CUDA,2000,4000,8,8,8,1,,75,1,0.002114,0.027125,0.00e+00,60.5612,12.8339
CUDA_Transposed,CUDA,2000,4000,8,8,8,1,,75,2,0.002116,0.000000,0.00e+00,60.5003,0.0000
CUDA_Transposed,CUDA,2000,4000,8,8,8,1,,75,3,0.002117,0.000000,0.00e+00,60.4590,0.0000
CUDA_Naive,CUDA,2000,4000,20,8,8,1,,75,1,0.001633,0.044422,1.61e-08,195.9796,27.2057
CUDA_Naive,CUDA,2000,4000,20,8,8,1,,75,2,0.001643,0.000000,0.00e+00,194.7891,0.0000
CUDA_Naive,CUDA,2000,4000,20,8,8,1,,75,3,0.001644,0.000000,0.00e+00,194.6588,0.0000
CUDA_Opt2D,CUDA,2000,4000,20,8,8,1,,75,1,0.001642,0.044408,1.61e-08,194.8853,27.0452
CUDA_Opt2D,CUDA,2000,4000,20,8,8,1,,75,2,0.001643,0.000000,0.00e+00,194.7448,0.0000
CUDA_Opt2D,CUDA,2000,4000,20,8,8,1,,75,3,0.001643,0.000000,0.00e+00,194.7667,0.0000
CUDA_Tiled,CUDA,2000,4000,20,8,8,1,,75,1,0.002604,0.044642,1.61e-08,122.8777,17.1423
CUDA_Tiled,CUDA,2000,4000,20,8,8,1,,75,2,0.002614,0.000000,0.00e+00,122.4148,0.0000
CUDA_Tiled,CUDA,2000,4000,20,8,8,1,,75,3,0.002596,0.000000,0.00e+00,123.2797,0.0000
CUDA_WarpRow,CUDA,2000,4000,20,8,8,1,,75,1,0.001629,0.044315,1.61e-08,196.4081,27.1992
CUDA_WarpRow,CUDA,2000,4000,20,8,8,1,,75,2,0.001638,0.000000,0.00e+00,195.3161,0.0000
CUDA_WarpRow,CUDA,2000,4000,20,8,8,1,,75,3,0.001629,0.000000,0.00e+00,196.4943,0.0000
CUDA_Transposed,CUDA,2000,4000,20,8,8,1,,75,1,0.002488,0.044781,1.61e-08,128.6149,17.9983
CUDA_Transposed,CUDA,2000,4000,20,8,8,1,,75,2,0.002476,0.000000,0.00e+00,129.2611,0.0000
CUDA_Transposed,CUDA,2000,4000,20,8,8,1,,75,3,0.002485,0.000000,0.00e+00,128.7955,0.0000
CUDA_Naive,CUDA,2000,4000,32,8,8,1,,75,1,0.001631,0.065136,1.81e-08,313.8314,39.9250
CUDA_Naive,CUDA,2000,4000,32,8,8,1,,75,2,0.001638,0.000000,0.00e+00,312.5822,0.0000
CUDA_Naive,CUDA,2000,4000,32,8,8,1,,75,3,0.001640,0.000000,0.00e+00,312.2210,0.0000
CUDA_Opt2D,CUDA,2000,4000,32,8,8,1,,75,1,0.001639,0.071143,1.81e-08,312.3333,43.3989
CUDA_Opt2D,CUDA,2000,4000,32,8,8,1,,75,2,0.001632,0.000000,0.00e+00,313.7359,0.0000
CUDA_Opt2D,CUDA,2000,4000,32,8,8,1,,75,3,0.001640,0.000000,0.00e+00,312.2790,0.0000
CUDA_Tiled,CUDA,2000,4000,32,8,8,1,,75,1,0.002618,0.066516,1.81e-08,195.5880,25.4097
CUDA_Tiled,CUDA,2000,4000,32,8,8,1,,75,2,0.002618,0.000000,0.00e+00,195.5403,0.0000
CUDA_Tiled,CUDA,2000,4000,32,8,8,1,,75,3,0.002619,0.000000,0.00e+00,195.4826,0.0000
CUDA_WarpRow,CUDA,2000,4000,32,8,8,1,,75,1,0.001636,0.068144,1.81e-08,312.8928,41.6442
CUDA_WarpRow,CUDA,2000,4000,32,8,8,1,,75,2,0.001628,0.000000,0.00e+00,314.5923,0.0000
CUDA_WarpRow,CUDA,2000,4000,32,8,8,1,,75,3,0.001620,0.000000,0.00e+00,316.0904,0.0000
CUDA_Transposed,CUDA,2000,4000,32,8,8,1,,75,1,0.003419,0.067369,1.81e-08,149.7316,19.7017
CUDA_Transposed,CUDA,2000,4000,32,8,8,1,,75,2,0.003421,0.000000,0.00e+00,149.6669,0.0000
CUDA_Transposed,CUDA,2000,4000,32,8,8,1,,75,3,0.003414,0.000000,0.00e+00,149.9724,0.0000
CUDA_Naive,CUDA,2000,4000,64,8,8,1,,75,1,0.002122,0.116088,0.00e+00,482.5613,54.7065
CUDA_Naive,CUDA,2000,4000,64,8,8,1,,75,2,0.002123,0.000000,0.00e+00,482.4489,0.0000
CUDA_Naive,CUDA,2000,4000,64,8,8,1,,75,3,0.002115,0.000000,0.00e+00,484.1890,0.0000
CUDA_Opt2D,CUDA,2000,4000,64,8,8,1,,75,1,0.002123,0.120435,0.00e+00,482.3638,56.7318
CUDA_Opt2D,CUDA,2000,4000,64,8,8,1,,75,2,0.002117,0.000000,0.00e+00,483.7219,0.0000
CUDA_Opt2D,CUDA,2000,4000,64,8,8,1,,75,3,0.002121,0.000000,0.00e+00,482.8393,0.0000
CUDA_Tiled,CUDA,2000,4000,64,8,8,1,,75,1,0.002587,0.125992,0.00e+00,395.7827,48.6969
CUDA_Tiled,CUDA,2000,4000,64,8,8,1,,75,2,0.002580,0.000000,0.00e+00,396.9715,0.0000
CUDA_Tiled,CUDA,2000,4000,64,8,8,1,,75,3,0.002595,0.000000,0.00e+00,394.6259,0.0000
CUDA_WarpRow,CUDA,2000,4000,64,8,8,1,,75,1,0.002491,0.126795,0.00e+00,411.1468,50.9097
CUDA_WarpRow,CUDA,2000,4000,64,8,8,1,,75,2,0.002479,0.000000,0.00e+00,413.1494,0.0000
CUDA_WarpRow,CUDA,2000,4000,64,8,8,1,,75,3,0.002482,0.000000,0.00e+00,412.5563,0.0000
CUDA_Transposed,CUDA,2000,4000,64,8,8,1,,75,1,0.003397,0.112597,0.00e+00,301.4449,33.1463
CUDA_Transposed,CUDA,2000,4000,64,8,8,1,,75,2,0.003397,0.000000,0.00e+00,301.4337,0.0000
CUDA_Transposed,CUDA,2000,4000,64,8,8,1,,75,3,0.003402,0.000000,0.00e+00,301.0048,0.0000
CUDA_Naive,CUDA,2000,4000,128,8,8,1,,75,1,0.002961,0.222714,1.28e-08,691.6753,75.2177
CUDA_Naive,CUDA,2000,4000,128,8,8,1,,75,2,0.002960,0.000000,0.00e+00,691.9991,0.0000
CUDA_Naive,CUDA,2000,4000,128,8,8,1,,75,3,0.002959,0.000000,0.00e+00,692.1445,0.0000
CUDA_Opt2D,CUDA,2000,4000,128,8,8,1,,75,1,0.002959,0.222987,1.28e-08,692.0978,75.3557
CUDA_Opt2D,CUDA,2000,4000,128,8,8,1,,75,2,0.002959,0.000000,0.00e+00,692.0123,0.0000
CUDA_Opt2D,CUDA,2000,4000,128,8,8,1,,75,3,0.002960,0.000000,0.00e+00,691.9760,0.0000
CUDA_Tiled,CUDA,2000,4000,128,8,8,1,,75,1,0.002793,0.226594,1.28e-08,733.3307,81.1370
CUDA_Tiled,CUDA,2000,4000,128,8,8,1,,75,2,0.002794,0.000000,0.00e+00,732.9297,0.0000
CUDA_Tiled,CUDA,2000,4000,128,8,8,1,,75,3,0.002793,0.000000,0.00e+00,733.1422,0.0000
CUDA_WarpRow,CUDA,2000,4000,128,8,8,1,,75,1,0.004191,0.250329,1.28e-08,488.6444,59.7274
CUDA_WarpRow,CUDA,2000,4000,128,8,8,1,,75,2,0.004187,0.000000,0.00e+00,489.1466,0.0000
CUDA_WarpRow,CUDA,2000,4000,128,8,8,1,,75,3,0.004202,0.000000,0.00e+00,487.3760,0.0000
CUDA_Transposed,CUDA,2000,4000,128,8,8,1,,75,1,0.003539,0.233586,1.28e-08,578.6554,65.9988
CUDA_Transposed,CUDA,2000,4000,128,8,8,1,,75,2,0.003538,0.000000,0.00e+00,578.9010,0.0000
CUDA_Transposed,CUDA,2000,4000,128,8,8,1,,75,3,0.003543,0.000000,0.00e+00,578.1110,0.0000
CUDA_Naive,CUDA,4000,2000,3,8,8,1,,75,1,0.001451,0.028201,0.00e+00,33.0836,19.4373
CUDA_Naive,CUDA,4000,2000,3,8,8,1,,75,2,0.001447,0.000000,0.00e+00,33.1767,0.0000
CUDA_Naive,CUDA,4000,2000,3,8,8,1,,75,3,0.001448,0.000000,0.00e+00,33.1604,0.0000
CUDA_Opt2D,CUDA,4000,2000,3,8,8,1,,75,1,0.001452,0.028136,0.00e+00,33.0550,19.3757
CUDA_Opt2D,CUDA,4000,2000,3,8,8,1,,75,2,0.001445,0.000000,0.00e+00,33.2250,0.0000
CUDA_Opt2D,CUDA,4000,2000,3,8,8,1,,75,3,0.001451,0.000000,0.00e+00,33.0815,0.0000
CUDA_Tiled,CUDA,4000,2000,3,8,8,1,,75,1,0.001689,0.027740,0.00e+00,28.4126,16.4200
CUDA_Tiled,CUDA,4000,2000,3,8,8,1,,75,2,0.001674,0.000000,0.00e+00,28.6679,0.0000
CUDA_Tiled,CUDA,4000,2000,3,8,8,1,,75,3,0.001685,0.000000,0.00e+00,28.4851,0.0000
CUDA_WarpRow,CUDA,4000,2000,3,8,8,1,,75,1,0.001438,0.028102,0.00e+00,33.3821,19.5439
CUDA_WarpRow,CUDA,4000,2000,3,8,8,1,,75,2,0.001439,0.000000,0.00e+00,33.3481,0.0000
CUDA_WarpRow,CUDA,4000,2000,3,8,8,1,,75,3,0.001439,0.000000,0.00e+00,33.3582,0.0000
CUDA_Transposed,CUDA,4000,2000,3,8,8,1,,75,1,0.001427,0.028165,0.00e+00,33.6304,19.7334
CUDA_Transposed,CUDA,4000,2000,3,8,8,1,,75,2,0.001435,0.000000,0.00e+00,33.4595,0.0000
CUDA_Transposed,CUDA,4000,2000,3,8,8,1,,75,3,0.001442,0.000000,0.00e+00,33.2957,0.0000
CUDA_Naive,CUDA,4000,2000,6,8,8,1,,75,1,0.001445,0.036610,0.00e+00,66.4543,25.3423
CUDA_Naive,CUDA,4000,2000,6,8,8,1,,75,2,0.001445,0.000000,0.00e+00,66.4259,0.0000
CUDA_Naive,CUDA,4000,2000,6,8,8,1,,75,3,0.001450,0.000000,0.00e+00,66.2013,0.0000
CUDA_Opt2D,CUDA,4000,2000,6,8,8,1,,75,1,0.001449,0.036320,0.00e+00,66.2478,25.0640
CUDA_Opt2D,CUDA,4000,2000,6,8,8,1,,75,2,0.001445,0.000000,0.00e+00,66.4141,0.0000
CUDA_Opt2D,CUDA,4000,2000,6,8,8,1,,75,3,0.001445,0.000000,0.00e+00,66.4295,0.0000
CUDA_Tiled,CUDA,4000,2000,6,8,8,1,,75,1,0.001684,0.035379,0.00e+00,57.0118,21.0107
CUDA_Tiled,CUDA,4000,2000,6,8,8,1,,75,2,0.001689,0.000000,0.00e+00,56.8515,0.0000
CUDA_Tiled,CUDA,4000,2000,6,8,8,1,,75,3,0.001689,0.000000,0.00e+00,56.8306,0.0000
CUDA_WarpRow,CUDA,4000,2000,6,8,8,1,,75,1,0.001433,0.038660,0.00e+00,66.9725,26.9707
CUDA_WarpRow,CUDA,4000,2000,6,8,8,1,,75,2,0.001446,0.000000,0.00e+00,66.3972,0.0000
CUDA_WarpRow,CUDA,4000,2000,6,8,8,1,,75,3,0.001440,0.000000,0.00e+00,66.6779,0.0000
CUDA_Transposed,CUDA,4000,2000,6,8,8,1,,75,1,0.001455,0.038995,0.00e+00,65.9657,26.7949
CUDA_Transposed,CUDA,4000,2000,6,8,8,1,,75,2,0.001446,0.000000,0.00e+00,66.4028,0.0000
CUDA_Transposed,CUDA,4000,2000,6,8,8,1,,75,3,0.001453,0.000000,0.00e+00,66.0571,0.0000
CUDA_Naive,CUDA,4000,2000,8,8,8,1,,75,1,0.001444,0.028022,0.00e+00,88.6400,19.4056
CUDA_Naive,CUDA,4000,2000,8,8,8,1,,75,2,0.001441,0.000000,0.00e+00,88.8317,0.0000
CUDA_Naive,CUDA,4000,2000,8,8,8,1,,75,3,0.001446,0.000000,0.00e+00,88.5199,0.0000
CUDA_Opt2D,CUDA,4000,2000,8,8,8,1,,75,1,0.001432,0.027986,0.00e+00,89.3845,19.5428
CUDA_Opt2D,CUDA,4000,2000,8,8,8,1,,75,2,0.001444,0.000000,0.00e+00,88.6250,0.0000
CUDA_Opt2D,CUDA,4000,2000,8,8,8,1,,75,3,0.001444,0.000000,0.00e+00,88.6301,0.0000
CUDA_Tiled,CUDA,4000,2000,8,8,8,1,,75,1,0.001686,0.027948,0.00e+00,75.8972,16.5718
CUDA_Tiled,CUDA,4000,2000,8,8,8,1,,75,2,0.001687,0.000000,0.00e+00,75.8600,0.0000
CUDA_Tiled,CUDA,4000,2000,8,8,8,1,,75,3,0.001680,0.000000,0.00e+00,76.1912,0.0000
CUDA_WarpRow,CUDA,4000,2000,8,8,8,1,,75,1,0.001431,0.028010,0.00e+00,89.4356,19.5707
CUDA_WarpRow,CUDA,4000,2000,8,8,8,1,,75,2,0.001429,0.000000,0.00e+00,89.5932,0.0000
CUDA_WarpRow,CUDA,4000,2000,8,8,8,1,,75,3,0.001437,0.000000,0.00e+00,89.0895,0.0000
CUDA_Transposed,CUDA,4000,2000,8,8,8,1,,75,1,0.001475,0.027316,0.00e+00,86.7727,18.5177
CUDA_Transposed,CUDA,4000,2000,8,8,8,1,,75,2,0.001463,0.000000,0.00e+00,87.4686,0.0000
CUDA_Transposed,CUDA,4000,2000,8,8,8,1,,75,3,0.001468,0.000000,0.00e+00,87.1687,0.0000
CUDA_Naive,CUDA,4000,2000,20,8,8,1,,75,1,0.001457,0.044769,2.79e-08,219.6892,30.7354
CUDA_Naive,CUDA,4000,2000,20,8,8,1,,75,2,0.001455,0.000000,0.00e+00,219.9131,0.0000
CUDA_Naive,CUDA,4000,2000,20,8,8,1,,75,3,0.001452,0.000000,0.00e+00,220.4053,0.0000
CUDA_Opt2D,CUDA,4000,2000,20,8,8,1,,75,1,0.001456,0.043942,2.79e-08,219.7508,30.1756
CUDA_Opt2D,CUDA,4000,2000,20,8,8,1,,75,2,0.001448,0.000000,0.00e+00,221.0563,0.0000
CUDA_Opt2D,CUDA,4000,2000,20,8,8,1,,75,3,0.001456,0.000000,0.00e+00,219.7057,0.0000
CUDA_Tiled,CUDA,4000,2000,20,8,8,1,,75,1,0.001693,0.043568,2.79e-08,188.9934,25.7314
CUDA_Tiled,CUDA,4000,2000,20,8,8,1,,75,2,0.001694,0.000000,0.00e+00,188.8855,0.0000
CUDA_Tiled,CUDA,4000,2000,20,8,8,1,,75,3,0.001690,0.000000,0.00e+00,189.4012,0.0000
CUDA_WarpRow,CUDA,4000,2000,20,8,8,1,,75,1,0.001446,0.044557,2.79e-08,221.2247,30.8035
CUDA_WarpRow,CUDA,4000,2000,20,8,8,1,,75,2,0.001439,0.000000,0.00e+00,222.3083,0.0000
CUDA_WarpRow,CUDA,4000,2000,20,8,8,1,,75,3,0.001449,0.000000,0.00e+00,220.8556,0.0000
CUDA_Transposed,CUDA,4000,2000,20,8,8,1,,75,1,0.001632,0.044213,2.79e-08,196.0619,27.0893
CUDA_Transposed,CUDA,4000,2000,20,8,8,1,,75,2,0.001626,0.000000,0.00e+00,196.8131,0.0000
CUDA_Transposed,CUDA,4000,2000,20,8,8,1,,75,3,0.001627,0.000000,0.00e+00,196.7128,0.0000
CUDA_Naive,CUDA,4000,2000,32,8,8,1,,75,1,0.001451,0.065141,2.56e-08,352.7650,44.8817
CUDA_Naive,CUDA,4000,2000,32,8,8,1,,75,2,0.001451,0.000000,0.00e+00,352.8851,0.0000
CUDA_Naive,CUDA,4000,2000,32,8,8,1,,75,3,0.001450,0.000000,0.00e+00,353.0018,0.0000
CUDA_Opt2D,CUDA,4000,2000,32,8,8,1,,75,1,0.001443,0.061683,2.56e-08,354.7993,42.7442
CUDA_Opt2D,CUDA,4000,2000,32,8,8,1,,75,2,0.001447,0.000000,0.00e+00,353.8678,0.0000
CUDA_Opt2D,CUDA,4000,2000,32,8,8,1,,75,3,0.001447,0.000000,0.00e+00,353.8333,0.0000
CUDA_Tiled,CUDA,4000,2000,32,8,8,1,,75,1,0.001700,0.061533,2.56e-08,301.0975,36.1863
CUDA_Tiled,CUDA,4000,2000,32,8,8,1,,75,2,0.001698,0.000000,0.00e+00,301.5774,0.0000
CUDA_Tiled,CUDA,4000,2000,32,8,8,1,,75,3,0.001694,0.000000,0.00e+00,302.1763,0.0000
CUDA_WarpRow,CUDA,4000,2000,32,8,8,1,,75,1,0.001446,0.061560,2.56e-08,354.0980,42.5748
CUDA_WarpRow,CUDA,4000,2000,32,8,8,1,,75,2,0.001442,0.000000,0.00e+00,355.1107,0.0000
CUDA_WarpRow,CUDA,4000,2000,32,8,8,1,,75,3,0.001442,0.000000,0.00e+00,355.1190,0.0000
CUDA_Transposed,CUDA,4000,2000,32,8,8,1,,75,1,0.002091,0.061547,2.56e-08,244.9127,29.4409
CUDA_Transposed,CUDA,4000,2000,32,8,8,1,,75,2,0.002087,0.000000,0.00e+00,245.3744,0.0000
CUDA_Transposed,CUDA,4000,2000,32,8,8,1,,75,3,0.002086,0.000000,0.00e+00,245.4056,0.0000
CUDA_Naive,CUDA,4000,2000,64,8,8,1,,75,1,0.001879,0.112922,1.28e-08,544.8495,60.0836
CUDA_Naive,CUDA,4000,2000,64,8,8,1,,75,2,0.001877,0.000000,0.00e+00,545.4966,0.0000
CUDA_Naive,CUDA,4000,2000,64,8,8,1,,75,3,0.001885,0.000000,0.00e+00,543.3092,0.0000
CUDA_Opt2D,CUDA,4000,2000,64,8,8,1,,75,1,0.001885,0.120600,1.28e-08,543.1671,63.9704
CUDA_Opt2D,CUDA,4000,2000,64,8,8,1,,75,2,0.001885,0.000000,0.00e+00,543.2501,0.0000
CUDA_Opt2D,CUDA,4000,2000,64,8,8,1,,75,3,0.001878,0.000000,0.00e+00,545.1784,0.0000
CUDA_Tiled,CUDA,4000,2000,64,8,8,1,,75,1,0.001792,0.110924,1.28e-08,571.5387,61.9113
CUDA_Tiled,CUDA,4000,2000,64,8,8,1,,75,2,0.001793,0.000000,0.00e+00,571.0368,0.0000
CUDA_Tiled,CUDA,4000,2000,64,8,8,1,,75,3,0.001792,0.000000,0.00e+00,571.5075,0.0000
CUDA_WarpRow,CUDA,4000,2000,64,8,8,1,,75,1,0.002107,0.115056,1.28e-08,485.9090,54.5965
CUDA_WarpRow,CUDA,4000,2000,64,8,8,1,,75,2,0.002098,0.000000,0.00e+00,487.9755,0.0000
CUDA_WarpRow,CUDA,4000,2000,64,8,8,1,,75,3,0.002108,0.000000,0.00e+00,485.7363,0.0000
CUDA_Transposed,CUDA,4000,2000,64,8,8,1,,75,1,0.002114,0.111988,1.28e-08,484.3695,52.9721
CUDA_Transposed,CUDA,4000,2000,64,8,8,1,,75,2,0.002115,0.000000,0.00e+00,484.1947,0.0000
CUDA_Transposed,CUDA,4000,2000,64,8,8,1,,75,3,0.002115,0.000000,0.00e+00,484.2705,0.0000
CUDA_Naive,CUDA,4000,2000,128,8,8,1,,75,1,0.002873,0.208059,1.57e-08,712.8644,72.4209
CUDA_Naive,CUDA,4000,2000,128,8,8,1,,75,2,0.002871,0.000000,0.00e+00,713.3121,0.0000
CUDA_Naive,CUDA,4000,2000,128,8,8,1,,75,3,0.002871,0.000000,0.00e+00,713.2563,0.0000
CUDA_Opt2D,CUDA,4000,2000,128,8,8,1,,75,1,0.002873,0.215653,1.57e-08,712.8817,75.0658
CUDA_Opt2D,CUDA,4000,2000,128,8,8,1,,75,2,0.002872,0.000000,0.00e+00,713.1467,0.0000
CUDA_Opt2D,CUDA,4000,2000,128,8,8,1,,75,3,0.002875,0.000000,0.00e+00,712.3727,0.0000
CUDA_Tiled,CUDA,4000,2000,128,8,8,1,,75,1,0.002794,0.206179,1.57e-08,732.8990,73.7835
CUDA_Tiled,CUDA,4000,2000,128,8,8,1,,75,2,0.002797,0.000000,0.00e+00,732.2580,0.0000
CUDA_Tiled,CUDA,4000,2000,128,8,8,1,,75,3,0.002789,0.000000,0.00e+00,734.3724,0.0000
CUDA_WarpRow,CUDA,4000,2000,128,8,8,1,,75,1,0.003401,0.205184,1.57e-08,602.1424,60.3270
CUDA_WarpRow,CUDA,4000,2000,128,8,8,1,,75,2,0.003392,0.000000,0.00e+00,603.8570,0.0000
CUDA_WarpRow,CUDA,4000,2000,128,8,8,1,,75,3,0.003402,0.000000,0.00e+00,602.0097,0.0000
CUDA_Transposed,CUDA,4000,2000,128,8,8,1,,75,1,0.003657,0.206673,1.57e-08,560.0825,56.5206
CUDA_Transposed,CUDA,4000,2000,128,8,8,1,,75,2,0.003663,0.000000,0.00e+00,559.1578,0.0000
CUDA_Transposed,CUDA,4000,2000,128,8,8,1,,75,3,0.003663,0.000000,0.00e+00,559.0460,0.0000
CUDA_Naive,CUDA,6000,2000,3,8,8,1,,75,1,0.001517,0.041055,0.00e+00,47.4575,27.0608
CUDA_Naive,CUDA,6000,2000,3,8,8,1,,75,2,0.001517,0.000000,0.00e+00,47.4715,0.0000
CUDA_Naive,CUDA,6000,2000,3,8,8,1,,75,3,0.001509,0.000000,0.00e+00,47.7063,0.0000
CUDA_Opt2D,CUDA,6000,2000,3,8,8,1,,75,1,0.001517,0.042370,0.00e+00,47.4474,27.9213
CUDA_Opt2D,CUDA,6000,2000,3,8,8,1,,75,2,0.001509,0.000000,0.00e+00,47.7229,0.0000
CUDA_Opt2D,CUDA,6000,2000,3,8,8,1,,75,3,0.001510,0.000000,0.00e+00,47.6971,0.0000
CUDA_Tiled,CUDA,6000,2000,3,8,8,1,,75,1,0.001685,0.042793,0.00e+00,42.7394,25.4020
CUDA_Tiled,CUDA,6000,2000,3,8,8,1,,75,2,0.001677,0.000000,0.00e+00,42.9272,0.0000
CUDA_Tiled,CUDA,6000,2000,3,8,8,1,,75,3,0.001677,0.000000,0.00e+00,42.9413,0.0000
CUDA_WarpRow,CUDA,6000,2000,3,8,8,1,,75,1,0.001509,0.041736,0.00e+00,47.7121,27.6572
CUDA_WarpRow,CUDA,6000,2000,3,8,8,1,,75,2,0.001511,0.000000,0.00e+00,47.6648,0.0000
CUDA_WarpRow,CUDA,6000,2000,3,8,8,1,,75,3,0.001510,0.000000,0.00e+00,47.6974,0.0000
CUDA_Transposed,CUDA,6000,2000,3,8,8,1,,75,1,0.001442,0.042261,0.00e+00,49.9452,29.3156
CUDA_Transposed,CUDA,6000,2000,3,8,8,1,,75,2,0.001433,0.000000,0.00e+00,50.2511,0.0000
CUDA_Transposed,CUDA,6000,2000,3,8,8,1,,75,3,0.001435,0.000000,0.00e+00,50.1619,0.0000
CUDA_Naive,CUDA,6000,2000,6,8,8,1,,75,1,0.001516,0.054499,0.00e+00,94.9786,35.9460
CUDA_Naive,CUDA,6000,2000,6,8,8,1,,75,2,0.001516,0.000000,0.00e+00,94.9962,0.0000
CUDA_Naive,CUDA,6000,2000,6,8,8,1,,75,3,0.001522,0.000000,0.00e+00,94.6163,0.0000
CUDA_Opt2D,CUDA,6000,2000,6,8,8,1,,75,1,0.001517,0.053218,0.00e+00,94.9483,35.0900
CUDA_Opt2D,CUDA,6000,2000,6,8,8,1,,75,2,0.001517,0.000000,0.00e+00,94.9110,0.0000
CUDA_Opt2D,CUDA,6000,2000,6,8,8,1,,75,3,0.001515,0.000000,0.00e+00,95.0551,0.0000
CUDA_Tiled,CUDA,6000,2000,6,8,8,1,,75,1,0.001686,0.055374,0.00e+00,85.4172,32.8467
CUDA_Tiled,CUDA,6000,2000,6,8,8,1,,75,2,0.001686,0.000000,0.00e+00,85.4281,0.0000
CUDA_Tiled,CUDA,6000,2000,6,8,8,1,,75,3,0.001688,0.000000,0.00e+00,85.3100,0.0000
CUDA_WarpRow,CUDA,6000,2000,6,8,8,1,,75,1,0.001500,0.058555,0.00e+00,96.0011,39.0371
CUDA_WarpRow,CUDA,6000,2000,6,8,8,1,,75,2,0.001508,0.000000,0.00e+00,95.4911,0.0000
CUDA_WarpRow,CUDA,6000,2000,6,8,8,1,,75,3,0.001508,0.000000,0.00e+00,95.5035,0.0000
CUDA_Transposed,CUDA,6000,2000,6,8,8,1,,75,1,0.001451,0.058325,0.00e+00,99.2240,40.1891
CUDA_Transposed,CUDA,6000,2000,6,8,8,1,,75,2,0.001456,0.000000,0.00e+00,98.8870,0.0000
CUDA_Transposed,CUDA,6000,2000,6,8,8,1,,75,3,0.001451,0.000000,0.00e+00,99.2491,0.0000
CUDA_Naive,CUDA,6000,2000,8,8,8,1,,75,1,0.001510,0.042087,0.00e+00,127.1710,27.8760
CUDA_Naive,CUDA,6000,2000,8,8,8,1,,75,2,0.001511,0.000000,0.00e+00,127.0828,0.0000
CUDA_Naive,CUDA,6000,2000,8,8,8,1,,75,3,0.001510,0.000000,0.00e+00,127.1182,0.0000
CUDA_Opt2D,CUDA,6000,2000,8,8,8,1,,75,1,0.001510,0.041820,0.00e+00,127.1137,27.6873
CUDA_Opt2D,CUDA,6000,2000,8,8,8,1,,75,2,0.001511,0.000000,0.00e+00,127.0521,0.0000
CUDA_Opt2D,CUDA,6000,2000,8,8,8,1,,75,3,0.001502,0.000000,0.00e+00,127.8197,0.0000
CUDA_Tiled,CUDA,6000,2000,8,8,8,1,,75,1,0.001681,0.040748,0.00e+00,114.2091,24.2386
CUDA_Tiled,CUDA,6000,2000,8,8,8,1,,75,2,0.001687,0.000000,0.00e+00,113.7870,0.0000
CUDA_Tiled,CUDA,6000,2000,8,8,8,1,,75,3,0.001678,0.000000,0.00e+00,114.3958,0.0000
CUDA_WarpRow,CUDA,6000,2000,8,8,8,1,,75,1,0.001503,0.041503,0.00e+00,127.7352,27.6111
CUDA_WarpRow,CUDA,6000,2000,8,8,8,1,,75,2,0.001505,0.000000,0.00e+00,127.5982,0.0000
CUDA_WarpRow,CUDA,6000,2000,8,8,8,1,,75,3,0.001505,0.000000,0.00e+00,127.5789,0.0000
CUDA_Transposed,CUDA,6000,2000,8,8,8,1,,75,1,0.001468,0.040852,0.00e+00,130.8111,27.8328
CUDA_Transposed,CUDA,6000,2000,8,8,8,1,,75,2,0.001481,0.000000,0.00e+00,129.6848,0.0000
CUDA_Transposed,CUDA,6000,2000,8,8,8,1,,75,3,0.001478,0.000000,0.00e+00,129.8880,0.0000
CUDA_Naive,CUDA,6000,2000,20,8,8,1,,75,1,0.001523,0.067167,2.79e-08,315.1278,44.0965
CUDA_Naive,CUDA,6000,2000,20,8,8,1,,75,2,0.001523,0.000000,0.00e+00,315.1079,0.0000
CUDA_Naive,CUDA,6000,2000,20,8,8,1,,75,3,0.001527,0.000000,0.00e+00,314.4306,0.0000
CUDA_Opt2D,CUDA,6000,2000,20,8,8,1,,75,1,0.001524,0.066726,2.79e-08,315.0259,43.7927
CUDA_Opt2D,CUDA,6000,2000,20,8,8,1,,75,2,0.001524,0.000000,0.00e+00,315.0051,0.0000
CUDA_Opt2D,CUDA,6000,2000,20,8,8,1,,75,3,0.001523,0.000000,0.00e+00,315.1287,0.0000
CUDA_Tiled,CUDA,6000,2000,20,8,8,1,,75,1,0.001677,0.067218,2.79e-08,286.1978,40.0785
CUDA_Tiled,CUDA,6000,2000,20,8,8,1,,75,2,0.001688,0.000000,0.00e+00,284.3852,0.0000
CUDA_Tiled,CUDA,6000,2000,20,8,8,1,,75,3,0.001688,0.000000,0.00e+00,284.3603,0.0000
CUDA_WarpRow,CUDA,6000,2000,20,8,8,1,,75,1,0.001518,0.066113,2.79e-08,316.2456,43.5584
CUDA_WarpRow,CUDA,6000,2000,20,8,8,1,,75,2,0.001509,0.000000,0.00e+00,318.1131,0.0000
CUDA_WarpRow,CUDA,6000,2000,20,8,8,1,,75,3,0.001517,0.000000,0.00e+00,316.3348,0.0000
CUDA_Transposed,CUDA,6000,2000,20,8,8,1,,75,1,0.001625,0.066109,2.79e-08,295.3976,40.6839
CUDA_Transposed,CUDA,6000,2000,20,8,8,1,,75,2,0.001626,0.000000,0.00e+00,295.1385,0.0000
CUDA_Transposed,CUDA,6000,2000,20,8,8,1,,75,3,0.001634,0.000000,0.00e+00,293.7185,0.0000
CUDA_Naive,CUDA,6000,2000,32,8,8,1,,75,1,0.001512,0.091408,2.56e-08,507.8599,60.4456
CUDA_Naive,CUDA,6000,2000,32,8,8,1,,75,2,0.001515,0.000000,0.00e+00,506.9668,0.0000
CUDA_Naive,CUDA,6000,2000,32,8,8,1,,75,3,0.001518,0.000000,0.00e+00,505.9723,0.0000
CUDA_Opt2D,CUDA,6000,2000,32,8,8,1,,75,1,0.001514,0.092201,2.56e-08,507.1172,60.8808
CUDA_Opt2D,CUDA,6000,2000,32,8,8,1,,75,2,0.001514,0.000000,0.00e+00,507.1051,0.0000
CUDA_Opt2D,CUDA,6000,2000,32,8,8,1,,75,3,0.001517,0.000000,0.00e+00,506.1868,0.0000
CUDA_Tiled,CUDA,6000,2000,32,8,8,1,,75,1,0.001691,0.091090,2.56e-08,454.2056,53.8716
CUDA_Tiled,CUDA,6000,2000,32,8,8,1,,75,2,0.001691,0.000000,0.00e+00,454.2463,0.0000
CUDA_Tiled,CUDA,6000,2000,32,8,8,1,,75,3,0.001692,0.000000,0.00e+00,453.7833,0.0000
CUDA_WarpRow,CUDA,6000,2000,32,8,8,1,,75,1,0.001508,0.090810,2.56e-08,509.2104,60.2103
CUDA_WarpRow,CUDA,6000,2000,32,8,8,1,,75,2,0.001509,0.000000,0.00e+00,508.8547,0.0000
CUDA_WarpRow,CUDA,6000,2000,32,8,8,1,,75,3,0.001509,0.000000,0.00e+00,508.8103,0.0000
CUDA_Transposed,CUDA,6000,2000,32,8,8,1,,75,1,0.002096,0.090696,2.56e-08,366.4159,43.2713
CUDA_Transposed,CUDA,6000,2000,32,8,8,1,,75,2,0.002096,0.000000,0.00e+00,366.3409,0.0000
CUDA_Transposed,CUDA,6000,2000,32,8,8,1,,75,3,0.002092,0.000000,0.00e+00,367.1139,0.0000
CUDA_Naive,CUDA,6000,2000,64,8,8,1,,75,1,0.002249,0.180655,1.28e-08,683.0769,80.3394
CUDA_Naive,CUDA,6000,2000,64,8,8,1,,75,2,0.002246,0.000000,0.00e+00,683.8338,0.0000
CUDA_Naive,CUDA,6000,2000,64,8,8,1,,75,3,0.002247,0.000000,0.00e+00,683.5242,0.0000
CUDA_Opt2D,CUDA,6000,2000,64,8,8,1,,75,1,0.002251,0.169029,1.28e-08,682.4417,75.0991
CUDA_Opt2D,CUDA,6000,2000,64,8,8,1,,75,2,0.002243,0.000000,0.00e+00,684.7492,0.0000
CUDA_Opt2D,CUDA,6000,2000,64,8,8,1,,75,3,0.002252,0.000000,0.00e+00,682.1180,0.0000
CUDA_Tiled,CUDA,6000,2000,64,8,8,1,,75,1,0.001805,0.164737,1.28e-08,850.7457,91.2431
CUDA_Tiled,CUDA,6000,2000,64,8,8,1,,75,2,0.001805,0.000000,0.00e+00,851.1282,0.0000
CUDA_Tiled,CUDA,6000,2000,64,8,8,1,,75,3,0.001808,0.000000,0.00e+00,849.4112,0.0000
CUDA_WarpRow,CUDA,6000,2000,64,8,8,1,,75,1,0.002264,0.156352,1.28e-08,678.5830,69.0739
CUDA_WarpRow,CUDA,6000,2000,64,8,8,1,,75,2,0.002263,0.000000,0.00e+00,678.7858,0.0000
CUDA_WarpRow,CUDA,6000,2000,64,8,8,1,,75,3,0.002262,0.000000,0.00e+00,679.0235,0.0000
CUDA_Transposed,CUDA,6000,2000,64,8,8,1,,75,1,0.002305,0.160241,1.28e-08,666.4238,69.5237
CUDA_Transposed,CUDA,6000,2000,64,8,8,1,,75,2,0.002309,0.000000,0.00e+00,665.2298,0.0000
CUDA_Transposed,CUDA,6000,2000,64,8,8,1,,75,3,0.002311,0.000000,0.00e+00,664.6270,0.0000
CUDA_Naive,CUDA,6000,2000,128,8,8,1,,75,1,0.003589,0.304835,1.57e-08,855.9399,84.9351
CUDA_Naive,CUDA,6000,2000,128,8,8,1,,75,2,0.003586,0.000000,0.00e+00,856.5514,0.0000
CUDA_Naive,CUDA,6000,2000,128,8,8,1,,75,3,0.003588,0.000000,0.00e+00,856.2898,0.0000
CUDA_Opt2D,CUDA,6000,2000,128,8,8,1,,75,1,0.003590,0.321471,1.57e-08,855.6627,89.5412
CUDA_Opt2D,CUDA,6000,2000,128,8,8,1,,75,2,0.003589,0.000000,0.00e+00,855.8878,0.0000
CUDA_Opt2D,CUDA,6000,2000,128,8,8,1,,75,3,0.003586,0.000000,0.00e+00,856.6225,0.0000
CUDA_Tiled,CUDA,6000,2000,128,8,8,1,,75,1,0.002841,0.325112,1.57e-08,1081.2076,114.4251
CUDA_Tiled,CUDA,6000,2000,128,8,8,1,,75,2,0.002853,0.000000,0.00e+00,1076.7450,0.0000
CUDA_Tiled,CUDA,6000,2000,128,8,8,1,,75,3,0.002840,0.000000,0.00e+00,1081.7954,0.0000
CUDA_WarpRow,CUDA,6000,2000,128,8,8,1,,75,1,0.003737,0.308293,1.57e-08,821.9604,82.4885
CUDA_WarpRow,CUDA,6000,2000,128,8,8,1,,75,2,0.003735,0.000000,0.00e+00,822.4072,0.0000
CUDA_WarpRow,CUDA,6000,2000,128,8,8,1,,75,3,0.003752,0.000000,0.00e+00,818.8715,0.0000
CUDA_Transposed,CUDA,6000,2000,128,8,8,1,,75,1,0.003760,0.309371,1.57e-08,816.9557,82.2728
CUDA_Transposed,CUDA,6000,2000,128,8,8,1,,75,2,0.003769,0.000000,0.00e+00,814.9843,0.0000
CUDA_Transposed,CUDA,6000,2000,128,8,8,1,,75,3,0.003753,0.000000,0.00e+00,818.4874,0.0000
CUDA_Naive,CUDA,4000,4000,3,8,8,1,,75,1,0.002161,0.055945,0.00e+00,44.4159,25.8836
CUDA_Naive,CUDA,4000,4000,3,8,8,1,,75,2,0.002158,0.000000,0.00e+00,44.4807,0.0000
CUDA_Naive,CUDA,4000,4000,3,8,8,1,,75,3,0.002156,0.000000,0.00e+00,44.5214,0.0000
CUDA_Opt2D,CUDA,4000,4000,3,8,8,1,,75,1,0.002160,0.056228,0.00e+00,44.4353,26.0262
CUDA_Opt2D,CUDA,4000,4000,3,8,8,1,,75,2,0.002159,0.000000,0.00e+00,44.4552,0.0000
CUDA_Opt2D,CUDA,4000,4000,3,8,8,1,,75,3,0.002155,0.000000,0.00e+00,44.5379,0.0000
CUDA_Tiled,CUDA,4000,4000,3,8,8,1,,75,1,0.002591,0.056054,0.00e+00,37.0577,21.6378
CUDA_Tiled,CUDA,4000,4000,3,8,8,1,,75,2,0.002590,0.000000,0.00e+00,37.0615,0.0000
CUDA_Tiled,CUDA,4000,4000,3,8,8,1,,75,3,0.002588,0.000000,0.00e+00,37.0916,0.0000
CUDA_WarpRow,CUDA,4000,4000,3,8,8,1,,75,1,0.002139,0.055397,0.00e+00,44.8807,25.8983
CUDA_WarpRow,CUDA,4000,4000,3,8,8,1,,75,2,0.002137,0.000000,0.00e+00,44.9326,0.0000
CUDA_WarpRow,CUDA,4000,4000,3,8,8,1,,75,3,0.002141,0.000000,0.00e+00,44.8393,0.0000
CUDA_Transposed,CUDA,4000,4000,3,8,8,1,,75,1,0.002082,0.056416,0.00e+00,46.0990,27.0909
CUDA_Transposed,CUDA,4000,4000,3,8,8,1,,75,2,0.002084,0.000000,0.00e+00,46.0581,0.0000
CUDA_Transposed,CUDA,4000,4000,3,8,8,1,,75,3,0.002082,0.000000,0.00e+00,46.1095,0.0000
CUDA_Naive,CUDA,4000,4000,6,8,8,1,,75,1,0.002143,0.073353,0.00e+00,89.5853,34.2259
CUDA_Naive,CUDA,4000,4000,6,8,8,1,,75,2,0.002152,0.000000,0.00e+00,89.2104,0.0000
CUDA_Naive,CUDA,4000,4000,6,8,8,1,,75,3,0.002151,0.000000,0.00e+00,89.2745,0.0000
CUDA_Opt2D,CUDA,4000,4000,6,8,8,1,,75,1,0.002151,0.071331,0.00e+00,89.2662,33.1639
CUDA_Opt2D,CUDA,4000,4000,6,8,8,1,,75,2,0.002151,0.000000,0.00e+00,89.2764,0.0000
CUDA_Opt2D,CUDA,4000,4000,6,8,8,1,,75,3,0.002151,0.000000,0.00e+00,89.2415,0.0000
CUDA_Tiled,CUDA,4000,4000,6,8,8,1,,75,1,0.002594,0.072680,0.00e+00,74.0062,28.0142
CUDA_Tiled,CUDA,4000,4000,6,8,8,1,,75,2,0.002589,0.000000,0.00e+00,74.1671,0.0000
CUDA_Tiled,CUDA,4000,4000,6,8,8,1,,75,3,0.002590,0.000000,0.00e+00,74.1300,0.0000
CUDA_WarpRow,CUDA,4000,4000,6,8,8,1,,75,1,0.002138,0.079027,0.00e+00,89.7865,36.9558
CUDA_WarpRow,CUDA,4000,4000,6,8,8,1,,75,2,0.002138,0.000000,0.00e+00,89.7861,0.0000
CUDA_WarpRow,CUDA,4000,4000,6,8,8,1,,75,3,0.002137,0.000000,0.00e+00,89.8374,0.0000
CUDA_Transposed,CUDA,4000,4000,6,8,8,1,,75,1,0.002112,0.077166,0.00e+00,90.9086,36.5368
CUDA_Transposed,CUDA,4000,4000,6,8,8,1,,75,2,0.002114,0.000000,0.00e+00,90.8389,0.0000
CUDA_Transposed,CUDA,4000,4000,6,8,8,1,,75,3,0.002112,0.000000,0.00e+00,90.9187,0.0000
CUDA_Naive,CUDA,4000,4000,8,8,8,1,,75,1,0.002133,0.055859,0.00e+00,120.0101,26.1860
CUDA_Naive,CUDA,4000,4000,8,8,8,1,,75,2,0.002142,0.000000,0.00e+00,119.5186,0.0000
CUDA_Naive,CUDA,4000,4000,8,8,8,1,,75,3,0.002145,0.000000,0.00e+00,119.3203,0.0000
CUDA_Opt2D,CUDA,4000,4000,8,8,8,1,,75,1,0.002143,0.054598,0.00e+00,119.4717,25.4800
CUDA_Opt2D,CUDA,4000,4000,8,8,8,1,,75,2,0.002145,0.000000,0.00e+00,119.3309,0.0000
CUDA_Opt2D,CUDA,4000,4000,8,8,8,1,,75,3,0.002141,0.000000,0.00e+00,119.5565,0.0000
CUDA_Tiled,CUDA,4000,4000,8,8,8,1,,75,1,0.002591,0.055485,0.00e+00,98.8183,21.4178
CUDA_Tiled,CUDA,4000,4000,8,8,8,1,,75,2,0.002590,0.000000,0.00e+00,98.8413,0.0000
CUDA_Tiled,CUDA,4000,4000,8,8,8,1,,75,3,0.002590,0.000000,0.00e+00,98.8339,0.0000
CUDA_WarpRow,CUDA,4000,4000,8,8,8,1,,75,1,0.002132,0.056079,0.00e+00,120.0990,26.3086
CUDA_WarpRow,CUDA,4000,4000,8,8,8,1,,75,2,0.002130,0.000000,0.00e+00,120.1833,0.0000
CUDA_WarpRow,CUDA,4000,4000,8,8,8,1,,75,3,0.002123,0.000000,0.00e+00,120.6029,0.0000
CUDA_Transposed,CUDA,4000,4000,8,8,8,1,,75,1,0.002159,0.054851,0.00e+00,118.5516,25.4010
CUDA_Transposed,CUDA,4000,4000,8,8,8,1,,75,2,0.002152,0.000000,0.00e+00,118.9371,0.0000
CUDA_Transposed,CUDA,4000,4000,8,8,8,1,,75,3,0.002173,0.000000,0.00e+00,117.8093,0.0000
CUDA_Naive,CUDA,4000,4000,20,8,8,1,,75,1,0.002156,0.089295,1.61e-08,296.8717,41.4206
CUDA_Naive,CUDA,4000,4000,20,8,8,1,,75,2,0.002165,0.000000,0.00e+00,295.5785,0.0000
CUDA_Naive,CUDA,4000,4000,20,8,8,1,,75,3,0.002167,0.000000,0.00e+00,295.3075,0.0000
CUDA_Opt2D,CUDA,4000,4000,20,8,8,1,,75,1,0.002164,0.089003,1.61e-08,295.7207,41.1251
CUDA_Opt2D,CUDA,4000,4000,20,8,8,1,,75,2,0.002156,0.000000,0.00e+00,296.8316,0.0000
CUDA_Opt2D,CUDA,4000,4000,20,8,8,1,,75,3,0.002164,0.000000,0.00e+00,295.7510,0.0000
CUDA_Tiled,CUDA,4000,4000,20,8,8,1,,75,1,0.002596,0.089231,1.61e-08,246.5613,34.3763
CUDA_Tiled,CUDA,4000,4000,20,8,8,1,,75,2,0.002594,0.000000,0.00e+00,246.7536,0.0000
CUDA_Tiled,CUDA,4000,4000,20,8,8,1,,75,3,0.002605,0.000000,0.00e+00,245.7038,0.0000
CUDA_WarpRow,CUDA,4000,4000,20,8,8,1,,75,1,0.002146,0.090218,1.61e-08,298.2088,42.0370
CUDA_WarpRow,CUDA,4000,4000,20,8,8,1,,75,2,0.002145,0.000000,0.00e+00,298.3520,0.0000
CUDA_WarpRow,CUDA,4000,4000,20,8,8,1,,75,3,0.002154,0.000000,0.00e+00,297.0791,0.0000
CUDA_Transposed,CUDA,4000,4000,20,8,8,1,,75,1,0.002489,0.090185,1.61e-08,257.1566,36.2371
CUDA_Transposed,CUDA,4000,4000,20,8,8,1,,75,2,0.002498,0.000000,0.00e+00,256.2206,0.0000
CUDA_Transposed,CUDA,4000,4000,20,8,8,1,,75,3,0.002500,0.000000,0.00e+00,256.0447,0.0000
CUDA_Naive,CUDA,4000,4000,32,8,8,1,,75,1,0.002157,0.122837,1.81e-08,474.8315,56.9599
CUDA_Naive,CUDA,4000,4000,32,8,8,1,,75,2,0.002159,0.000000,0.00e+00,474.2294,0.0000
CUDA_Naive,CUDA,4000,4000,32,8,8,1,,75,3,0.002153,0.000000,0.00e+00,475.6964,0.0000
CUDA_Opt2D,CUDA,4000,4000,32,8,8,1,,75,1,0.002148,0.122341,1.81e-08,476.6294,56.9445
CUDA_Opt2D,CUDA,4000,4000,32,8,8,1,,75,2,0.002158,0.000000,0.00e+00,474.5850,0.0000
CUDA_Opt2D,CUDA,4000,4000,32,8,8,1,,75,3,0.002155,0.000000,0.00e+00,475.0835,0.0000
CUDA_Tiled,CUDA,4000,4000,32,8,8,1,,75,1,0.002613,0.122739,1.81e-08,391.8979,46.9739
CUDA_Tiled,CUDA,4000,4000,32,8,8,1,,75,2,0.002610,0.000000,0.00e+00,392.3522,0.0000
CUDA_Tiled,CUDA,4000,4000,32,8,8,1,,75,3,0.002610,0.000000,0.00e+00,392.2972,0.0000
CUDA_WarpRow,CUDA,4000,4000,32,8,8,1,,75,1,0.002134,0.123677,1.81e-08,479.9433,57.9667
CUDA_WarpRow,CUDA,4000,4000,32,8,8,1,,75,2,0.002133,0.000000,0.00e+00,480.0817,0.0000
CUDA_WarpRow,CUDA,4000,4000,32,8,8,1,,75,3,0.002144,0.000000,0.00e+00,477.7219,0.0000
CUDA_Transposed,CUDA,4000,4000,32,8,8,1,,75,1,0.003423,0.121156,1.81e-08,299.1670,35.3963
CUDA_Transposed,CUDA,4000,4000,32,8,8,1,,75,2,0.003423,0.000000,0.00e+00,299.1694,0.0000
CUDA_Transposed,CUDA,4000,4000,32,8,8,1,,75,3,0.003421,0.000000,0.00e+00,299.3371,0.0000
CUDA_Naive,CUDA,4000,4000,64,8,8,1,,75,1,0.003026,0.239679,0.00e+00,676.7987,79.2063
CUDA_Naive,CUDA,4000,4000,64,8,8,1,,75,2,0.003017,0.000000,0.00e+00,678.7473,0.0000
CUDA_Naive,CUDA,4000,4000,64,8,8,1,,75,3,0.003026,0.000000,0.00e+00,676.8255,0.0000
CUDA_Opt2D,CUDA,4000,4000,64,8,8,1,,75,1,0.003012,0.228226,0.00e+00,679.9331,75.7706
CUDA_Opt2D,CUDA,4000,4000,64,8,8,1,,75,2,0.003021,0.000000,0.00e+00,677.8941,0.0000
CUDA_Opt2D,CUDA,4000,4000,64,8,8,1,,75,3,0.003010,0.000000,0.00e+00,680.3951,0.0000
CUDA_Tiled,CUDA,4000,4000,64,8,8,1,,75,1,0.002801,0.234283,0.00e+00,731.0404,83.6281
CUDA_Tiled,CUDA,4000,4000,64,8,8,1,,75,2,0.002790,0.000000,0.00e+00,734.1608,0.0000
CUDA_Tiled,CUDA,4000,4000,64,8,8,1,,75,3,0.002803,0.000000,0.00e+00,730.6188,0.0000
CUDA_WarpRow,CUDA,4000,4000,64,8,8,1,,75,1,0.003528,0.218279,0.00e+00,580.4408,61.8643
CUDA_WarpRow,CUDA,4000,4000,64,8,8,1,,75,2,0.003529,0.000000,0.00e+00,580.3598,0.0000
CUDA_WarpRow,CUDA,4000,4000,64,8,8,1,,75,3,0.003529,0.000000,0.00e+00,580.3270,0.0000
CUDA_Transposed,CUDA,4000,4000,64,8,8,1,,75,1,0.003481,0.233689,0.00e+00,588.3659,67.1361
CUDA_Transposed,CUDA,4000,4000,64,8,8,1,,75,2,0.003485,0.000000,0.00e+00,587.6023,0.0000
CUDA_Transposed,CUDA,4000,4000,64,8,8,1,,75,3,0.003485,0.000000,0.00e+00,587.6328,0.0000
CUDA_Naive,CUDA,4000,4000,128,8,8,1,,75,1,0.005057,0.428444,1.28e-08,809.9967,84.7261
CUDA_Naive,CUDA,4000,4000,128,8,8,1,,75,2,0.005057,0.000000,0.00e+00,809.9868,0.0000
CUDA_Naive,CUDA,4000,4000,128,8,8,1,,75,3,0.005056,0.000000,0.00e+00,810.0713,0.0000
CUDA_Opt2D,CUDA,4000,4000,128,8,8,1,,75,1,0.005050,0.427407,1.28e-08,811.0920,84.6353
CUDA_Opt2D,CUDA,4000,4000,128,8,8,1,,75,2,0.005053,0.000000,0.00e+00,810.6755,0.0000
CUDA_Opt2D,CUDA,4000,4000,128,8,8,1,,75,3,0.005053,0.000000,0.00e+00,810.6243,0.0000
CUDA_Tiled,CUDA,4000,4000,128,8,8,1,,75,1,0.004742,0.437501,1.28e-08,863.8306,92.2673
CUDA_Tiled,CUDA,4000,4000,128,8,8,1,,75,2,0.004732,0.000000,0.00e+00,865.5972,0.0000
CUDA_Tiled,CUDA,4000,4000,128,8,8,1,,75,3,0.004730,0.000000,0.00e+00,865.9214,0.0000
CUDA_WarpRow,CUDA,4000,4000,128,8,8,1,,75,1,0.006205,0.429723,1.28e-08,660.1586,69.2592
CUDA_WarpRow,CUDA,4000,4000,128,8,8,1,,75,2,0.006212,0.000000,0.00e+00,659.3848,0.0000
CUDA_WarpRow,CUDA,4000,4000,128,8,8,1,,75,3,0.006212,0.000000,0.00e+00,659.3501,0.0000
CUDA_Transposed,CUDA,4000,4000,128,8,8,1,,75,1,0.006590,0.433142,1.28e-08,621.5692,65.7294
CUDA_Transposed,CUDA,4000,4000,128,8,8,1,,75,2,0.006584,0.000000,0.00e+00,622.0903,0.0000
CUDA_Transposed,CUDA,4000,4000,128,8,8,1,,75,3,0.006580,0.000000,0.00e+00,622.4711,0.0000
CUDA_Naive,CUDA,2000,6000,3,8,8,1,,75,1,0.002087,0.042314,0.00e+00,34.4926,20.2713
CUDA_Naive,CUDA,2000,6000,3,8,8,1,,75,2,0.002096,0.000000,0.00e+00,34.3515,0.0000
CUDA_Naive,CUDA,2000,6000,3,8,8,1,,75,3,0.002090,0.000000,0.00e+00,34.4455,0.0000
CUDA_Opt2D,CUDA,2000,6000,3,8,8,1,,75,1,0.002096,0.041152,0.00e+00,34.3567,19.6370
CUDA_Opt2D,CUDA,2000,6000,3,8,8,1,,75,2,0.002091,0.000000,0.00e+00,34.4383,0.0000
CUDA_Opt2D,CUDA,2000,6000,3,8,8,1,,75,3,0.002097,0.000000,0.00e+00,34.3324,0.0000
CUDA_Tiled,CUDA,2000,6000,3,8,8,1,,75,1,0.003499,0.041743,0.00e+00,20.5778,11.9303
CUDA_Tiled,CUDA,2000,6000,3,8,8,1,,75,2,0.003497,0.000000,0.00e+00,20.5873,0.0000
CUDA_Tiled,CUDA,2000,6000,3,8,8,1,,75,3,0.003497,0.000000,0.00e+00,20.5875,0.0000
CUDA_WarpRow,CUDA,2000,6000,3,8,8,1,,75,1,0.002067,0.042203,0.00e+00,34.8336,20.4178
CUDA_WarpRow,CUDA,2000,6000,3,8,8,1,,75,2,0.002069,0.000000,0.00e+00,34.7991,0.0000
CUDA_WarpRow,CUDA,2000,6000,3,8,8,1,,75,3,0.002067,0.000000,0.00e+00,34.8324,0.0000
CUDA_Transposed,CUDA,2000,6000,3,8,8,1,,75,1,0.002675,0.042180,0.00e+00,26.9144,15.7673
CUDA_Transposed,CUDA,2000,6000,3,8,8,1,,75,2,0.002692,0.000000,0.00e+00,26.7473,0.0000
CUDA_Transposed,CUDA,2000,6000,3,8,8,1,,75,3,0.002687,0.000000,0.00e+00,26.7988,0.0000
CUDA_Naive,CUDA,2000,6000,6,8,8,1,,75,1,0.002083,0.055432,0.00e+00,69.1296,26.6113
CUDA_Naive,CUDA,2000,6000,6,8,8,1,,75,2,0.002080,0.000000,0.00e+00,69.2373,0.0000
CUDA_Naive,CUDA,2000,6000,6,8,8,1,,75,3,0.002082,0.000000,0.00e+00,69.1679,0.0000
CUDA_Opt2D,CUDA,2000,6000,6,8,8,1,,75,1,0.002078,0.054295,0.00e+00,69.2830,26.1231
CUDA_Opt2D,CUDA,2000,6000,6,8,8,1,,75,2,0.002080,0.000000,0.00e+00,69.2188,0.0000
CUDA_Opt2D,CUDA,2000,6000,6,8,8,1,,75,3,0.002080,0.000000,0.00e+00,69.2153,0.0000
CUDA_Tiled,CUDA,2000,6000,6,8,8,1,,75,1,0.003495,0.053505,0.00e+00,41.2024,15.3092
CUDA_Tiled,CUDA,2000,6000,6,8,8,1,,75,2,0.003511,0.000000,0.00e+00,41.0137,0.0000
CUDA_Tiled,CUDA,2000,6000,6,8,8,1,,75,3,0.003500,0.000000,0.00e+00,41.1375,0.0000
CUDA_WarpRow,CUDA,2000,6000,6,8,8,1,,75,1,0.002074,0.058562,0.00e+00,69.4185,28.2311
CUDA_WarpRow,CUDA,2000,6000,6,8,8,1,,75,2,0.002068,0.000000,0.00e+00,69.6359,0.0000
CUDA_WarpRow,CUDA,2000,6000,6,8,8,1,,75,3,0.002074,0.000000,0.00e+00,69.4325,0.0000
CUDA_Transposed,CUDA,2000,6000,6,8,8,1,,75,1,0.002758,0.059495,0.00e+00,52.2137,21.5726
CUDA_Transposed,CUDA,2000,6000,6,8,8,1,,75,2,0.002747,0.000000,0.00e+00,52.4224,0.0000
CUDA_Transposed,CUDA,2000,6000,6,8,8,1,,75,3,0.002752,0.000000,0.00e+00,52.3295,0.0000
CUDA_Naive,CUDA,2000,6000,8,8,8,1,,75,1,0.002075,0.042012,0.00e+00,92.5373,20.2482
CUDA_Naive,CUDA,2000,6000,8,8,8,1,,75,2,0.002071,0.000000,0.00e+00,92.7109,0.0000
CUDA_Naive,CUDA,2000,6000,8,8,8,1,,75,3,0.002070,0.000000,0.00e+00,92.7458,0.0000
CUDA_Opt2D,CUDA,2000,6000,8,8,8,1,,75,1,0.002075,0.042071,0.00e+00,92.5362,20.2763
CUDA_Opt2D,CUDA,2000,6000,8,8,8,1,,75,2,0.002062,0.000000,0.00e+00,93.1038,0.0000
CUDA_Opt2D,CUDA,2000,6000,8,8,8,1,,75,3,0.002076,0.000000,0.00e+00,92.4783,0.0000
CUDA_Tiled,CUDA,2000,6000,8,8,8,1,,75,1,0.003492,0.041247,0.00e+00,54.9768,11.8105
CUDA_Tiled,CUDA,2000,6000,8,8,8,1,,75,2,0.003493,0.000000,0.00e+00,54.9607,0.0000
CUDA_Tiled,CUDA,2000,6000,8,8,8,1,,75,3,0.003503,0.000000,0.00e+00,54.8158,0.0000
CUDA_WarpRow,CUDA,2000,6000,8,8,8,1,,75,1,0.002071,0.041888,0.00e+00,92.7184,20.2282
CUDA_WarpRow,CUDA,2000,6000,8,8,8,1,,75,2,0.002067,0.000000,0.00e+00,92.8995,0.0000
CUDA_WarpRow,CUDA,2000,6000,8,8,8,1,,75,3,0.002070,0.000000,0.00e+00,92.7369,0.0000
CUDA_Transposed,CUDA,2000,6000,8,8,8,1,,75,1,0.002771,0.041433,0.00e+00,69.2881,14.9521
CUDA_Transposed,CUDA,2000,6000,8,8,8,1,,75,2,0.002776,0.000000,0.00e+00,69.1696,0.0000
CUDA_Transposed,CUDA,2000,6000,8,8,8,1,,75,3,0.002762,0.000000,0.00e+00,69.5255,0.0000
CUDA_Naive,CUDA,2000,6000,20,8,8,1,,75,1,0.002079,0.067213,0.00e+00,230.9171,32.3347
CUDA_Naive,CUDA,2000,6000,20,8,8,1,,75,2,0.002082,0.000000,0.00e+00,230.5986,0.0000
CUDA_Naive,CUDA,2000,6000,20,8,8,1,,75,3,0.002079,0.000000,0.00e+00,230.8741,0.0000
CUDA_Opt2D,CUDA,2000,6000,20,8,8,1,,75,1,0.002079,0.066704,0.00e+00,230.8342,32.0782
CUDA_Opt2D,CUDA,2000,6000,20,8,8,1,,75,2,0.002081,0.000000,0.00e+00,230.6882,0.0000
CUDA_Opt2D,CUDA,2000,6000,20,8,8,1,,75,3,0.002075,0.000000,0.00e+00,231.3612,0.0000
CUDA_Tiled,CUDA,2000,6000,20,8,8,1,,75,1,0.003524,0.066948,0.00e+00,136.2067,18.9974
CUDA_Tiled,CUDA,2000,6000,20,8,8,1,,75,2,0.003521,0.000000,0.00e+00,136.3143,0.0000
CUDA_Tiled,CUDA,2000,6000,20,8,8,1,,75,3,0.003518,0.000000,0.00e+00,136.4330,0.0000
CUDA_WarpRow,CUDA,2000,6000,20,8,8,1,,75,1,0.002072,0.066528,0.00e+00,231.6264,32.1035
CUDA_WarpRow,CUDA,2000,6000,20,8,8,1,,75,2,0.002072,0.000000,0.00e+00,231.6176,0.0000
CUDA_WarpRow,CUDA,2000,6000,20,8,8,1,,75,3,0.002072,0.000000,0.00e+00,231.6174,0.0000
CUDA_Transposed,CUDA,2000,6000,20,8,8,1,,75,1,0.003356,0.068449,0.00e+00,143.0086,20.3933
CUDA_Transposed,CUDA,2000,6000,20,8,8,1,,75,2,0.003355,0.000000,0.00e+00,143.0580,0.0000
CUDA_Transposed,CUDA,2000,6000,20,8,8,1,,75,3,0.003364,0.000000,0.00e+00,142.6963,0.0000
CUDA_Naive,CUDA,2000,6000,32,8,8,1,,75,1,0.002072,0.093145,0.00e+00,370.6746,44.9566
CUDA_Naive,CUDA,2000,6000,32,8,8,1,,75,2,0.002080,0.000000,0.00e+00,369.2300,0.0000
CUDA_Naive,CUDA,2000,6000,32,8,8,1,,75,3,0.002076,0.000000,0.00e+00,369.8903,0.0000
CUDA_Opt2D,CUDA,2000,6000,32,8,8,1,,75,1,0.002075,0.092805,0.00e+00,370.0351,44.7150
CUDA_Opt2D,CUDA,2000,6000,32,8,8,1,,75,2,0.002067,0.000000,0.00e+00,371.5498,0.0000
CUDA_Opt2D,CUDA,2000,6000,32,8,8,1,,75,3,0.002081,0.000000,0.00e+00,369.0387,0.0000
CUDA_Tiled,CUDA,2000,6000,32,8,8,1,,75,1,0.003541,0.093486,0.00e+00,216.9164,26.4045
CUDA_Tiled,CUDA,2000,6000,32,8,8,1,,75,2,0.003517,0.000000,0.00e+00,218.3847,0.0000
CUDA_Tiled,CUDA,2000,6000,32,8,8,1,,75,3,0.003526,0.000000,0.00e+00,217.8404,0.0000
CUDA_WarpRow,CUDA,2000,6000,32,8,8,1,,75,1,0.002063,0.099663,0.00e+00,372.2823,48.3111
CUDA_WarpRow,CUDA,2000,6000,32,8,8,1,,75,2,0.002072,0.000000,0.00e+00,370.6947,0.0000
CUDA_WarpRow,CUDA,2000,6000,32,8,8,1,,75,3,0.002072,0.000000,0.00e+00,370.7009,0.0000
CUDA_Transposed,CUDA,2000,6000,32,8,8,1,,75,1,0.004748,0.103396,0.00e+00,161.7444,21.7756
CUDA_Transposed,CUDA,2000,6000,32,8,8,1,,75,2,0.004747,0.000000,0.00e+00,161.7728,0.0000
CUDA_Transposed,CUDA,2000,6000,32,8,8,1,,75,3,0.004754,0.000000,0.00e+00,161.5387,0.0000
CUDA_Naive,CUDA,2000,6000,64,8,8,1,,75,1,0.002808,0.191280,1.21e-08,547.1043,68.1318
CUDA_Naive,CUDA,2000,6000,64,8,8,1,,75,2,0.002801,0.000000,0.00e+00,548.3176,0.0000
CUDA_Naive,CUDA,2000,6000,64,8,8,1,,75,3,0.002808,0.000000,0.00e+00,547.0093,0.0000
CUDA_Opt2D,CUDA,2000,6000,64,8,8,1,,75,1,0.002809,0.189477,1.21e-08,546.7732,67.4484
CUDA_Opt2D,CUDA,2000,6000,64,8,8,1,,75,2,0.002809,0.000000,0.00e+00,546.7860,0.0000
CUDA_Opt2D,CUDA,2000,6000,64,8,8,1,,75,3,0.002808,0.000000,0.00e+00,546.9999,0.0000
CUDA_Tiled,CUDA,2000,6000,64,8,8,1,,75,1,0.003505,0.173088,1.21e-08,438.2497,49.3852
CUDA_Tiled,CUDA,2000,6000,64,8,8,1,,75,2,0.003507,0.000000,0.00e+00,438.0392,0.0000
CUDA_Tiled,CUDA,2000,6000,64,8,8,1,,75,3,0.003522,0.000000,0.00e+00,436.1346,0.0000
CUDA_WarpRow,CUDA,2000,6000,64,8,8,1,,75,1,0.003356,0.179585,1.21e-08,457.7224,53.5157
CUDA_WarpRow,CUDA,2000,6000,64,8,8,1,,75,2,0.003364,0.000000,0.00e+00,456.5347,0.0000
CUDA_WarpRow,CUDA,2000,6000,64,8,8,1,,75,3,0.003357,0.000000,0.00e+00,457.5270,0.0000
CUDA_Transposed,CUDA,2000,6000,64,8,8,1,,75,1,0.004714,0.192266,1.21e-08,325.8440,40.7869
CUDA_Transposed,CUDA,2000,6000,64,8,8,1,,75,2,0.004715,0.000000,0.00e+00,325.7681,0.0000
CUDA_Transposed,CUDA,2000,6000,64,8,8,1,,75,3,0.004719,0.000000,0.00e+00,325.5001,0.0000
CUDA_Naive,CUDA,2000,6000,128,8,8,1,,75,1,0.004065,0.319310,2.09e-08,755.7239,78.5516
CUDA_Naive,CUDA,2000,6000,128,8,8,1,,75,2,0.004064,0.000000,0.00e+00,755.9441,0.0000
CUDA_Naive,CUDA,2000,6000,128,8,8,1,,75,3,0.004062,0.000000,0.00e+00,756.1944,0.0000
CUDA_Opt2D,CUDA,2000,6000,128,8,8,1,,75,1,0.004062,0.367956,2.09e-08,756.3474,90.5933
CUDA_Opt2D,CUDA,2000,6000,128,8,8,1,,75,2,0.004069,0.000000,0.00e+00,755.0234,0.0000
CUDA_Opt2D,CUDA,2000,6000,128,8,8,1,,75,3,0.004064,0.000000,0.00e+00,755.9654,0.0000
CUDA_Tiled,CUDA,2000,6000,128,8,8,1,,75,1,0.003826,0.334561,2.09e-08,802.9458,87.4461
CUDA_Tiled,CUDA,2000,6000,128,8,8,1,,75,2,0.003826,0.000000,0.00e+00,802.9393,0.0000
CUDA_Tiled,CUDA,2000,6000,128,8,8,1,,75,3,0.003818,0.000000,0.00e+00,804.7095,0.0000
CUDA_WarpRow,CUDA,2000,6000,128,8,8,1,,75,1,0.005943,0.358277,2.09e-08,516.8930,60.2835
CUDA_WarpRow,CUDA,2000,6000,128,8,8,1,,75,2,0.005933,0.000000,0.00e+00,517.8043,0.0000
CUDA_WarpRow,CUDA,2000,6000,128,8,8,1,,75,3,0.005930,0.000000,0.00e+00,518.0284,0.0000
CUDA_Transposed,CUDA,2000,6000,128,8,8,1,,75,1,0.004936,0.362765,2.09e-08,622.4066,73.4985
CUDA_Transposed,CUDA,2000,6000,128,8,8,1,,75,2,0.004945,0.000000,0.00e+00,621.1773,0.0000
CUDA_Transposed,CUDA,2000,6000,128,8,8,1,,75,3,0.004933,0.000000,0.00e+00,622.7603,0.0000
